<annotation>
  <folder>LP</folder>
  <filename>000433508_P_T05</filename>
  <path>D:\ALBA\2.SAT_LPR_DATA\T05_not_done\LP\000433508_P_T05.jpg</path>
  <source>
    <database>Unknown</database>
  </source>
  <size>
    <width>233</width>
    <height>120</height>
    <depth>1</depth>
  </size>
  <segmented>0</segmented>
  <object>
    <name>0</name>
    <pose>Unspecified</pose>
    <truncated>0</truncated>
    <difficult>0</difficult>
    <bndbox>
      <xmin>16</xmin>
      <ymin>39</ymin>
      <xmax>41</xmax>
      <ymax>90</ymax>
    </bndbox>
  </object>
  <object>
    <name>7</name>
    <pose>Unspecified</pose>
    <truncated>0</truncated>
    <difficult>0</difficult>
    <bndbox>
      <xmin>42</xmin>
      <ymin>39</ymin>
      <xmax>68</xmax>
      <ymax>92</ymax>
    </bndbox>
  </object>
  <object>
    <name>&#44256;</name>
    <pose>Unspecified</pose>
    <truncated>0</truncated>
    <difficult>0</difficult>
    <bndbox>
      <xmin>72</xmin>
      <ymin>49</ymin>
      <xmax>100</xmax>
      <ymax>92</ymax>
    </bndbox>
  </object>
  <object>
    <name>8</name>
    <pose>Unspecified</pose>
    <truncated>0</truncated>
    <difficult>0</difficult>
    <bndbox>
      <xmin>104</xmin>
      <ymin>39</ymin>
      <xmax>131</xmax>
      <ymax>91</ymax>
    </bndbox>
  </object>
  <object>
    <name>8</name>
    <pose>Unspecified</pose>
    <truncated>0</truncated>
    <difficult>0</difficult>
    <bndbox>
      <xmin>133</xmin>
      <ymin>39</ymin>
      <xmax>160</xmax>
      <ymax>91</ymax>
    </bndbox>
  </object>
  <object>
    <name>8</name>
    <pose>Unspecified</pose>
    <truncated>0</truncated>
    <difficult>0</difficult>
    <bndbox>
      <xmin>161</xmin>
      <ymin>38</ymin>
      <xmax>188</xmax>
      <ymax>92</ymax>
    </bndbox>
  </object>
  <object>
    <name>6</name>
    <pose>Unspecified</pose>
    <truncated>0</truncated>
    <difficult>0</difficult>
    <bndbox>
      <xmin>191</xmin>
      <ymin>39</ymin>
      <xmax>219</xmax>
      <ymax>92</ymax>
    </bndbox>
  </object>
</annotation>
