<annotation>
  <folder>LP</folder>
  <filename>000709_P_T18</filename>
  <path>D:\2.SAT_LPR_DATA\T18_not_done\LP\000709_P_T18.jpg</path>
  <source>
    <database>Unknown</database>
  </source>
  <size>
    <width>273</width>
    <height>150</height>
    <depth>1</depth>
  </size>
  <segmented>0</segmented>
  <object>
    <name>&#49436;&#50872;_O</name>
    <pose>Unspecified</pose>
    <truncated>0</truncated>
    <difficult>0</difficult>
    <bndbox>
      <xmin>75</xmin>
      <ymin>24</ymin>
      <xmax>140</xmax>
      <ymax>58</ymax>
    </bndbox>
  </object>
  <object>
    <name>1</name>
    <pose>Unspecified</pose>
    <truncated>0</truncated>
    <difficult>0</difficult>
    <bndbox>
      <xmin>150</xmin>
      <ymin>25</ymin>
      <xmax>176</xmax>
      <ymax>56</ymax>
    </bndbox>
  </object>
  <object>
    <name>&#55120;</name>
    <pose>Unspecified</pose>
    <truncated>0</truncated>
    <difficult>0</difficult>
    <bndbox>
      <xmin>31</xmin>
      <ymin>72</ymin>
      <xmax>71</xmax>
      <ymax>105</ymax>
    </bndbox>
  </object>
  <object>
    <name>4</name>
    <pose>Unspecified</pose>
    <truncated>0</truncated>
    <difficult>0</difficult>
    <bndbox>
      <xmin>81</xmin>
      <ymin>62</ymin>
      <xmax>115</xmax>
      <ymax>120</ymax>
    </bndbox>
  </object>
  <object>
    <name>0</name>
    <pose>Unspecified</pose>
    <truncated>0</truncated>
    <difficult>0</difficult>
    <bndbox>
      <xmin>119</xmin>
      <ymin>62</ymin>
      <xmax>154</xmax>
      <ymax>120</ymax>
    </bndbox>
  </object>
  <object>
    <name>9</name>
    <pose>Unspecified</pose>
    <truncated>0</truncated>
    <difficult>0</difficult>
    <bndbox>
      <xmin>160</xmin>
      <ymin>64</ymin>
      <xmax>195</xmax>
      <ymax>122</ymax>
    </bndbox>
  </object>
  <object>
    <name>2</name>
    <pose>Unspecified</pose>
    <truncated>0</truncated>
    <difficult>0</difficult>
    <bndbox>
      <xmin>202</xmin>
      <ymin>63</ymin>
      <xmax>237</xmax>
      <ymax>126</ymax>
    </bndbox>
  </object>
</annotation>
