<annotation>
  <folder>LP</folder>
  <filename>001113674_P_T05</filename>
  <path>D:\SAT_LPR_DATA_2\T05_not_done\LP\001113674_P_T05.jpg</path>
  <source>
    <database>Unknown</database>
  </source>
  <size>
    <width>184</width>
    <height>107</height>
    <depth>1</depth>
  </size>
  <segmented>0</segmented>
  <object>
    <name>9</name>
    <pose>Unspecified</pose>
    <truncated>0</truncated>
    <difficult>0</difficult>
    <bndbox>
      <xmin>13</xmin>
      <ymin>33</ymin>
      <xmax>32</xmax>
      <ymax>74</ymax>
    </bndbox>
  </object>
  <object>
    <name>1</name>
    <pose>Unspecified</pose>
    <truncated>0</truncated>
    <difficult>0</difficult>
    <bndbox>
      <xmin>35</xmin>
      <ymin>37</ymin>
      <xmax>58</xmax>
      <ymax>75</ymax>
    </bndbox>
  </object>
  <object>
    <name>&#45572;</name>
    <pose>Unspecified</pose>
    <truncated>0</truncated>
    <difficult>0</difficult>
    <bndbox>
      <xmin>58</xmin>
      <ymin>44</ymin>
      <xmax>78</xmax>
      <ymax>78</ymax>
    </bndbox>
  </object>
  <object>
    <name>4</name>
    <pose>Unspecified</pose>
    <truncated>0</truncated>
    <difficult>0</difficult>
    <bndbox>
      <xmin>80</xmin>
      <ymin>39</ymin>
      <xmax>101</xmax>
      <ymax>81</ymax>
    </bndbox>
  </object>
  <object>
    <name>9</name>
    <pose>Unspecified</pose>
    <truncated>0</truncated>
    <difficult>0</difficult>
    <bndbox>
      <xmin>104</xmin>
      <ymin>40</ymin>
      <xmax>124</xmax>
      <ymax>82</ymax>
    </bndbox>
  </object>
  <object>
    <name>7</name>
    <pose>Unspecified</pose>
    <truncated>0</truncated>
    <difficult>0</difficult>
    <bndbox>
      <xmin>126</xmin>
      <ymin>43</ymin>
      <xmax>147</xmax>
      <ymax>83</ymax>
    </bndbox>
  </object>
  <object>
    <name>3</name>
    <pose>Unspecified</pose>
    <truncated>0</truncated>
    <difficult>0</difficult>
    <bndbox>
      <xmin>149</xmin>
      <ymin>45</ymin>
      <xmax>169</xmax>
      <ymax>86</ymax>
    </bndbox>
  </object>
</annotation>
