<annotation>
  <folder>LP</folder>
  <filename>001556274_P_T17</filename>
  <path>D:\SAT_LPR_DATA_2\T17_not_done\LP\001556274_P_T17.jpg</path>
  <source>
    <database>Unknown</database>
  </source>
  <size>
    <width>179</width>
    <height>93</height>
    <depth>1</depth>
  </size>
  <segmented>0</segmented>
  <object>
    <name>0</name>
    <pose>Unspecified</pose>
    <truncated>0</truncated>
    <difficult>0</difficult>
    <bndbox>
      <xmin>48</xmin>
      <ymin>8</ymin>
      <xmax>72</xmax>
      <ymax>29</ymax>
    </bndbox>
  </object>
  <object>
    <name>6</name>
    <pose>Unspecified</pose>
    <truncated>0</truncated>
    <difficult>0</difficult>
    <bndbox>
      <xmin>75</xmin>
      <ymin>8</ymin>
      <xmax>100</xmax>
      <ymax>30</ymax>
    </bndbox>
  </object>
  <object>
    <name>&#51452;</name>
    <pose>Unspecified</pose>
    <truncated>0</truncated>
    <difficult>0</difficult>
    <bndbox>
      <xmin>104</xmin>
      <ymin>9</ymin>
      <xmax>126</xmax>
      <ymax>30</ymax>
    </bndbox>
  </object>
  <object>
    <name>1</name>
    <pose>Unspecified</pose>
    <truncated>0</truncated>
    <difficult>0</difficult>
    <bndbox>
      <xmin>16</xmin>
      <ymin>34</ymin>
      <xmax>44</xmax>
      <ymax>82</ymax>
    </bndbox>
  </object>
  <object>
    <name>7</name>
    <pose>Unspecified</pose>
    <truncated>0</truncated>
    <difficult>0</difficult>
    <bndbox>
      <xmin>52</xmin>
      <ymin>34</ymin>
      <xmax>86</xmax>
      <ymax>83</ymax>
    </bndbox>
  </object>
  <object>
    <name>2</name>
    <pose>Unspecified</pose>
    <truncated>0</truncated>
    <difficult>0</difficult>
    <bndbox>
      <xmin>92</xmin>
      <ymin>34</ymin>
      <xmax>127</xmax>
      <ymax>84</ymax>
    </bndbox>
  </object>
  <object>
    <name>1</name>
    <pose>Unspecified</pose>
    <truncated>0</truncated>
    <difficult>0</difficult>
    <bndbox>
      <xmin>134</xmin>
      <ymin>36</ymin>
      <xmax>163</xmax>
      <ymax>84</ymax>
    </bndbox>
  </object>
</annotation>
