<annotation>
  <folder>LP</folder>
  <filename>001523324_P_T05</filename>
  <path>D:\SAT_LPR_DATA_2\T05_not_done\LP\001523324_P_T05.jpg</path>
  <source>
    <database>Unknown</database>
  </source>
  <size>
    <width>178</width>
    <height>107</height>
    <depth>1</depth>
  </size>
  <segmented>0</segmented>
  <object>
    <name>9</name>
    <pose>Unspecified</pose>
    <truncated>0</truncated>
    <difficult>0</difficult>
    <bndbox>
      <xmin>9</xmin>
      <ymin>37</ymin>
      <xmax>29</xmax>
      <ymax>76</ymax>
    </bndbox>
  </object>
  <object>
    <name>1</name>
    <pose>Unspecified</pose>
    <truncated>0</truncated>
    <difficult>0</difficult>
    <bndbox>
      <xmin>33</xmin>
      <ymin>40</ymin>
      <xmax>54</xmax>
      <ymax>79</ymax>
    </bndbox>
  </object>
  <object>
    <name>&#45572;</name>
    <pose>Unspecified</pose>
    <truncated>0</truncated>
    <difficult>0</difficult>
    <bndbox>
      <xmin>54</xmin>
      <ymin>47</ymin>
      <xmax>73</xmax>
      <ymax>81</ymax>
    </bndbox>
  </object>
  <object>
    <name>4</name>
    <pose>Unspecified</pose>
    <truncated>0</truncated>
    <difficult>0</difficult>
    <bndbox>
      <xmin>76</xmin>
      <ymin>42</ymin>
      <xmax>98</xmax>
      <ymax>83</ymax>
    </bndbox>
  </object>
  <object>
    <name>9</name>
    <pose>Unspecified</pose>
    <truncated>0</truncated>
    <difficult>0</difficult>
    <bndbox>
      <xmin>100</xmin>
      <ymin>43</ymin>
      <xmax>120</xmax>
      <ymax>84</ymax>
    </bndbox>
  </object>
  <object>
    <name>7</name>
    <pose>Unspecified</pose>
    <truncated>0</truncated>
    <difficult>0</difficult>
    <bndbox>
      <xmin>122</xmin>
      <ymin>45</ymin>
      <xmax>142</xmax>
      <ymax>86</ymax>
    </bndbox>
  </object>
  <object>
    <name>3</name>
    <pose>Unspecified</pose>
    <truncated>0</truncated>
    <difficult>0</difficult>
    <bndbox>
      <xmin>145</xmin>
      <ymin>47</ymin>
      <xmax>165</xmax>
      <ymax>88</ymax>
    </bndbox>
  </object>
</annotation>
