<annotation>
  <folder>LP</folder>
  <filename>002658671_P_T05</filename>
  <path>D:\SAT_LPR_DATA_2\T05_not_done\LP\002658671_P_T05.jpg</path>
  <source>
    <database>Unknown</database>
  </source>
  <size>
    <width>196</width>
    <height>105</height>
    <depth>1</depth>
  </size>
  <segmented>0</segmented>
  <object>
    <name>8</name>
    <pose>Unspecified</pose>
    <truncated>0</truncated>
    <difficult>0</difficult>
    <bndbox>
      <xmin>10</xmin>
      <ymin>33</ymin>
      <xmax>33</xmax>
      <ymax>78</ymax>
    </bndbox>
  </object>
  <object>
    <name>2</name>
    <pose>Unspecified</pose>
    <truncated>0</truncated>
    <difficult>0</difficult>
    <bndbox>
      <xmin>35</xmin>
      <ymin>34</ymin>
      <xmax>56</xmax>
      <ymax>79</ymax>
    </bndbox>
  </object>
  <object>
    <name>&#49688;</name>
    <pose>Unspecified</pose>
    <truncated>0</truncated>
    <difficult>0</difficult>
    <bndbox>
      <xmin>59</xmin>
      <ymin>44</ymin>
      <xmax>82</xmax>
      <ymax>81</ymax>
    </bndbox>
  </object>
  <object>
    <name>7</name>
    <pose>Unspecified</pose>
    <truncated>0</truncated>
    <difficult>0</difficult>
    <bndbox>
      <xmin>86</xmin>
      <ymin>36</ymin>
      <xmax>109</xmax>
      <ymax>81</ymax>
    </bndbox>
  </object>
  <object>
    <name>2</name>
    <pose>Unspecified</pose>
    <truncated>0</truncated>
    <difficult>0</difficult>
    <bndbox>
      <xmin>112</xmin>
      <ymin>37</ymin>
      <xmax>134</xmax>
      <ymax>83</ymax>
    </bndbox>
  </object>
  <object>
    <name>1</name>
    <pose>Unspecified</pose>
    <truncated>0</truncated>
    <difficult>0</difficult>
    <bndbox>
      <xmin>138</xmin>
      <ymin>40</ymin>
      <xmax>160</xmax>
      <ymax>84</ymax>
    </bndbox>
  </object>
  <object>
    <name>9</name>
    <pose>Unspecified</pose>
    <truncated>0</truncated>
    <difficult>0</difficult>
    <bndbox>
      <xmin>162</xmin>
      <ymin>39</ymin>
      <xmax>186</xmax>
      <ymax>84</ymax>
    </bndbox>
  </object>
</annotation>
