<annotation>
  <folder>LP</folder>
  <filename>002838166_P_T05</filename>
  <path>D:\SAT_LPR_DATA_2\T05_not_done\LP\002838166_P_T05.jpg</path>
  <source>
    <database>Unknown</database>
  </source>
  <size>
    <width>236</width>
    <height>136</height>
    <depth>1</depth>
  </size>
  <segmented>0</segmented>
  <object>
    <name>8</name>
    <pose>Unspecified</pose>
    <truncated>0</truncated>
    <difficult>0</difficult>
    <bndbox>
      <xmin>18</xmin>
      <ymin>43</ymin>
      <xmax>45</xmax>
      <ymax>95</ymax>
    </bndbox>
  </object>
  <object>
    <name>1</name>
    <pose>Unspecified</pose>
    <truncated>0</truncated>
    <difficult>0</difficult>
    <bndbox>
      <xmin>49</xmin>
      <ymin>43</ymin>
      <xmax>75</xmax>
      <ymax>94</ymax>
    </bndbox>
  </object>
  <object>
    <name>&#44032;</name>
    <pose>Unspecified</pose>
    <truncated>0</truncated>
    <difficult>0</difficult>
    <bndbox>
      <xmin>77</xmin>
      <ymin>53</ymin>
      <xmax>102</xmax>
      <ymax>94</ymax>
    </bndbox>
  </object>
  <object>
    <name>8</name>
    <pose>Unspecified</pose>
    <truncated>0</truncated>
    <difficult>0</difficult>
    <bndbox>
      <xmin>108</xmin>
      <ymin>42</ymin>
      <xmax>134</xmax>
      <ymax>95</ymax>
    </bndbox>
  </object>
  <object>
    <name>2</name>
    <pose>Unspecified</pose>
    <truncated>0</truncated>
    <difficult>0</difficult>
    <bndbox>
      <xmin>137</xmin>
      <ymin>41</ymin>
      <xmax>163</xmax>
      <ymax>94</ymax>
    </bndbox>
  </object>
  <object>
    <name>6</name>
    <pose>Unspecified</pose>
    <truncated>0</truncated>
    <difficult>0</difficult>
    <bndbox>
      <xmin>167</xmin>
      <ymin>43</ymin>
      <xmax>194</xmax>
      <ymax>95</ymax>
    </bndbox>
  </object>
  <object>
    <name>8</name>
    <pose>Unspecified</pose>
    <truncated>0</truncated>
    <difficult>0</difficult>
    <bndbox>
      <xmin>196</xmin>
      <ymin>41</ymin>
      <xmax>223</xmax>
      <ymax>95</ymax>
    </bndbox>
  </object>
</annotation>
