<annotation>
  <folder>LP</folder>
  <filename>002902142_P_T18</filename>
  <path>D:\ALBA\2.SAT_LPR_DATA\T18_not_done\LP\002902142_P_T18.jpg</path>
  <source>
    <database>Unknown</database>
  </source>
  <size>
    <width>187</width>
    <height>102</height>
    <depth>1</depth>
  </size>
  <segmented>0</segmented>
  <object>
    <name>&#44305;&#51452;_O</name>
    <pose>Unspecified</pose>
    <truncated>0</truncated>
    <difficult>0</difficult>
    <bndbox>
      <xmin>47</xmin>
      <ymin>9</ymin>
      <xmax>92</xmax>
      <ymax>34</ymax>
    </bndbox>
  </object>
  <object>
    <name>8</name>
    <pose>Unspecified</pose>
    <truncated>0</truncated>
    <difficult>0</difficult>
    <bndbox>
      <xmin>93</xmin>
      <ymin>8</ymin>
      <xmax>114</xmax>
      <ymax>34</ymax>
    </bndbox>
  </object>
  <object>
    <name>7</name>
    <pose>Unspecified</pose>
    <truncated>0</truncated>
    <difficult>0</difficult>
    <bndbox>
      <xmin>112</xmin>
      <ymin>8</ymin>
      <xmax>132</xmax>
      <ymax>34</ymax>
    </bndbox>
  </object>
  <object>
    <name>&#46972;</name>
    <pose>Unspecified</pose>
    <truncated>0</truncated>
    <difficult>0</difficult>
    <bndbox>
      <xmin>16</xmin>
      <ymin>40</ymin>
      <xmax>50</xmax>
      <ymax>76</ymax>
    </bndbox>
  </object>
  <object>
    <name>1</name>
    <pose>Unspecified</pose>
    <truncated>0</truncated>
    <difficult>0</difficult>
    <bndbox>
      <xmin>63</xmin>
      <ymin>37</ymin>
      <xmax>80</xmax>
      <ymax>93</ymax>
    </bndbox>
  </object>
  <object>
    <name>3</name>
    <pose>Unspecified</pose>
    <truncated>0</truncated>
    <difficult>0</difficult>
    <bndbox>
      <xmin>85</xmin>
      <ymin>37</ymin>
      <xmax>117</xmax>
      <ymax>93</ymax>
    </bndbox>
  </object>
  <object>
    <name>7</name>
    <pose>Unspecified</pose>
    <truncated>0</truncated>
    <difficult>0</difficult>
    <bndbox>
      <xmin>115</xmin>
      <ymin>36</ymin>
      <xmax>144</xmax>
      <ymax>92</ymax>
    </bndbox>
  </object>
  <object>
    <name>4</name>
    <pose>Unspecified</pose>
    <truncated>0</truncated>
    <difficult>0</difficult>
    <bndbox>
      <xmin>148</xmin>
      <ymin>35</ymin>
      <xmax>177</xmax>
      <ymax>91</ymax>
    </bndbox>
  </object>
</annotation>
