<annotation>
  <folder>LP</folder>
  <filename>003455616_P_T05</filename>
  <path>D:\SAT_LPR_DATA_2\T05_not_done\LP\003455616_P_T05.jpg</path>
  <source>
    <database>Unknown</database>
  </source>
  <size>
    <width>233</width>
    <height>124</height>
    <depth>1</depth>
  </size>
  <segmented>0</segmented>
  <object>
    <name>8</name>
    <pose>Unspecified</pose>
    <truncated>0</truncated>
    <difficult>0</difficult>
    <bndbox>
      <xmin>11</xmin>
      <ymin>46</ymin>
      <xmax>39</xmax>
      <ymax>100</ymax>
    </bndbox>
  </object>
  <object>
    <name>3</name>
    <pose>Unspecified</pose>
    <truncated>0</truncated>
    <difficult>0</difficult>
    <bndbox>
      <xmin>40</xmin>
      <ymin>45</ymin>
      <xmax>67</xmax>
      <ymax>98</ymax>
    </bndbox>
  </object>
  <object>
    <name>&#47924;</name>
    <pose>Unspecified</pose>
    <truncated>0</truncated>
    <difficult>0</difficult>
    <bndbox>
      <xmin>69</xmin>
      <ymin>52</ymin>
      <xmax>95</xmax>
      <ymax>97</ymax>
    </bndbox>
  </object>
  <object>
    <name>5</name>
    <pose>Unspecified</pose>
    <truncated>0</truncated>
    <difficult>0</difficult>
    <bndbox>
      <xmin>101</xmin>
      <ymin>40</ymin>
      <xmax>128</xmax>
      <ymax>94</ymax>
    </bndbox>
  </object>
  <object>
    <name>7</name>
    <pose>Unspecified</pose>
    <truncated>0</truncated>
    <difficult>0</difficult>
    <bndbox>
      <xmin>128</xmin>
      <ymin>40</ymin>
      <xmax>154</xmax>
      <ymax>93</ymax>
    </bndbox>
  </object>
  <object>
    <name>1</name>
    <pose>Unspecified</pose>
    <truncated>0</truncated>
    <difficult>0</difficult>
    <bndbox>
      <xmin>159</xmin>
      <ymin>37</ymin>
      <xmax>184</xmax>
      <ymax>91</ymax>
    </bndbox>
  </object>
  <object>
    <name>7</name>
    <pose>Unspecified</pose>
    <truncated>0</truncated>
    <difficult>0</difficult>
    <bndbox>
      <xmin>186</xmin>
      <ymin>36</ymin>
      <xmax>212</xmax>
      <ymax>89</ymax>
    </bndbox>
  </object>
</annotation>
