<annotation>
  <folder>LP</folder>
  <filename>004118233_P_T18</filename>
  <path>D:\ALBA\2.SAT_LPR_DATA\T18_not_done\LP\004118233_P_T18.jpg</path>
  <source>
    <database>Unknown</database>
  </source>
  <size>
    <width>149</width>
    <height>90</height>
    <depth>1</depth>
  </size>
  <segmented>0</segmented>
  <object>
    <name>&#51204;&#48513;_O</name>
    <pose>Unspecified</pose>
    <truncated>0</truncated>
    <difficult>0</difficult>
    <bndbox>
      <xmin>41</xmin>
      <ymin>10</ymin>
      <xmax>76</xmax>
      <ymax>29</ymax>
    </bndbox>
  </object>
  <object>
    <name>3</name>
    <pose>Unspecified</pose>
    <truncated>0</truncated>
    <difficult>0</difficult>
    <bndbox>
      <xmin>78</xmin>
      <ymin>11</ymin>
      <xmax>95</xmax>
      <ymax>33</ymax>
    </bndbox>
  </object>
  <object>
    <name>1</name>
    <pose>Unspecified</pose>
    <truncated>0</truncated>
    <difficult>0</difficult>
    <bndbox>
      <xmin>98</xmin>
      <ymin>12</ymin>
      <xmax>107</xmax>
      <ymax>35</ymax>
    </bndbox>
  </object>
  <object>
    <name>&#45908;</name>
    <pose>Unspecified</pose>
    <truncated>0</truncated>
    <difficult>0</difficult>
    <bndbox>
      <xmin>11</xmin>
      <ymin>30</ymin>
      <xmax>37</xmax>
      <ymax>62</ymax>
    </bndbox>
  </object>
  <object>
    <name>8</name>
    <pose>Unspecified</pose>
    <truncated>0</truncated>
    <difficult>0</difficult>
    <bndbox>
      <xmin>46</xmin>
      <ymin>33</ymin>
      <xmax>68</xmax>
      <ymax>78</ymax>
    </bndbox>
  </object>
  <object>
    <name>9</name>
    <pose>Unspecified</pose>
    <truncated>0</truncated>
    <difficult>0</difficult>
    <bndbox>
      <xmin>68</xmin>
      <ymin>35</ymin>
      <xmax>91</xmax>
      <ymax>79</ymax>
    </bndbox>
  </object>
  <object>
    <name>0</name>
    <pose>Unspecified</pose>
    <truncated>0</truncated>
    <difficult>0</difficult>
    <bndbox>
      <xmin>93</xmin>
      <ymin>36</ymin>
      <xmax>116</xmax>
      <ymax>80</ymax>
    </bndbox>
  </object>
  <object>
    <name>6</name>
    <pose>Unspecified</pose>
    <truncated>0</truncated>
    <difficult>0</difficult>
    <bndbox>
      <xmin>116</xmin>
      <ymin>38</ymin>
      <xmax>141</xmax>
      <ymax>82</ymax>
    </bndbox>
  </object>
</annotation>
