<annotation>
  <folder>LP</folder>
  <filename>004334574_P_T17</filename>
  <path>D:\SAT_LPR_DATA_2\T17_not_done\LP\004334574_P_T17.jpg</path>
  <source>
    <database>Unknown</database>
  </source>
  <size>
    <width>171</width>
    <height>99</height>
    <depth>1</depth>
  </size>
  <segmented>0</segmented>
  <object>
    <name>0</name>
    <pose>Unspecified</pose>
    <truncated>0</truncated>
    <difficult>0</difficult>
    <bndbox>
      <xmin>46</xmin>
      <ymin>13</ymin>
      <xmax>71</xmax>
      <ymax>34</ymax>
    </bndbox>
  </object>
  <object>
    <name>3</name>
    <pose>Unspecified</pose>
    <truncated>0</truncated>
    <difficult>0</difficult>
    <bndbox>
      <xmin>74</xmin>
      <ymin>13</ymin>
      <xmax>98</xmax>
      <ymax>34</ymax>
    </bndbox>
  </object>
  <object>
    <name>&#44256;</name>
    <pose>Unspecified</pose>
    <truncated>0</truncated>
    <difficult>0</difficult>
    <bndbox>
      <xmin>101</xmin>
      <ymin>13</ymin>
      <xmax>125</xmax>
      <ymax>33</ymax>
    </bndbox>
  </object>
  <object>
    <name>6</name>
    <pose>Unspecified</pose>
    <truncated>0</truncated>
    <difficult>0</difficult>
    <bndbox>
      <xmin>9</xmin>
      <ymin>40</ymin>
      <xmax>46</xmax>
      <ymax>89</ymax>
    </bndbox>
  </object>
  <object>
    <name>4</name>
    <pose>Unspecified</pose>
    <truncated>0</truncated>
    <difficult>0</difficult>
    <bndbox>
      <xmin>50</xmin>
      <ymin>39</ymin>
      <xmax>84</xmax>
      <ymax>89</ymax>
    </bndbox>
  </object>
  <object>
    <name>1</name>
    <pose>Unspecified</pose>
    <truncated>0</truncated>
    <difficult>0</difficult>
    <bndbox>
      <xmin>91</xmin>
      <ymin>39</ymin>
      <xmax>122</xmax>
      <ymax>88</ymax>
    </bndbox>
  </object>
  <object>
    <name>8</name>
    <pose>Unspecified</pose>
    <truncated>0</truncated>
    <difficult>0</difficult>
    <bndbox>
      <xmin>130</xmin>
      <ymin>37</ymin>
      <xmax>165</xmax>
      <ymax>90</ymax>
    </bndbox>
  </object>
</annotation>
