<annotation>
  <folder>LP</folder>
  <filename>004346420_P_T05</filename>
  <path>D:\SAT_LPR_DATA_2\T05_not_done\LP\004346420_P_T05.jpg</path>
  <source>
    <database>Unknown</database>
  </source>
  <size>
    <width>187</width>
    <height>109</height>
    <depth>1</depth>
  </size>
  <segmented>0</segmented>
  <object>
    <name>9</name>
    <pose>Unspecified</pose>
    <truncated>0</truncated>
    <difficult>0</difficult>
    <bndbox>
      <xmin>12</xmin>
      <ymin>35</ymin>
      <xmax>33</xmax>
      <ymax>77</ymax>
    </bndbox>
  </object>
  <object>
    <name>0</name>
    <pose>Unspecified</pose>
    <truncated>0</truncated>
    <difficult>0</difficult>
    <bndbox>
      <xmin>36</xmin>
      <ymin>38</ymin>
      <xmax>55</xmax>
      <ymax>80</ymax>
    </bndbox>
  </object>
  <object>
    <name>&#44256;</name>
    <pose>Unspecified</pose>
    <truncated>0</truncated>
    <difficult>0</difficult>
    <bndbox>
      <xmin>58</xmin>
      <ymin>47</ymin>
      <xmax>79</xmax>
      <ymax>83</ymax>
    </bndbox>
  </object>
  <object>
    <name>5</name>
    <pose>Unspecified</pose>
    <truncated>0</truncated>
    <difficult>0</difficult>
    <bndbox>
      <xmin>84</xmin>
      <ymin>42</ymin>
      <xmax>104</xmax>
      <ymax>84</ymax>
    </bndbox>
  </object>
  <object>
    <name>4</name>
    <pose>Unspecified</pose>
    <truncated>0</truncated>
    <difficult>0</difficult>
    <bndbox>
      <xmin>106</xmin>
      <ymin>44</ymin>
      <xmax>128</xmax>
      <ymax>87</ymax>
    </bndbox>
  </object>
  <object>
    <name>9</name>
    <pose>Unspecified</pose>
    <truncated>0</truncated>
    <difficult>0</difficult>
    <bndbox>
      <xmin>131</xmin>
      <ymin>46</ymin>
      <xmax>152</xmax>
      <ymax>88</ymax>
    </bndbox>
  </object>
  <object>
    <name>3</name>
    <pose>Unspecified</pose>
    <truncated>0</truncated>
    <difficult>0</difficult>
    <bndbox>
      <xmin>154</xmin>
      <ymin>48</ymin>
      <xmax>175</xmax>
      <ymax>91</ymax>
    </bndbox>
  </object>
</annotation>
