<annotation>
  <folder>LP</folder>
  <filename>004515918_P_T18</filename>
  <path>D:\ALBA\2.SAT_LPR_DATA\T18_not_done\LP\004515918_P_T18.jpg</path>
  <source>
    <database>Unknown</database>
  </source>
  <size>
    <width>177</width>
    <height>99</height>
    <depth>1</depth>
  </size>
  <segmented>0</segmented>
  <object>
    <name>&#52649;&#45224;_O</name>
    <pose>Unspecified</pose>
    <truncated>0</truncated>
    <difficult>0</difficult>
    <bndbox>
      <xmin>47</xmin>
      <ymin>10</ymin>
      <xmax>86</xmax>
      <ymax>33</ymax>
    </bndbox>
  </object>
  <object>
    <name>3</name>
    <pose>Unspecified</pose>
    <truncated>0</truncated>
    <difficult>0</difficult>
    <bndbox>
      <xmin>90</xmin>
      <ymin>10</ymin>
      <xmax>107</xmax>
      <ymax>33</ymax>
    </bndbox>
  </object>
  <object>
    <name>0</name>
    <pose>Unspecified</pose>
    <truncated>0</truncated>
    <difficult>0</difficult>
    <bndbox>
      <xmin>110</xmin>
      <ymin>12</ymin>
      <xmax>127</xmax>
      <ymax>33</ymax>
    </bndbox>
  </object>
  <object>
    <name>&#45908;</name>
    <pose>Unspecified</pose>
    <truncated>0</truncated>
    <difficult>0</difficult>
    <bndbox>
      <xmin>15</xmin>
      <ymin>38</ymin>
      <xmax>44</xmax>
      <ymax>70</ymax>
    </bndbox>
  </object>
  <object>
    <name>2</name>
    <pose>Unspecified</pose>
    <truncated>0</truncated>
    <difficult>0</difficult>
    <bndbox>
      <xmin>50</xmin>
      <ymin>38</ymin>
      <xmax>78</xmax>
      <ymax>88</ymax>
    </bndbox>
  </object>
  <object>
    <name>7</name>
    <pose>Unspecified</pose>
    <truncated>0</truncated>
    <difficult>0</difficult>
    <bndbox>
      <xmin>78</xmin>
      <ymin>39</ymin>
      <xmax>103</xmax>
      <ymax>87</ymax>
    </bndbox>
  </object>
  <object>
    <name>7</name>
    <pose>Unspecified</pose>
    <truncated>0</truncated>
    <difficult>0</difficult>
    <bndbox>
      <xmin>107</xmin>
      <ymin>39</ymin>
      <xmax>133</xmax>
      <ymax>89</ymax>
    </bndbox>
  </object>
  <object>
    <name>7</name>
    <pose>Unspecified</pose>
    <truncated>0</truncated>
    <difficult>0</difficult>
    <bndbox>
      <xmin>137</xmin>
      <ymin>39</ymin>
      <xmax>162</xmax>
      <ymax>90</ymax>
    </bndbox>
  </object>
</annotation>
