<annotation>
  <folder>LP</folder>
  <filename>004538472_P_T05</filename>
  <path>D:\SAT_LPR_DATA_2\T05_not_done\LP\004538472_P_T05.jpg</path>
  <source>
    <database>Unknown</database>
  </source>
  <size>
    <width>221</width>
    <height>113</height>
    <depth>1</depth>
  </size>
  <segmented>0</segmented>
  <object>
    <name>9</name>
    <pose>Unspecified</pose>
    <truncated>0</truncated>
    <difficult>0</difficult>
    <bndbox>
      <xmin>22</xmin>
      <ymin>40</ymin>
      <xmax>45</xmax>
      <ymax>91</ymax>
    </bndbox>
  </object>
  <object>
    <name>7</name>
    <pose>Unspecified</pose>
    <truncated>0</truncated>
    <difficult>0</difficult>
    <bndbox>
      <xmin>46</xmin>
      <ymin>40</ymin>
      <xmax>69</xmax>
      <ymax>91</ymax>
    </bndbox>
  </object>
  <object>
    <name>&#44256;</name>
    <pose>Unspecified</pose>
    <truncated>0</truncated>
    <difficult>0</difficult>
    <bndbox>
      <xmin>75</xmin>
      <ymin>48</ymin>
      <xmax>100</xmax>
      <ymax>89</ymax>
    </bndbox>
  </object>
  <object>
    <name>6</name>
    <pose>Unspecified</pose>
    <truncated>0</truncated>
    <difficult>0</difficult>
    <bndbox>
      <xmin>104</xmin>
      <ymin>39</ymin>
      <xmax>128</xmax>
      <ymax>90</ymax>
    </bndbox>
  </object>
  <object>
    <name>6</name>
    <pose>Unspecified</pose>
    <truncated>0</truncated>
    <difficult>0</difficult>
    <bndbox>
      <xmin>130</xmin>
      <ymin>39</ymin>
      <xmax>154</xmax>
      <ymax>90</ymax>
    </bndbox>
  </object>
  <object>
    <name>0</name>
    <pose>Unspecified</pose>
    <truncated>0</truncated>
    <difficult>0</difficult>
    <bndbox>
      <xmin>156</xmin>
      <ymin>38</ymin>
      <xmax>179</xmax>
      <ymax>91</ymax>
    </bndbox>
  </object>
  <object>
    <name>2</name>
    <pose>Unspecified</pose>
    <truncated>0</truncated>
    <difficult>0</difficult>
    <bndbox>
      <xmin>182</xmin>
      <ymin>37</ymin>
      <xmax>207</xmax>
      <ymax>91</ymax>
    </bndbox>
  </object>
</annotation>
