<annotation>
  <folder>LP</folder>
  <filename>004807756_P_T05</filename>
  <path>D:\SAT_LPR_DATA_2\T05_not_done\LP\004807756_P_T05.jpg</path>
  <source>
    <database>Unknown</database>
  </source>
  <size>
    <width>208</width>
    <height>131</height>
    <depth>1</depth>
  </size>
  <segmented>0</segmented>
  <object>
    <name>8</name>
    <pose>Unspecified</pose>
    <truncated>0</truncated>
    <difficult>0</difficult>
    <bndbox>
      <xmin>17</xmin>
      <ymin>42</ymin>
      <xmax>39</xmax>
      <ymax>94</ymax>
    </bndbox>
  </object>
  <object>
    <name>5</name>
    <pose>Unspecified</pose>
    <truncated>0</truncated>
    <difficult>0</difficult>
    <bndbox>
      <xmin>42</xmin>
      <ymin>44</ymin>
      <xmax>63</xmax>
      <ymax>94</ymax>
    </bndbox>
  </object>
  <object>
    <name>&#44032;</name>
    <pose>Unspecified</pose>
    <truncated>0</truncated>
    <difficult>0</difficult>
    <bndbox>
      <xmin>64</xmin>
      <ymin>55</ymin>
      <xmax>88</xmax>
      <ymax>96</ymax>
    </bndbox>
  </object>
  <object>
    <name>7</name>
    <pose>Unspecified</pose>
    <truncated>0</truncated>
    <difficult>0</difficult>
    <bndbox>
      <xmin>90</xmin>
      <ymin>46</ymin>
      <xmax>113</xmax>
      <ymax>98</ymax>
    </bndbox>
  </object>
  <object>
    <name>0</name>
    <pose>Unspecified</pose>
    <truncated>0</truncated>
    <difficult>0</difficult>
    <bndbox>
      <xmin>117</xmin>
      <ymin>47</ymin>
      <xmax>140</xmax>
      <ymax>99</ymax>
    </bndbox>
  </object>
  <object>
    <name>1</name>
    <pose>Unspecified</pose>
    <truncated>0</truncated>
    <difficult>0</difficult>
    <bndbox>
      <xmin>143</xmin>
      <ymin>49</ymin>
      <xmax>166</xmax>
      <ymax>100</ymax>
    </bndbox>
  </object>
  <object>
    <name>6</name>
    <pose>Unspecified</pose>
    <truncated>0</truncated>
    <difficult>0</difficult>
    <bndbox>
      <xmin>169</xmin>
      <ymin>50</ymin>
      <xmax>193</xmax>
      <ymax>103</ymax>
    </bndbox>
  </object>
</annotation>
