<annotation>
  <folder>LP</folder>
  <filename>005140995_P_T02</filename>
  <path>C:\Users\sat\Desktop\T02_not done\LP\005140995_P_T02.jpg</path>
  <source>
    <database>Unknown</database>
  </source>
  <size>
    <width>333</width>
    <height>65</height>
    <depth>1</depth>
  </size>
  <segmented>0</segmented>
  <object>
    <name>6</name>
    <pose>Unspecified</pose>
    <truncated>0</truncated>
    <difficult>0</difficult>
    <bndbox>
      <xmin>30</xmin>
      <ymin>7</ymin>
      <xmax>62</xmax>
      <ymax>60</ymax>
    </bndbox>
  </object>
  <object>
    <name>4</name>
    <pose>Unspecified</pose>
    <truncated>0</truncated>
    <difficult>0</difficult>
    <bndbox>
      <xmin>64</xmin>
      <ymin>8</ymin>
      <xmax>97</xmax>
      <ymax>58</ymax>
    </bndbox>
  </object>
  <object>
    <name>&#45796;</name>
    <pose>Unspecified</pose>
    <truncated>0</truncated>
    <difficult>0</difficult>
    <bndbox>
      <xmin>97</xmin>
      <ymin>11</ymin>
      <xmax>129</xmax>
      <ymax>58</ymax>
    </bndbox>
  </object>
  <object>
    <name>0</name>
    <pose>Unspecified</pose>
    <truncated>0</truncated>
    <difficult>0</difficult>
    <bndbox>
      <xmin>160</xmin>
      <ymin>6</ymin>
      <xmax>189</xmax>
      <ymax>60</ymax>
    </bndbox>
  </object>
  <object>
    <name>2</name>
    <pose>Unspecified</pose>
    <truncated>0</truncated>
    <difficult>0</difficult>
    <bndbox>
      <xmin>195</xmin>
      <ymin>7</ymin>
      <xmax>225</xmax>
      <ymax>59</ymax>
    </bndbox>
  </object>
  <object>
    <name>7</name>
    <pose>Unspecified</pose>
    <truncated>0</truncated>
    <difficult>0</difficult>
    <bndbox>
      <xmin>229</xmin>
      <ymin>7</ymin>
      <xmax>260</xmax>
      <ymax>58</ymax>
    </bndbox>
  </object>
  <object>
    <name>7</name>
    <pose>Unspecified</pose>
    <truncated>0</truncated>
    <difficult>0</difficult>
    <bndbox>
      <xmin>267</xmin>
      <ymin>7</ymin>
      <xmax>297</xmax>
      <ymax>57</ymax>
    </bndbox>
  </object>
</annotation>
