<annotation>
  <folder>LP</folder>
  <filename>005831505_P_T05</filename>
  <path>D:\SAT_LPR_DATA_2\T05_not_done\LP\005831505_P_T05.jpg</path>
  <source>
    <database>Unknown</database>
  </source>
  <size>
    <width>238</width>
    <height>123</height>
    <depth>1</depth>
  </size>
  <segmented>0</segmented>
  <object>
    <name>8</name>
    <pose>Unspecified</pose>
    <truncated>0</truncated>
    <difficult>0</difficult>
    <bndbox>
      <xmin>18</xmin>
      <ymin>41</ymin>
      <xmax>43</xmax>
      <ymax>93</ymax>
    </bndbox>
  </object>
  <object>
    <name>5</name>
    <pose>Unspecified</pose>
    <truncated>0</truncated>
    <difficult>0</difficult>
    <bndbox>
      <xmin>48</xmin>
      <ymin>41</ymin>
      <xmax>72</xmax>
      <ymax>93</ymax>
    </bndbox>
  </object>
  <object>
    <name>&#51200;</name>
    <pose>Unspecified</pose>
    <truncated>0</truncated>
    <difficult>0</difficult>
    <bndbox>
      <xmin>75</xmin>
      <ymin>50</ymin>
      <xmax>101</xmax>
      <ymax>91</ymax>
    </bndbox>
  </object>
  <object>
    <name>3</name>
    <pose>Unspecified</pose>
    <truncated>0</truncated>
    <difficult>0</difficult>
    <bndbox>
      <xmin>106</xmin>
      <ymin>42</ymin>
      <xmax>131</xmax>
      <ymax>93</ymax>
    </bndbox>
  </object>
  <object>
    <name>2</name>
    <pose>Unspecified</pose>
    <truncated>0</truncated>
    <difficult>0</difficult>
    <bndbox>
      <xmin>135</xmin>
      <ymin>42</ymin>
      <xmax>161</xmax>
      <ymax>93</ymax>
    </bndbox>
  </object>
  <object>
    <name>5</name>
    <pose>Unspecified</pose>
    <truncated>0</truncated>
    <difficult>0</difficult>
    <bndbox>
      <xmin>166</xmin>
      <ymin>42</ymin>
      <xmax>190</xmax>
      <ymax>93</ymax>
    </bndbox>
  </object>
  <object>
    <name>6</name>
    <pose>Unspecified</pose>
    <truncated>0</truncated>
    <difficult>0</difficult>
    <bndbox>
      <xmin>194</xmin>
      <ymin>41</ymin>
      <xmax>220</xmax>
      <ymax>94</ymax>
    </bndbox>
  </object>
</annotation>
