<annotation>
  <folder>LP</folder>
  <filename>010242792_P_T04</filename>
  <path>D:\ALBA\SAT_LPR_DATA_2\T04_not_done\LP\010242792_P_T04.jpg</path>
  <source>
    <database>Unknown</database>
  </source>
  <size>
    <width>227</width>
    <height>69</height>
    <depth>1</depth>
  </size>
  <segmented>0</segmented>
  <object>
    <name>&#50872;&#49328;_V</name>
    <pose>Unspecified</pose>
    <truncated>0</truncated>
    <difficult>0</difficult>
    <bndbox>
      <xmin>15</xmin>
      <ymin>9</ymin>
      <xmax>38</xmax>
      <ymax>51</ymax>
    </bndbox>
  </object>
  <object>
    <name>8</name>
    <pose>Unspecified</pose>
    <truncated>0</truncated>
    <difficult>0</difficult>
    <bndbox>
      <xmin>39</xmin>
      <ymin>12</ymin>
      <xmax>60</xmax>
      <ymax>51</ymax>
    </bndbox>
  </object>
  <object>
    <name>1</name>
    <pose>Unspecified</pose>
    <truncated>0</truncated>
    <difficult>0</difficult>
    <bndbox>
      <xmin>62</xmin>
      <ymin>12</ymin>
      <xmax>83</xmax>
      <ymax>52</ymax>
    </bndbox>
  </object>
  <object>
    <name>&#49324;</name>
    <pose>Unspecified</pose>
    <truncated>0</truncated>
    <difficult>0</difficult>
    <bndbox>
      <xmin>87</xmin>
      <ymin>17</ymin>
      <xmax>108</xmax>
      <ymax>51</ymax>
    </bndbox>
  </object>
  <object>
    <name>3</name>
    <pose>Unspecified</pose>
    <truncated>0</truncated>
    <difficult>0</difficult>
    <bndbox>
      <xmin>115</xmin>
      <ymin>15</ymin>
      <xmax>138</xmax>
      <ymax>55</ymax>
    </bndbox>
  </object>
  <object>
    <name>5</name>
    <pose>Unspecified</pose>
    <truncated>0</truncated>
    <difficult>0</difficult>
    <bndbox>
      <xmin>142</xmin>
      <ymin>16</ymin>
      <xmax>163</xmax>
      <ymax>57</ymax>
    </bndbox>
  </object>
  <object>
    <name>3</name>
    <pose>Unspecified</pose>
    <truncated>0</truncated>
    <difficult>0</difficult>
    <bndbox>
      <xmin>165</xmin>
      <ymin>18</ymin>
      <xmax>187</xmax>
      <ymax>58</ymax>
    </bndbox>
  </object>
  <object>
    <name>4</name>
    <pose>Unspecified</pose>
    <truncated>0</truncated>
    <difficult>0</difficult>
    <bndbox>
      <xmin>191</xmin>
      <ymin>19</ymin>
      <xmax>213</xmax>
      <ymax>60</ymax>
    </bndbox>
  </object>
</annotation>
