<annotation>
  <folder>LP</folder>
  <filename>010226855_P_T18</filename>
  <path>D:\ALBA\2.SAT_LPR_DATA\T18_not_done\LP\010226855_P_T18.jpg</path>
  <source>
    <database>Unknown</database>
  </source>
  <size>
    <width>177</width>
    <height>98</height>
    <depth>1</depth>
  </size>
  <segmented>0</segmented>
  <object>
    <name>&#45824;&#51204;_O</name>
    <pose>Unspecified</pose>
    <truncated>0</truncated>
    <difficult>0</difficult>
    <bndbox>
      <xmin>46</xmin>
      <ymin>12</ymin>
      <xmax>90</xmax>
      <ymax>33</ymax>
    </bndbox>
  </object>
  <object>
    <name>3</name>
    <pose>Unspecified</pose>
    <truncated>0</truncated>
    <difficult>0</difficult>
    <bndbox>
      <xmin>91</xmin>
      <ymin>12</ymin>
      <xmax>109</xmax>
      <ymax>35</ymax>
    </bndbox>
  </object>
  <object>
    <name>1</name>
    <pose>Unspecified</pose>
    <truncated>0</truncated>
    <difficult>0</difficult>
    <bndbox>
      <xmin>114</xmin>
      <ymin>12</ymin>
      <xmax>123</xmax>
      <ymax>35</ymax>
    </bndbox>
  </object>
  <object>
    <name>&#44144;</name>
    <pose>Unspecified</pose>
    <truncated>0</truncated>
    <difficult>0</difficult>
    <bndbox>
      <xmin>17</xmin>
      <ymin>37</ymin>
      <xmax>46</xmax>
      <ymax>71</ymax>
    </bndbox>
  </object>
  <object>
    <name>9</name>
    <pose>Unspecified</pose>
    <truncated>0</truncated>
    <difficult>0</difficult>
    <bndbox>
      <xmin>54</xmin>
      <ymin>38</ymin>
      <xmax>79</xmax>
      <ymax>87</ymax>
    </bndbox>
  </object>
  <object>
    <name>2</name>
    <pose>Unspecified</pose>
    <truncated>0</truncated>
    <difficult>0</difficult>
    <bndbox>
      <xmin>82</xmin>
      <ymin>38</ymin>
      <xmax>109</xmax>
      <ymax>89</ymax>
    </bndbox>
  </object>
  <object>
    <name>3</name>
    <pose>Unspecified</pose>
    <truncated>0</truncated>
    <difficult>0</difficult>
    <bndbox>
      <xmin>111</xmin>
      <ymin>39</ymin>
      <xmax>136</xmax>
      <ymax>87</ymax>
    </bndbox>
  </object>
  <object>
    <name>8</name>
    <pose>Unspecified</pose>
    <truncated>0</truncated>
    <difficult>0</difficult>
    <bndbox>
      <xmin>139</xmin>
      <ymin>37</ymin>
      <xmax>165</xmax>
      <ymax>90</ymax>
    </bndbox>
  </object>
</annotation>
