<annotation>
  <folder>LP</folder>
  <filename>010932657_P_T05</filename>
  <path>D:\SAT_LPR_DATA_2\T05_not_done\LP\010932657_P_T05.jpg</path>
  <source>
    <database>Unknown</database>
  </source>
  <size>
    <width>184</width>
    <height>110</height>
    <depth>1</depth>
  </size>
  <segmented>0</segmented>
  <object>
    <name>8</name>
    <pose>Unspecified</pose>
    <truncated>0</truncated>
    <difficult>0</difficult>
    <bndbox>
      <xmin>13</xmin>
      <ymin>37</ymin>
      <xmax>34</xmax>
      <ymax>78</ymax>
    </bndbox>
  </object>
  <object>
    <name>3</name>
    <pose>Unspecified</pose>
    <truncated>0</truncated>
    <difficult>0</difficult>
    <bndbox>
      <xmin>35</xmin>
      <ymin>39</ymin>
      <xmax>56</xmax>
      <ymax>79</ymax>
    </bndbox>
  </object>
  <object>
    <name>&#47084;</name>
    <pose>Unspecified</pose>
    <truncated>0</truncated>
    <difficult>0</difficult>
    <bndbox>
      <xmin>58</xmin>
      <ymin>48</ymin>
      <xmax>79</xmax>
      <ymax>82</ymax>
    </bndbox>
  </object>
  <object>
    <name>8</name>
    <pose>Unspecified</pose>
    <truncated>0</truncated>
    <difficult>0</difficult>
    <bndbox>
      <xmin>83</xmin>
      <ymin>42</ymin>
      <xmax>103</xmax>
      <ymax>84</ymax>
    </bndbox>
  </object>
  <object>
    <name>7</name>
    <pose>Unspecified</pose>
    <truncated>0</truncated>
    <difficult>0</difficult>
    <bndbox>
      <xmin>106</xmin>
      <ymin>44</ymin>
      <xmax>127</xmax>
      <ymax>85</ymax>
    </bndbox>
  </object>
  <object>
    <name>2</name>
    <pose>Unspecified</pose>
    <truncated>0</truncated>
    <difficult>0</difficult>
    <bndbox>
      <xmin>128</xmin>
      <ymin>46</ymin>
      <xmax>148</xmax>
      <ymax>88</ymax>
    </bndbox>
  </object>
  <object>
    <name>2</name>
    <pose>Unspecified</pose>
    <truncated>0</truncated>
    <difficult>0</difficult>
    <bndbox>
      <xmin>151</xmin>
      <ymin>48</ymin>
      <xmax>172</xmax>
      <ymax>89</ymax>
    </bndbox>
  </object>
</annotation>
