<annotation>
  <folder>LP</folder>
  <filename>012239793_P_T05</filename>
  <path>D:\SAT_LPR_DATA_2\T05_not_done\LP\012239793_P_T05.jpg</path>
  <source>
    <database>Unknown</database>
  </source>
  <size>
    <width>200</width>
    <height>113</height>
    <depth>1</depth>
  </size>
  <segmented>0</segmented>
  <object>
    <name>8</name>
    <pose>Unspecified</pose>
    <truncated>0</truncated>
    <difficult>0</difficult>
    <bndbox>
      <xmin>15</xmin>
      <ymin>37</ymin>
      <xmax>37</xmax>
      <ymax>81</ymax>
    </bndbox>
  </object>
  <object>
    <name>6</name>
    <pose>Unspecified</pose>
    <truncated>0</truncated>
    <difficult>0</difficult>
    <bndbox>
      <xmin>39</xmin>
      <ymin>39</ymin>
      <xmax>62</xmax>
      <ymax>83</ymax>
    </bndbox>
  </object>
  <object>
    <name>&#45796;</name>
    <pose>Unspecified</pose>
    <truncated>0</truncated>
    <difficult>0</difficult>
    <bndbox>
      <xmin>63</xmin>
      <ymin>49</ymin>
      <xmax>86</xmax>
      <ymax>85</ymax>
    </bndbox>
  </object>
  <object>
    <name>4</name>
    <pose>Unspecified</pose>
    <truncated>0</truncated>
    <difficult>0</difficult>
    <bndbox>
      <xmin>90</xmin>
      <ymin>43</ymin>
      <xmax>113</xmax>
      <ymax>87</ymax>
    </bndbox>
  </object>
  <object>
    <name>4</name>
    <pose>Unspecified</pose>
    <truncated>0</truncated>
    <difficult>0</difficult>
    <bndbox>
      <xmin>115</xmin>
      <ymin>44</ymin>
      <xmax>138</xmax>
      <ymax>88</ymax>
    </bndbox>
  </object>
  <object>
    <name>3</name>
    <pose>Unspecified</pose>
    <truncated>0</truncated>
    <difficult>0</difficult>
    <bndbox>
      <xmin>141</xmin>
      <ymin>46</ymin>
      <xmax>163</xmax>
      <ymax>89</ymax>
    </bndbox>
  </object>
  <object>
    <name>3</name>
    <pose>Unspecified</pose>
    <truncated>0</truncated>
    <difficult>0</difficult>
    <bndbox>
      <xmin>166</xmin>
      <ymin>48</ymin>
      <xmax>189</xmax>
      <ymax>92</ymax>
    </bndbox>
  </object>
</annotation>
