<annotation>
  <folder>LP</folder>
  <filename>012817402_P_T05</filename>
  <path>D:\SAT_LPR_DATA_2\T05_not_done\LP\012817402_P_T05.jpg</path>
  <source>
    <database>Unknown</database>
  </source>
  <size>
    <width>181</width>
    <height>101</height>
    <depth>1</depth>
  </size>
  <segmented>0</segmented>
  <object>
    <name>8</name>
    <pose>Unspecified</pose>
    <truncated>0</truncated>
    <difficult>0</difficult>
    <bndbox>
      <xmin>8</xmin>
      <ymin>31</ymin>
      <xmax>29</xmax>
      <ymax>74</ymax>
    </bndbox>
  </object>
  <object>
    <name>1</name>
    <pose>Unspecified</pose>
    <truncated>0</truncated>
    <difficult>0</difficult>
    <bndbox>
      <xmin>32</xmin>
      <ymin>33</ymin>
      <xmax>51</xmax>
      <ymax>75</ymax>
    </bndbox>
  </object>
  <object>
    <name>&#51312;</name>
    <pose>Unspecified</pose>
    <truncated>0</truncated>
    <difficult>0</difficult>
    <bndbox>
      <xmin>53</xmin>
      <ymin>42</ymin>
      <xmax>75</xmax>
      <ymax>77</ymax>
    </bndbox>
  </object>
  <object>
    <name>1</name>
    <pose>Unspecified</pose>
    <truncated>0</truncated>
    <difficult>0</difficult>
    <bndbox>
      <xmin>79</xmin>
      <ymin>37</ymin>
      <xmax>100</xmax>
      <ymax>78</ymax>
    </bndbox>
  </object>
  <object>
    <name>2</name>
    <pose>Unspecified</pose>
    <truncated>0</truncated>
    <difficult>0</difficult>
    <bndbox>
      <xmin>102</xmin>
      <ymin>37</ymin>
      <xmax>124</xmax>
      <ymax>79</ymax>
    </bndbox>
  </object>
  <object>
    <name>7</name>
    <pose>Unspecified</pose>
    <truncated>0</truncated>
    <difficult>0</difficult>
    <bndbox>
      <xmin>126</xmin>
      <ymin>38</ymin>
      <xmax>148</xmax>
      <ymax>82</ymax>
    </bndbox>
  </object>
  <object>
    <name>9</name>
    <pose>Unspecified</pose>
    <truncated>0</truncated>
    <difficult>0</difficult>
    <bndbox>
      <xmin>150</xmin>
      <ymin>40</ymin>
      <xmax>172</xmax>
      <ymax>84</ymax>
    </bndbox>
  </object>
</annotation>
