<annotation>
  <folder>LP</folder>
  <filename>013318358_P_T05</filename>
  <path>D:\SAT_LPR_DATA_2\T05_not_done\LP\013318358_P_T05.jpg</path>
  <source>
    <database>Unknown</database>
  </source>
  <size>
    <width>187</width>
    <height>109</height>
    <depth>1</depth>
  </size>
  <segmented>0</segmented>
  <object>
    <name>8</name>
    <pose>Unspecified</pose>
    <truncated>0</truncated>
    <difficult>0</difficult>
    <bndbox>
      <xmin>11</xmin>
      <ymin>34</ymin>
      <xmax>33</xmax>
      <ymax>77</ymax>
    </bndbox>
  </object>
  <object>
    <name>3</name>
    <pose>Unspecified</pose>
    <truncated>0</truncated>
    <difficult>0</difficult>
    <bndbox>
      <xmin>34</xmin>
      <ymin>37</ymin>
      <xmax>56</xmax>
      <ymax>79</ymax>
    </bndbox>
  </object>
  <object>
    <name>&#47084;</name>
    <pose>Unspecified</pose>
    <truncated>0</truncated>
    <difficult>0</difficult>
    <bndbox>
      <xmin>57</xmin>
      <ymin>46</ymin>
      <xmax>79</xmax>
      <ymax>81</ymax>
    </bndbox>
  </object>
  <object>
    <name>8</name>
    <pose>Unspecified</pose>
    <truncated>0</truncated>
    <difficult>0</difficult>
    <bndbox>
      <xmin>82</xmin>
      <ymin>40</ymin>
      <xmax>105</xmax>
      <ymax>83</ymax>
    </bndbox>
  </object>
  <object>
    <name>7</name>
    <pose>Unspecified</pose>
    <truncated>0</truncated>
    <difficult>0</difficult>
    <bndbox>
      <xmin>107</xmin>
      <ymin>43</ymin>
      <xmax>129</xmax>
      <ymax>84</ymax>
    </bndbox>
  </object>
  <object>
    <name>2</name>
    <pose>Unspecified</pose>
    <truncated>0</truncated>
    <difficult>0</difficult>
    <bndbox>
      <xmin>130</xmin>
      <ymin>44</ymin>
      <xmax>152</xmax>
      <ymax>87</ymax>
    </bndbox>
  </object>
  <object>
    <name>2</name>
    <pose>Unspecified</pose>
    <truncated>0</truncated>
    <difficult>0</difficult>
    <bndbox>
      <xmin>154</xmin>
      <ymin>46</ymin>
      <xmax>175</xmax>
      <ymax>89</ymax>
    </bndbox>
  </object>
</annotation>
