<annotation>
  <folder>LP</folder>
  <filename>013515627_P_T04</filename>
  <path>D:\ALBA\2.SAT_LPR_DATA\T04_not_done\LP\013515627_P_T04.jpg</path>
  <source>
    <database>Unknown</database>
  </source>
  <size>
    <width>224</width>
    <height>64</height>
    <depth>1</depth>
  </size>
  <segmented>0</segmented>
  <object>
    <name>&#49464;&#51333;_V</name>
    <pose>Unspecified</pose>
    <truncated>0</truncated>
    <difficult>0</difficult>
    <bndbox>
      <xmin>17</xmin>
      <ymin>11</ymin>
      <xmax>38</xmax>
      <ymax>46</ymax>
    </bndbox>
  </object>
  <object>
    <name>9</name>
    <pose>Unspecified</pose>
    <truncated>0</truncated>
    <difficult>0</difficult>
    <bndbox>
      <xmin>40</xmin>
      <ymin>13</ymin>
      <xmax>60</xmax>
      <ymax>48</ymax>
    </bndbox>
  </object>
  <object>
    <name>8</name>
    <pose>Unspecified</pose>
    <truncated>0</truncated>
    <difficult>0</difficult>
    <bndbox>
      <xmin>62</xmin>
      <ymin>14</ymin>
      <xmax>84</xmax>
      <ymax>48</ymax>
    </bndbox>
  </object>
  <object>
    <name>&#49324;</name>
    <pose>Unspecified</pose>
    <truncated>0</truncated>
    <difficult>0</difficult>
    <bndbox>
      <xmin>86</xmin>
      <ymin>16</ymin>
      <xmax>107</xmax>
      <ymax>48</ymax>
    </bndbox>
  </object>
  <object>
    <name>9</name>
    <pose>Unspecified</pose>
    <truncated>0</truncated>
    <difficult>0</difficult>
    <bndbox>
      <xmin>115</xmin>
      <ymin>16</ymin>
      <xmax>136</xmax>
      <ymax>51</ymax>
    </bndbox>
  </object>
  <object>
    <name>1</name>
    <pose>Unspecified</pose>
    <truncated>0</truncated>
    <difficult>0</difficult>
    <bndbox>
      <xmin>140</xmin>
      <ymin>18</ymin>
      <xmax>155</xmax>
      <ymax>53</ymax>
    </bndbox>
  </object>
  <object>
    <name>4</name>
    <pose>Unspecified</pose>
    <truncated>0</truncated>
    <difficult>0</difficult>
    <bndbox>
      <xmin>161</xmin>
      <ymin>18</ymin>
      <xmax>184</xmax>
      <ymax>54</ymax>
    </bndbox>
  </object>
  <object>
    <name>6</name>
    <pose>Unspecified</pose>
    <truncated>0</truncated>
    <difficult>0</difficult>
    <bndbox>
      <xmin>186</xmin>
      <ymin>20</ymin>
      <xmax>207</xmax>
      <ymax>56</ymax>
    </bndbox>
  </object>
</annotation>
