<annotation>
  <folder>LP</folder>
  <filename>013919_P_T18</filename>
  <path>D:\2.SAT_LPR_DATA\T18_not_done\LP\013919_P_T18.jpg</path>
  <source>
    <database>Unknown</database>
  </source>
  <size>
    <width>282</width>
    <height>154</height>
    <depth>1</depth>
  </size>
  <segmented>0</segmented>
  <object>
    <name>&#52649;&#45224;_O</name>
    <pose>Unspecified</pose>
    <truncated>0</truncated>
    <difficult>0</difficult>
    <bndbox>
      <xmin>78</xmin>
      <ymin>19</ymin>
      <xmax>142</xmax>
      <ymax>52</ymax>
    </bndbox>
  </object>
  <object>
    <name>8</name>
    <pose>Unspecified</pose>
    <truncated>0</truncated>
    <difficult>0</difficult>
    <bndbox>
      <xmin>147</xmin>
      <ymin>19</ymin>
      <xmax>174</xmax>
      <ymax>55</ymax>
    </bndbox>
  </object>
  <object>
    <name>7</name>
    <pose>Unspecified</pose>
    <truncated>0</truncated>
    <difficult>0</difficult>
    <bndbox>
      <xmin>175</xmin>
      <ymin>18</ymin>
      <xmax>204</xmax>
      <ymax>57</ymax>
    </bndbox>
  </object>
  <object>
    <name>&#45432;</name>
    <pose>Unspecified</pose>
    <truncated>0</truncated>
    <difficult>0</difficult>
    <bndbox>
      <xmin>25</xmin>
      <ymin>62</ymin>
      <xmax>74</xmax>
      <ymax>105</ymax>
    </bndbox>
  </object>
  <object>
    <name>8</name>
    <pose>Unspecified</pose>
    <truncated>0</truncated>
    <difficult>0</difficult>
    <bndbox>
      <xmin>88</xmin>
      <ymin>60</ymin>
      <xmax>127</xmax>
      <ymax>134</ymax>
    </bndbox>
  </object>
  <object>
    <name>9</name>
    <pose>Unspecified</pose>
    <truncated>0</truncated>
    <difficult>0</difficult>
    <bndbox>
      <xmin>130</xmin>
      <ymin>60</ymin>
      <xmax>170</xmax>
      <ymax>137</ymax>
    </bndbox>
  </object>
  <object>
    <name>9</name>
    <pose>Unspecified</pose>
    <truncated>0</truncated>
    <difficult>0</difficult>
    <bndbox>
      <xmin>174</xmin>
      <ymin>61</ymin>
      <xmax>215</xmax>
      <ymax>138</ymax>
    </bndbox>
  </object>
  <object>
    <name>7</name>
    <pose>Unspecified</pose>
    <truncated>0</truncated>
    <difficult>0</difficult>
    <bndbox>
      <xmin>217</xmin>
      <ymin>62</ymin>
      <xmax>258</xmax>
      <ymax>138</ymax>
    </bndbox>
  </object>
</annotation>
