<annotation>
  <folder>LP</folder>
  <filename>014316445_P_T17</filename>
  <path>D:\SAT_LPR_DATA_2\T17_not_done\LP\014316445_P_T17.jpg</path>
  <source>
    <database>Unknown</database>
  </source>
  <size>
    <width>233</width>
    <height>115</height>
    <depth>1</depth>
  </size>
  <segmented>0</segmented>
  <object>
    <name>8</name>
    <pose>Unspecified</pose>
    <truncated>0</truncated>
    <difficult>0</difficult>
    <bndbox>
      <xmin>62</xmin>
      <ymin>8</ymin>
      <xmax>94</xmax>
      <ymax>38</ymax>
    </bndbox>
  </object>
  <object>
    <name>0</name>
    <pose>Unspecified</pose>
    <truncated>0</truncated>
    <difficult>0</difficult>
    <bndbox>
      <xmin>98</xmin>
      <ymin>9</ymin>
      <xmax>131</xmax>
      <ymax>39</ymax>
    </bndbox>
  </object>
  <object>
    <name>&#46160;</name>
    <pose>Unspecified</pose>
    <truncated>0</truncated>
    <difficult>0</difficult>
    <bndbox>
      <xmin>135</xmin>
      <ymin>9</ymin>
      <xmax>167</xmax>
      <ymax>37</ymax>
    </bndbox>
  </object>
  <object>
    <name>2</name>
    <pose>Unspecified</pose>
    <truncated>0</truncated>
    <difficult>0</difficult>
    <bndbox>
      <xmin>16</xmin>
      <ymin>42</ymin>
      <xmax>64</xmax>
      <ymax>108</ymax>
    </bndbox>
  </object>
  <object>
    <name>2</name>
    <pose>Unspecified</pose>
    <truncated>0</truncated>
    <difficult>0</difficult>
    <bndbox>
      <xmin>67</xmin>
      <ymin>42</ymin>
      <xmax>116</xmax>
      <ymax>108</ymax>
    </bndbox>
  </object>
  <object>
    <name>6</name>
    <pose>Unspecified</pose>
    <truncated>0</truncated>
    <difficult>0</difficult>
    <bndbox>
      <xmin>120</xmin>
      <ymin>44</ymin>
      <xmax>166</xmax>
      <ymax>110</ymax>
    </bndbox>
  </object>
  <object>
    <name>3</name>
    <pose>Unspecified</pose>
    <truncated>0</truncated>
    <difficult>0</difficult>
    <bndbox>
      <xmin>173</xmin>
      <ymin>43</ymin>
      <xmax>221</xmax>
      <ymax>109</ymax>
    </bndbox>
  </object>
</annotation>
