<annotation>
  <folder>LP</folder>
  <filename>015214_P_T18</filename>
  <path>D:\2.SAT_LPR_DATA\T18_not_done\LP\015214_P_T18.jpg</path>
  <source>
    <database>Unknown</database>
  </source>
  <size>
    <width>275</width>
    <height>143</height>
    <depth>1</depth>
  </size>
  <segmented>0</segmented>
  <object>
    <name>&#52649;&#45224;_O</name>
    <pose>Unspecified</pose>
    <truncated>0</truncated>
    <difficult>0</difficult>
    <bndbox>
      <xmin>74</xmin>
      <ymin>13</ymin>
      <xmax>138</xmax>
      <ymax>48</ymax>
    </bndbox>
  </object>
  <object>
    <name>8</name>
    <pose>Unspecified</pose>
    <truncated>0</truncated>
    <difficult>0</difficult>
    <bndbox>
      <xmin>141</xmin>
      <ymin>14</ymin>
      <xmax>168</xmax>
      <ymax>49</ymax>
    </bndbox>
  </object>
  <object>
    <name>7</name>
    <pose>Unspecified</pose>
    <truncated>0</truncated>
    <difficult>0</difficult>
    <bndbox>
      <xmin>168</xmin>
      <ymin>13</ymin>
      <xmax>197</xmax>
      <ymax>49</ymax>
    </bndbox>
  </object>
  <object>
    <name>&#45432;</name>
    <pose>Unspecified</pose>
    <truncated>0</truncated>
    <difficult>0</difficult>
    <bndbox>
      <xmin>25</xmin>
      <ymin>57</ymin>
      <xmax>74</xmax>
      <ymax>98</ymax>
    </bndbox>
  </object>
  <object>
    <name>8</name>
    <pose>Unspecified</pose>
    <truncated>0</truncated>
    <difficult>0</difficult>
    <bndbox>
      <xmin>86</xmin>
      <ymin>55</ymin>
      <xmax>126</xmax>
      <ymax>125</ymax>
    </bndbox>
  </object>
  <object>
    <name>9</name>
    <pose>Unspecified</pose>
    <truncated>0</truncated>
    <difficult>0</difficult>
    <bndbox>
      <xmin>126</xmin>
      <ymin>54</ymin>
      <xmax>167</xmax>
      <ymax>126</ymax>
    </bndbox>
  </object>
  <object>
    <name>9</name>
    <pose>Unspecified</pose>
    <truncated>0</truncated>
    <difficult>0</difficult>
    <bndbox>
      <xmin>170</xmin>
      <ymin>56</ymin>
      <xmax>211</xmax>
      <ymax>128</ymax>
    </bndbox>
  </object>
  <object>
    <name>7</name>
    <pose>Unspecified</pose>
    <truncated>0</truncated>
    <difficult>0</difficult>
    <bndbox>
      <xmin>212</xmin>
      <ymin>55</ymin>
      <xmax>253</xmax>
      <ymax>130</ymax>
    </bndbox>
  </object>
</annotation>
