<annotation>
  <folder>LP</folder>
  <filename>015746398_P_T05</filename>
  <path>D:\SAT_LPR_DATA_2\T05_not_done\LP\015746398_P_T05.jpg</path>
  <source>
    <database>Unknown</database>
  </source>
  <size>
    <width>206</width>
    <height>133</height>
    <depth>1</depth>
  </size>
  <segmented>0</segmented>
  <object>
    <name>8</name>
    <pose>Unspecified</pose>
    <truncated>0</truncated>
    <difficult>0</difficult>
    <bndbox>
      <xmin>15</xmin>
      <ymin>37</ymin>
      <xmax>38</xmax>
      <ymax>86</ymax>
    </bndbox>
  </object>
  <object>
    <name>5</name>
    <pose>Unspecified</pose>
    <truncated>0</truncated>
    <difficult>0</difficult>
    <bndbox>
      <xmin>40</xmin>
      <ymin>40</ymin>
      <xmax>63</xmax>
      <ymax>88</ymax>
    </bndbox>
  </object>
  <object>
    <name>&#51312;</name>
    <pose>Unspecified</pose>
    <truncated>0</truncated>
    <difficult>0</difficult>
    <bndbox>
      <xmin>64</xmin>
      <ymin>49</ymin>
      <xmax>88</xmax>
      <ymax>89</ymax>
    </bndbox>
  </object>
  <object>
    <name>1</name>
    <pose>Unspecified</pose>
    <truncated>0</truncated>
    <difficult>0</difficult>
    <bndbox>
      <xmin>89</xmin>
      <ymin>42</ymin>
      <xmax>113</xmax>
      <ymax>91</ymax>
    </bndbox>
  </object>
  <object>
    <name>1</name>
    <pose>Unspecified</pose>
    <truncated>0</truncated>
    <difficult>0</difficult>
    <bndbox>
      <xmin>115</xmin>
      <ymin>44</ymin>
      <xmax>137</xmax>
      <ymax>93</ymax>
    </bndbox>
  </object>
  <object>
    <name>7</name>
    <pose>Unspecified</pose>
    <truncated>0</truncated>
    <difficult>0</difficult>
    <bndbox>
      <xmin>140</xmin>
      <ymin>45</ymin>
      <xmax>162</xmax>
      <ymax>94</ymax>
    </bndbox>
  </object>
  <object>
    <name>2</name>
    <pose>Unspecified</pose>
    <truncated>0</truncated>
    <difficult>0</difficult>
    <bndbox>
      <xmin>167</xmin>
      <ymin>45</ymin>
      <xmax>189</xmax>
      <ymax>97</ymax>
    </bndbox>
  </object>
</annotation>
