<annotation>
  <folder>LP</folder>
  <filename>022300278_P_T05</filename>
  <path>D:\SAT_LPR_DATA_2\T05_not_done\LP\022300278_P_T05.jpg</path>
  <source>
    <database>Unknown</database>
  </source>
  <size>
    <width>199</width>
    <height>108</height>
    <depth>1</depth>
  </size>
  <segmented>0</segmented>
  <object>
    <name>9</name>
    <pose>Unspecified</pose>
    <truncated>0</truncated>
    <difficult>0</difficult>
    <bndbox>
      <xmin>13</xmin>
      <ymin>36</ymin>
      <xmax>35</xmax>
      <ymax>80</ymax>
    </bndbox>
  </object>
  <object>
    <name>8</name>
    <pose>Unspecified</pose>
    <truncated>0</truncated>
    <difficult>0</difficult>
    <bndbox>
      <xmin>38</xmin>
      <ymin>37</ymin>
      <xmax>59</xmax>
      <ymax>82</ymax>
    </bndbox>
  </object>
  <object>
    <name>&#49436;</name>
    <pose>Unspecified</pose>
    <truncated>0</truncated>
    <difficult>0</difficult>
    <bndbox>
      <xmin>62</xmin>
      <ymin>47</ymin>
      <xmax>84</xmax>
      <ymax>82</ymax>
    </bndbox>
  </object>
  <object>
    <name>6</name>
    <pose>Unspecified</pose>
    <truncated>0</truncated>
    <difficult>0</difficult>
    <bndbox>
      <xmin>89</xmin>
      <ymin>39</ymin>
      <xmax>111</xmax>
      <ymax>84</ymax>
    </bndbox>
  </object>
  <object>
    <name>9</name>
    <pose>Unspecified</pose>
    <truncated>0</truncated>
    <difficult>0</difficult>
    <bndbox>
      <xmin>114</xmin>
      <ymin>39</ymin>
      <xmax>137</xmax>
      <ymax>84</ymax>
    </bndbox>
  </object>
  <object>
    <name>3</name>
    <pose>Unspecified</pose>
    <truncated>0</truncated>
    <difficult>0</difficult>
    <bndbox>
      <xmin>139</xmin>
      <ymin>41</ymin>
      <xmax>161</xmax>
      <ymax>85</ymax>
    </bndbox>
  </object>
  <object>
    <name>8</name>
    <pose>Unspecified</pose>
    <truncated>0</truncated>
    <difficult>0</difficult>
    <bndbox>
      <xmin>164</xmin>
      <ymin>41</ymin>
      <xmax>187</xmax>
      <ymax>86</ymax>
    </bndbox>
  </object>
</annotation>
