<annotation>
  <folder>LP</folder>
  <filename>022345603_P_T14</filename>
  <path>D:\ALBA\SAT_LPR_DATA_2\T14_not_done\LP\022345603_P_T14.jpg</path>
  <source>
    <database>Unknown</database>
  </source>
  <size>
    <width>268</width>
    <height>137</height>
    <depth>1</depth>
  </size>
  <segmented>0</segmented>
  <object>
    <name>&#50689;</name>
    <pose>Unspecified</pose>
    <truncated>0</truncated>
    <difficult>0</difficult>
    <bndbox>
      <xmin>19</xmin>
      <ymin>16</ymin>
      <xmax>52</xmax>
      <ymax>52</ymax>
    </bndbox>
  </object>
  <object>
    <name>&#51204;&#45224;_D</name>
    <pose>Unspecified</pose>
    <truncated>0</truncated>
    <difficult>0</difficult>
    <bndbox>
      <xmin>63</xmin>
      <ymin>16</ymin>
      <xmax>201</xmax>
      <ymax>58</ymax>
    </bndbox>
  </object>
  <object>
    <name>0</name>
    <pose>Unspecified</pose>
    <truncated>0</truncated>
    <difficult>0</difficult>
    <bndbox>
      <xmin>19</xmin>
      <ymin>64</ymin>
      <xmax>49</xmax>
      <ymax>110</ymax>
    </bndbox>
  </object>
  <object>
    <name>6</name>
    <pose>Unspecified</pose>
    <truncated>0</truncated>
    <difficult>0</difficult>
    <bndbox>
      <xmin>53</xmin>
      <ymin>65</ymin>
      <xmax>85</xmax>
      <ymax>112</ymax>
    </bndbox>
  </object>
  <object>
    <name>&#48148;</name>
    <pose>Unspecified</pose>
    <truncated>0</truncated>
    <difficult>0</difficult>
    <bndbox>
      <xmin>87</xmin>
      <ymin>71</ymin>
      <xmax>112</xmax>
      <ymax>108</ymax>
    </bndbox>
  </object>
  <object>
    <name>7</name>
    <pose>Unspecified</pose>
    <truncated>0</truncated>
    <difficult>0</difficult>
    <bndbox>
      <xmin>116</xmin>
      <ymin>66</ymin>
      <xmax>145</xmax>
      <ymax>113</ymax>
    </bndbox>
  </object>
  <object>
    <name>9</name>
    <pose>Unspecified</pose>
    <truncated>0</truncated>
    <difficult>0</difficult>
    <bndbox>
      <xmin>151</xmin>
      <ymin>68</ymin>
      <xmax>185</xmax>
      <ymax>116</ymax>
    </bndbox>
  </object>
  <object>
    <name>8</name>
    <pose>Unspecified</pose>
    <truncated>0</truncated>
    <difficult>0</difficult>
    <bndbox>
      <xmin>188</xmin>
      <ymin>70</ymin>
      <xmax>221</xmax>
      <ymax>119</ymax>
    </bndbox>
  </object>
  <object>
    <name>0</name>
    <pose>Unspecified</pose>
    <truncated>0</truncated>
    <difficult>0</difficult>
    <bndbox>
      <xmin>226</xmin>
      <ymin>71</ymin>
      <xmax>259</xmax>
      <ymax>120</ymax>
    </bndbox>
  </object>
</annotation>
