<annotation>
  <folder>LP</folder>
  <filename>024059306_P_T18</filename>
  <path>D:\ALBA\2.SAT_LPR_DATA\T18_not_done\LP\024059306_P_T18.jpg</path>
  <source>
    <database>Unknown</database>
  </source>
  <size>
    <width>182</width>
    <height>101</height>
    <depth>1</depth>
  </size>
  <segmented>0</segmented>
  <object>
    <name>&#51204;&#48513;_O</name>
    <pose>Unspecified</pose>
    <truncated>0</truncated>
    <difficult>0</difficult>
    <bndbox>
      <xmin>47</xmin>
      <ymin>10</ymin>
      <xmax>90</xmax>
      <ymax>31</ymax>
    </bndbox>
  </object>
  <object>
    <name>3</name>
    <pose>Unspecified</pose>
    <truncated>0</truncated>
    <difficult>0</difficult>
    <bndbox>
      <xmin>93</xmin>
      <ymin>10</ymin>
      <xmax>111</xmax>
      <ymax>35</ymax>
    </bndbox>
  </object>
  <object>
    <name>2</name>
    <pose>Unspecified</pose>
    <truncated>0</truncated>
    <difficult>0</difficult>
    <bndbox>
      <xmin>113</xmin>
      <ymin>12</ymin>
      <xmax>131</xmax>
      <ymax>38</ymax>
    </bndbox>
  </object>
  <object>
    <name>&#45908;</name>
    <pose>Unspecified</pose>
    <truncated>0</truncated>
    <difficult>0</difficult>
    <bndbox>
      <xmin>14</xmin>
      <ymin>35</ymin>
      <xmax>43</xmax>
      <ymax>71</ymax>
    </bndbox>
  </object>
  <object>
    <name>5</name>
    <pose>Unspecified</pose>
    <truncated>0</truncated>
    <difficult>0</difficult>
    <bndbox>
      <xmin>55</xmin>
      <ymin>38</ymin>
      <xmax>81</xmax>
      <ymax>85</ymax>
    </bndbox>
  </object>
  <object>
    <name>2</name>
    <pose>Unspecified</pose>
    <truncated>0</truncated>
    <difficult>0</difficult>
    <bndbox>
      <xmin>82</xmin>
      <ymin>38</ymin>
      <xmax>110</xmax>
      <ymax>88</ymax>
    </bndbox>
  </object>
  <object>
    <name>8</name>
    <pose>Unspecified</pose>
    <truncated>0</truncated>
    <difficult>0</difficult>
    <bndbox>
      <xmin>113</xmin>
      <ymin>40</ymin>
      <xmax>138</xmax>
      <ymax>89</ymax>
    </bndbox>
  </object>
  <object>
    <name>6</name>
    <pose>Unspecified</pose>
    <truncated>0</truncated>
    <difficult>0</difficult>
    <bndbox>
      <xmin>141</xmin>
      <ymin>41</ymin>
      <xmax>167</xmax>
      <ymax>91</ymax>
    </bndbox>
  </object>
</annotation>
