<annotation>
  <folder>LP</folder>
  <filename>024656231_P_T05</filename>
  <path>D:\SAT_LPR_DATA_2\T05_not_done\LP\024656231_P_T05.jpg</path>
  <source>
    <database>Unknown</database>
  </source>
  <size>
    <width>181</width>
    <height>99</height>
    <depth>1</depth>
  </size>
  <segmented>0</segmented>
  <object>
    <name>8</name>
    <pose>Unspecified</pose>
    <truncated>0</truncated>
    <difficult>0</difficult>
    <bndbox>
      <xmin>12</xmin>
      <ymin>28</ymin>
      <xmax>32</xmax>
      <ymax>69</ymax>
    </bndbox>
  </object>
  <object>
    <name>2</name>
    <pose>Unspecified</pose>
    <truncated>0</truncated>
    <difficult>0</difficult>
    <bndbox>
      <xmin>35</xmin>
      <ymin>29</ymin>
      <xmax>54</xmax>
      <ymax>71</ymax>
    </bndbox>
  </object>
  <object>
    <name>&#45572;</name>
    <pose>Unspecified</pose>
    <truncated>0</truncated>
    <difficult>0</difficult>
    <bndbox>
      <xmin>56</xmin>
      <ymin>38</ymin>
      <xmax>76</xmax>
      <ymax>72</ymax>
    </bndbox>
  </object>
  <object>
    <name>6</name>
    <pose>Unspecified</pose>
    <truncated>0</truncated>
    <difficult>0</difficult>
    <bndbox>
      <xmin>81</xmin>
      <ymin>33</ymin>
      <xmax>101</xmax>
      <ymax>74</ymax>
    </bndbox>
  </object>
  <object>
    <name>5</name>
    <pose>Unspecified</pose>
    <truncated>0</truncated>
    <difficult>0</difficult>
    <bndbox>
      <xmin>104</xmin>
      <ymin>35</ymin>
      <xmax>125</xmax>
      <ymax>76</ymax>
    </bndbox>
  </object>
  <object>
    <name>7</name>
    <pose>Unspecified</pose>
    <truncated>0</truncated>
    <difficult>0</difficult>
    <bndbox>
      <xmin>127</xmin>
      <ymin>36</ymin>
      <xmax>148</xmax>
      <ymax>76</ymax>
    </bndbox>
  </object>
  <object>
    <name>3</name>
    <pose>Unspecified</pose>
    <truncated>0</truncated>
    <difficult>0</difficult>
    <bndbox>
      <xmin>150</xmin>
      <ymin>38</ymin>
      <xmax>170</xmax>
      <ymax>79</ymax>
    </bndbox>
  </object>
</annotation>
