<annotation>
  <folder>LP</folder>
  <filename>025841440_P_T17</filename>
  <path>D:\SAT_LPR_DATA_2\T17_not_done\LP\025841440_P_T17.jpg</path>
  <source>
    <database>Unknown</database>
  </source>
  <size>
    <width>188</width>
    <height>103</height>
    <depth>1</depth>
  </size>
  <segmented>0</segmented>
  <object>
    <name>0</name>
    <pose>Unspecified</pose>
    <truncated>0</truncated>
    <difficult>0</difficult>
    <bndbox>
      <xmin>49</xmin>
      <ymin>11</ymin>
      <xmax>73</xmax>
      <ymax>34</ymax>
    </bndbox>
  </object>
  <object>
    <name>1</name>
    <pose>Unspecified</pose>
    <truncated>0</truncated>
    <difficult>0</difficult>
    <bndbox>
      <xmin>77</xmin>
      <ymin>13</ymin>
      <xmax>99</xmax>
      <ymax>33</ymax>
    </bndbox>
  </object>
  <object>
    <name>&#45572;</name>
    <pose>Unspecified</pose>
    <truncated>0</truncated>
    <difficult>0</difficult>
    <bndbox>
      <xmin>104</xmin>
      <ymin>12</ymin>
      <xmax>128</xmax>
      <ymax>34</ymax>
    </bndbox>
  </object>
  <object>
    <name>1</name>
    <pose>Unspecified</pose>
    <truncated>0</truncated>
    <difficult>0</difficult>
    <bndbox>
      <xmin>17</xmin>
      <ymin>38</ymin>
      <xmax>47</xmax>
      <ymax>87</ymax>
    </bndbox>
  </object>
  <object>
    <name>1</name>
    <pose>Unspecified</pose>
    <truncated>0</truncated>
    <difficult>0</difficult>
    <bndbox>
      <xmin>56</xmin>
      <ymin>38</ymin>
      <xmax>88</xmax>
      <ymax>88</ymax>
    </bndbox>
  </object>
  <object>
    <name>3</name>
    <pose>Unspecified</pose>
    <truncated>0</truncated>
    <difficult>0</difficult>
    <bndbox>
      <xmin>94</xmin>
      <ymin>38</ymin>
      <xmax>128</xmax>
      <ymax>89</ymax>
    </bndbox>
  </object>
  <object>
    <name>7</name>
    <pose>Unspecified</pose>
    <truncated>0</truncated>
    <difficult>0</difficult>
    <bndbox>
      <xmin>133</xmin>
      <ymin>38</ymin>
      <xmax>166</xmax>
      <ymax>90</ymax>
    </bndbox>
  </object>
</annotation>
