<annotation>
  <folder>LP</folder>
  <filename>030605374_P_T14</filename>
  <path>D:\ALBA\SAT_LPR_DATA_2\T14_not_done\LP\030605374_P_T14.jpg</path>
  <source>
    <database>Unknown</database>
  </source>
  <size>
    <width>246</width>
    <height>114</height>
    <depth>1</depth>
  </size>
  <segmented>0</segmented>
  <object>
    <name>&#50689;</name>
    <pose>Unspecified</pose>
    <truncated>0</truncated>
    <difficult>0</difficult>
    <bndbox>
      <xmin>16</xmin>
      <ymin>15</ymin>
      <xmax>46</xmax>
      <ymax>46</ymax>
    </bndbox>
  </object>
  <object>
    <name>&#51204;&#48513;_D</name>
    <pose>Unspecified</pose>
    <truncated>0</truncated>
    <difficult>0</difficult>
    <bndbox>
      <xmin>60</xmin>
      <ymin>14</ymin>
      <xmax>183</xmax>
      <ymax>49</ymax>
    </bndbox>
  </object>
  <object>
    <name>1</name>
    <pose>Unspecified</pose>
    <truncated>0</truncated>
    <difficult>0</difficult>
    <bndbox>
      <xmin>13</xmin>
      <ymin>57</ymin>
      <xmax>41</xmax>
      <ymax>96</ymax>
    </bndbox>
  </object>
  <object>
    <name>5</name>
    <pose>Unspecified</pose>
    <truncated>0</truncated>
    <difficult>0</difficult>
    <bndbox>
      <xmin>46</xmin>
      <ymin>56</ymin>
      <xmax>74</xmax>
      <ymax>97</ymax>
    </bndbox>
  </object>
  <object>
    <name>&#48148;</name>
    <pose>Unspecified</pose>
    <truncated>0</truncated>
    <difficult>0</difficult>
    <bndbox>
      <xmin>76</xmin>
      <ymin>60</ymin>
      <xmax>99</xmax>
      <ymax>94</ymax>
    </bndbox>
  </object>
  <object>
    <name>5</name>
    <pose>Unspecified</pose>
    <truncated>0</truncated>
    <difficult>0</difficult>
    <bndbox>
      <xmin>105</xmin>
      <ymin>57</ymin>
      <xmax>132</xmax>
      <ymax>99</ymax>
    </bndbox>
  </object>
  <object>
    <name>5</name>
    <pose>Unspecified</pose>
    <truncated>0</truncated>
    <difficult>0</difficult>
    <bndbox>
      <xmin>138</xmin>
      <ymin>58</ymin>
      <xmax>166</xmax>
      <ymax>99</ymax>
    </bndbox>
  </object>
  <object>
    <name>7</name>
    <pose>Unspecified</pose>
    <truncated>0</truncated>
    <difficult>0</difficult>
    <bndbox>
      <xmin>171</xmin>
      <ymin>58</ymin>
      <xmax>198</xmax>
      <ymax>101</ymax>
    </bndbox>
  </object>
  <object>
    <name>9</name>
    <pose>Unspecified</pose>
    <truncated>0</truncated>
    <difficult>0</difficult>
    <bndbox>
      <xmin>206</xmin>
      <ymin>60</ymin>
      <xmax>235</xmax>
      <ymax>100</ymax>
    </bndbox>
  </object>
</annotation>
