<annotation>
  <folder>LP</folder>
  <filename>030746898_P_T04</filename>
  <path>D:\ALBA\SAT_LPR_DATA_2\T04_not_done\LP\030746898_P_T04.jpg</path>
  <source>
    <database>Unknown</database>
  </source>
  <size>
    <width>205</width>
    <height>67</height>
    <depth>1</depth>
  </size>
  <segmented>0</segmented>
  <object>
    <name>&#50872;&#49328;_V</name>
    <pose>Unspecified</pose>
    <truncated>0</truncated>
    <difficult>0</difficult>
    <bndbox>
      <xmin>15</xmin>
      <ymin>11</ymin>
      <xmax>34</xmax>
      <ymax>45</ymax>
    </bndbox>
  </object>
  <object>
    <name>9</name>
    <pose>Unspecified</pose>
    <truncated>0</truncated>
    <difficult>0</difficult>
    <bndbox>
      <xmin>35</xmin>
      <ymin>11</ymin>
      <xmax>55</xmax>
      <ymax>46</ymax>
    </bndbox>
  </object>
  <object>
    <name>9</name>
    <pose>Unspecified</pose>
    <truncated>0</truncated>
    <difficult>0</difficult>
    <bndbox>
      <xmin>56</xmin>
      <ymin>14</ymin>
      <xmax>75</xmax>
      <ymax>48</ymax>
    </bndbox>
  </object>
  <object>
    <name>&#48148;</name>
    <pose>Unspecified</pose>
    <truncated>0</truncated>
    <difficult>0</difficult>
    <bndbox>
      <xmin>77</xmin>
      <ymin>18</ymin>
      <xmax>97</xmax>
      <ymax>47</ymax>
    </bndbox>
  </object>
  <object>
    <name>5</name>
    <pose>Unspecified</pose>
    <truncated>0</truncated>
    <difficult>0</difficult>
    <bndbox>
      <xmin>104</xmin>
      <ymin>18</ymin>
      <xmax>122</xmax>
      <ymax>51</ymax>
    </bndbox>
  </object>
  <object>
    <name>7</name>
    <pose>Unspecified</pose>
    <truncated>0</truncated>
    <difficult>0</difficult>
    <bndbox>
      <xmin>124</xmin>
      <ymin>20</ymin>
      <xmax>146</xmax>
      <ymax>53</ymax>
    </bndbox>
  </object>
  <object>
    <name>3</name>
    <pose>Unspecified</pose>
    <truncated>0</truncated>
    <difficult>0</difficult>
    <bndbox>
      <xmin>148</xmin>
      <ymin>21</ymin>
      <xmax>165</xmax>
      <ymax>55</ymax>
    </bndbox>
  </object>
  <object>
    <name>0</name>
    <pose>Unspecified</pose>
    <truncated>0</truncated>
    <difficult>0</difficult>
    <bndbox>
      <xmin>169</xmin>
      <ymin>23</ymin>
      <xmax>188</xmax>
      <ymax>57</ymax>
    </bndbox>
  </object>
</annotation>
