<annotation>
  <folder>LP</folder>
  <filename>031430749_P_T05</filename>
  <path>D:\SAT_LPR_DATA_2\T05_not_done\LP\031430749_P_T05.jpg</path>
  <source>
    <database>Unknown</database>
  </source>
  <size>
    <width>231</width>
    <height>107</height>
    <depth>1</depth>
  </size>
  <segmented>0</segmented>
  <object>
    <name>8</name>
    <pose>Unspecified</pose>
    <truncated>0</truncated>
    <difficult>0</difficult>
    <bndbox>
      <xmin>14</xmin>
      <ymin>36</ymin>
      <xmax>41</xmax>
      <ymax>87</ymax>
    </bndbox>
  </object>
  <object>
    <name>8</name>
    <pose>Unspecified</pose>
    <truncated>0</truncated>
    <difficult>0</difficult>
    <bndbox>
      <xmin>43</xmin>
      <ymin>37</ymin>
      <xmax>70</xmax>
      <ymax>87</ymax>
    </bndbox>
  </object>
  <object>
    <name>&#44256;</name>
    <pose>Unspecified</pose>
    <truncated>0</truncated>
    <difficult>0</difficult>
    <bndbox>
      <xmin>73</xmin>
      <ymin>46</ymin>
      <xmax>102</xmax>
      <ymax>87</ymax>
    </bndbox>
  </object>
  <object>
    <name>0</name>
    <pose>Unspecified</pose>
    <truncated>0</truncated>
    <difficult>0</difficult>
    <bndbox>
      <xmin>104</xmin>
      <ymin>38</ymin>
      <xmax>130</xmax>
      <ymax>88</ymax>
    </bndbox>
  </object>
  <object>
    <name>5</name>
    <pose>Unspecified</pose>
    <truncated>0</truncated>
    <difficult>0</difficult>
    <bndbox>
      <xmin>136</xmin>
      <ymin>38</ymin>
      <xmax>161</xmax>
      <ymax>88</ymax>
    </bndbox>
  </object>
  <object>
    <name>0</name>
    <pose>Unspecified</pose>
    <truncated>0</truncated>
    <difficult>0</difficult>
    <bndbox>
      <xmin>164</xmin>
      <ymin>38</ymin>
      <xmax>189</xmax>
      <ymax>89</ymax>
    </bndbox>
  </object>
  <object>
    <name>6</name>
    <pose>Unspecified</pose>
    <truncated>0</truncated>
    <difficult>0</difficult>
    <bndbox>
      <xmin>194</xmin>
      <ymin>39</ymin>
      <xmax>221</xmax>
      <ymax>90</ymax>
    </bndbox>
  </object>
</annotation>
