<annotation>
  <folder>LP</folder>
  <filename>032556564_P_T14</filename>
  <path>D:\ALBA\SAT_LPR_DATA_2\T14_not_done\LP\032556564_P_T14.jpg</path>
  <source>
    <database>Unknown</database>
  </source>
  <size>
    <width>261</width>
    <height>133</height>
    <depth>1</depth>
  </size>
  <segmented>0</segmented>
  <object>
    <name>&#50689;</name>
    <pose>Unspecified</pose>
    <truncated>0</truncated>
    <difficult>0</difficult>
    <bndbox>
      <xmin>18</xmin>
      <ymin>17</ymin>
      <xmax>52</xmax>
      <ymax>55</ymax>
    </bndbox>
  </object>
  <object>
    <name>&#51204;&#45224;_D</name>
    <pose>Unspecified</pose>
    <truncated>0</truncated>
    <difficult>0</difficult>
    <bndbox>
      <xmin>60</xmin>
      <ymin>14</ymin>
      <xmax>191</xmax>
      <ymax>56</ymax>
    </bndbox>
  </object>
  <object>
    <name>0</name>
    <pose>Unspecified</pose>
    <truncated>0</truncated>
    <difficult>0</difficult>
    <bndbox>
      <xmin>18</xmin>
      <ymin>65</ymin>
      <xmax>47</xmax>
      <ymax>113</ymax>
    </bndbox>
  </object>
  <object>
    <name>6</name>
    <pose>Unspecified</pose>
    <truncated>0</truncated>
    <difficult>0</difficult>
    <bndbox>
      <xmin>51</xmin>
      <ymin>65</ymin>
      <xmax>81</xmax>
      <ymax>113</ymax>
    </bndbox>
  </object>
  <object>
    <name>&#48148;</name>
    <pose>Unspecified</pose>
    <truncated>0</truncated>
    <difficult>0</difficult>
    <bndbox>
      <xmin>83</xmin>
      <ymin>67</ymin>
      <xmax>106</xmax>
      <ymax>111</ymax>
    </bndbox>
  </object>
  <object>
    <name>8</name>
    <pose>Unspecified</pose>
    <truncated>0</truncated>
    <difficult>0</difficult>
    <bndbox>
      <xmin>108</xmin>
      <ymin>64</ymin>
      <xmax>140</xmax>
      <ymax>114</ymax>
    </bndbox>
  </object>
  <object>
    <name>5</name>
    <pose>Unspecified</pose>
    <truncated>0</truncated>
    <difficult>0</difficult>
    <bndbox>
      <xmin>144</xmin>
      <ymin>65</ymin>
      <xmax>174</xmax>
      <ymax>114</ymax>
    </bndbox>
  </object>
  <object>
    <name>8</name>
    <pose>Unspecified</pose>
    <truncated>0</truncated>
    <difficult>0</difficult>
    <bndbox>
      <xmin>178</xmin>
      <ymin>65</ymin>
      <xmax>209</xmax>
      <ymax>115</ymax>
    </bndbox>
  </object>
  <object>
    <name>8</name>
    <pose>Unspecified</pose>
    <truncated>0</truncated>
    <difficult>0</difficult>
    <bndbox>
      <xmin>214</xmin>
      <ymin>65</ymin>
      <xmax>245</xmax>
      <ymax>114</ymax>
    </bndbox>
  </object>
</annotation>
