<annotation>
  <folder>LP</folder>
  <filename>032628126_P_T05</filename>
  <path>D:\SAT_LPR_DATA_2\T05_not_done\LP\032628126_P_T05.jpg</path>
  <source>
    <database>Unknown</database>
  </source>
  <size>
    <width>202</width>
    <height>112</height>
    <depth>1</depth>
  </size>
  <segmented>0</segmented>
  <object>
    <name>9</name>
    <pose>Unspecified</pose>
    <truncated>0</truncated>
    <difficult>0</difficult>
    <bndbox>
      <xmin>16</xmin>
      <ymin>37</ymin>
      <xmax>38</xmax>
      <ymax>80</ymax>
    </bndbox>
  </object>
  <object>
    <name>5</name>
    <pose>Unspecified</pose>
    <truncated>0</truncated>
    <difficult>0</difficult>
    <bndbox>
      <xmin>41</xmin>
      <ymin>38</ymin>
      <xmax>63</xmax>
      <ymax>81</ymax>
    </bndbox>
  </object>
  <object>
    <name>&#48260;</name>
    <pose>Unspecified</pose>
    <truncated>0</truncated>
    <difficult>0</difficult>
    <bndbox>
      <xmin>64</xmin>
      <ymin>47</ymin>
      <xmax>87</xmax>
      <ymax>82</ymax>
    </bndbox>
  </object>
  <object>
    <name>3</name>
    <pose>Unspecified</pose>
    <truncated>0</truncated>
    <difficult>0</difficult>
    <bndbox>
      <xmin>92</xmin>
      <ymin>40</ymin>
      <xmax>113</xmax>
      <ymax>82</ymax>
    </bndbox>
  </object>
  <object>
    <name>0</name>
    <pose>Unspecified</pose>
    <truncated>0</truncated>
    <difficult>0</difficult>
    <bndbox>
      <xmin>117</xmin>
      <ymin>40</ymin>
      <xmax>138</xmax>
      <ymax>85</ymax>
    </bndbox>
  </object>
  <object>
    <name>7</name>
    <pose>Unspecified</pose>
    <truncated>0</truncated>
    <difficult>0</difficult>
    <bndbox>
      <xmin>141</xmin>
      <ymin>42</ymin>
      <xmax>164</xmax>
      <ymax>85</ymax>
    </bndbox>
  </object>
  <object>
    <name>9</name>
    <pose>Unspecified</pose>
    <truncated>0</truncated>
    <difficult>0</difficult>
    <bndbox>
      <xmin>166</xmin>
      <ymin>42</ymin>
      <xmax>188</xmax>
      <ymax>87</ymax>
    </bndbox>
  </object>
</annotation>
