<annotation>
  <folder>LP</folder>
  <filename>032727916_P_T05</filename>
  <path>D:\SAT_LPR_DATA_2\T05_not_done\LP\032727916_P_T05.jpg</path>
  <source>
    <database>Unknown</database>
  </source>
  <size>
    <width>234</width>
    <height>116</height>
    <depth>1</depth>
  </size>
  <segmented>0</segmented>
  <object>
    <name>9</name>
    <pose>Unspecified</pose>
    <truncated>0</truncated>
    <difficult>0</difficult>
    <bndbox>
      <xmin>11</xmin>
      <ymin>40</ymin>
      <xmax>37</xmax>
      <ymax>93</ymax>
    </bndbox>
  </object>
  <object>
    <name>2</name>
    <pose>Unspecified</pose>
    <truncated>0</truncated>
    <difficult>0</difficult>
    <bndbox>
      <xmin>41</xmin>
      <ymin>40</ymin>
      <xmax>66</xmax>
      <ymax>93</ymax>
    </bndbox>
  </object>
  <object>
    <name>&#47336;</name>
    <pose>Unspecified</pose>
    <truncated>0</truncated>
    <difficult>0</difficult>
    <bndbox>
      <xmin>70</xmin>
      <ymin>50</ymin>
      <xmax>96</xmax>
      <ymax>93</ymax>
    </bndbox>
  </object>
  <object>
    <name>0</name>
    <pose>Unspecified</pose>
    <truncated>0</truncated>
    <difficult>0</difficult>
    <bndbox>
      <xmin>102</xmin>
      <ymin>41</ymin>
      <xmax>126</xmax>
      <ymax>93</ymax>
    </bndbox>
  </object>
  <object>
    <name>5</name>
    <pose>Unspecified</pose>
    <truncated>0</truncated>
    <difficult>0</difficult>
    <bndbox>
      <xmin>132</xmin>
      <ymin>41</ymin>
      <xmax>157</xmax>
      <ymax>92</ymax>
    </bndbox>
  </object>
  <object>
    <name>3</name>
    <pose>Unspecified</pose>
    <truncated>0</truncated>
    <difficult>0</difficult>
    <bndbox>
      <xmin>160</xmin>
      <ymin>41</ymin>
      <xmax>186</xmax>
      <ymax>93</ymax>
    </bndbox>
  </object>
  <object>
    <name>5</name>
    <pose>Unspecified</pose>
    <truncated>0</truncated>
    <difficult>0</difficult>
    <bndbox>
      <xmin>191</xmin>
      <ymin>41</ymin>
      <xmax>217</xmax>
      <ymax>93</ymax>
    </bndbox>
  </object>
</annotation>
