<annotation>
  <folder>LP</folder>
  <filename>033205404_P_T05</filename>
  <path>D:\SAT_LPR_DATA_2\T05_not_done\LP\033205404_P_T05.jpg</path>
  <source>
    <database>Unknown</database>
  </source>
  <size>
    <width>182</width>
    <height>109</height>
    <depth>1</depth>
  </size>
  <segmented>0</segmented>
  <object>
    <name>8</name>
    <pose>Unspecified</pose>
    <truncated>0</truncated>
    <difficult>0</difficult>
    <bndbox>
      <xmin>10</xmin>
      <ymin>30</ymin>
      <xmax>31</xmax>
      <ymax>71</ymax>
    </bndbox>
  </object>
  <object>
    <name>3</name>
    <pose>Unspecified</pose>
    <truncated>0</truncated>
    <difficult>0</difficult>
    <bndbox>
      <xmin>33</xmin>
      <ymin>32</ymin>
      <xmax>52</xmax>
      <ymax>74</ymax>
    </bndbox>
  </object>
  <object>
    <name>&#44032;</name>
    <pose>Unspecified</pose>
    <truncated>0</truncated>
    <difficult>0</difficult>
    <bndbox>
      <xmin>55</xmin>
      <ymin>42</ymin>
      <xmax>75</xmax>
      <ymax>75</ymax>
    </bndbox>
  </object>
  <object>
    <name>5</name>
    <pose>Unspecified</pose>
    <truncated>0</truncated>
    <difficult>0</difficult>
    <bndbox>
      <xmin>80</xmin>
      <ymin>37</ymin>
      <xmax>99</xmax>
      <ymax>78</ymax>
    </bndbox>
  </object>
  <object>
    <name>5</name>
    <pose>Unspecified</pose>
    <truncated>0</truncated>
    <difficult>0</difficult>
    <bndbox>
      <xmin>102</xmin>
      <ymin>38</ymin>
      <xmax>122</xmax>
      <ymax>79</ymax>
    </bndbox>
  </object>
  <object>
    <name>5</name>
    <pose>Unspecified</pose>
    <truncated>0</truncated>
    <difficult>0</difficult>
    <bndbox>
      <xmin>125</xmin>
      <ymin>40</ymin>
      <xmax>145</xmax>
      <ymax>82</ymax>
    </bndbox>
  </object>
  <object>
    <name>5</name>
    <pose>Unspecified</pose>
    <truncated>0</truncated>
    <difficult>0</difficult>
    <bndbox>
      <xmin>149</xmin>
      <ymin>41</ymin>
      <xmax>169</xmax>
      <ymax>83</ymax>
    </bndbox>
  </object>
</annotation>
