<annotation>
  <folder>LP</folder>
  <filename>033628708_P_T18</filename>
  <path>D:\ALBA\SAT_LPR_DATA_2\T18_not_done\LP\033628708_P_T18.jpg</path>
  <source>
    <database>Unknown</database>
  </source>
  <size>
    <width>222</width>
    <height>124</height>
    <depth>1</depth>
  </size>
  <segmented>0</segmented>
  <object>
    <name>&#44221;&#44592;_O</name>
    <pose>Unspecified</pose>
    <truncated>0</truncated>
    <difficult>0</difficult>
    <bndbox>
      <xmin>62</xmin>
      <ymin>13</ymin>
      <xmax>113</xmax>
      <ymax>40</ymax>
    </bndbox>
  </object>
  <object>
    <name>4</name>
    <pose>Unspecified</pose>
    <truncated>0</truncated>
    <difficult>0</difficult>
    <bndbox>
      <xmin>115</xmin>
      <ymin>14</ymin>
      <xmax>136</xmax>
      <ymax>43</ymax>
    </bndbox>
  </object>
  <object>
    <name>2</name>
    <pose>Unspecified</pose>
    <truncated>0</truncated>
    <difficult>0</difficult>
    <bndbox>
      <xmin>139</xmin>
      <ymin>12</ymin>
      <xmax>162</xmax>
      <ymax>44</ymax>
    </bndbox>
  </object>
  <object>
    <name>&#47336;</name>
    <pose>Unspecified</pose>
    <truncated>0</truncated>
    <difficult>0</difficult>
    <bndbox>
      <xmin>14</xmin>
      <ymin>46</ymin>
      <xmax>53</xmax>
      <ymax>90</ymax>
    </bndbox>
  </object>
  <object>
    <name>5</name>
    <pose>Unspecified</pose>
    <truncated>0</truncated>
    <difficult>0</difficult>
    <bndbox>
      <xmin>67</xmin>
      <ymin>46</ymin>
      <xmax>100</xmax>
      <ymax>110</ymax>
    </bndbox>
  </object>
  <object>
    <name>8</name>
    <pose>Unspecified</pose>
    <truncated>0</truncated>
    <difficult>0</difficult>
    <bndbox>
      <xmin>103</xmin>
      <ymin>48</ymin>
      <xmax>136</xmax>
      <ymax>111</ymax>
    </bndbox>
  </object>
  <object>
    <name>3</name>
    <pose>Unspecified</pose>
    <truncated>0</truncated>
    <difficult>0</difficult>
    <bndbox>
      <xmin>139</xmin>
      <ymin>48</ymin>
      <xmax>171</xmax>
      <ymax>111</ymax>
    </bndbox>
  </object>
  <object>
    <name>3</name>
    <pose>Unspecified</pose>
    <truncated>0</truncated>
    <difficult>0</difficult>
    <bndbox>
      <xmin>175</xmin>
      <ymin>47</ymin>
      <xmax>211</xmax>
      <ymax>112</ymax>
    </bndbox>
  </object>
</annotation>
