<annotation>
  <folder>LP</folder>
  <filename>034124863_P_T05</filename>
  <path>D:\SAT_LPR_DATA_2\T05_not_done\LP\034124863_P_T05.jpg</path>
  <source>
    <database>Unknown</database>
  </source>
  <size>
    <width>230</width>
    <height>112</height>
    <depth>1</depth>
  </size>
  <segmented>0</segmented>
  <object>
    <name>9</name>
    <pose>Unspecified</pose>
    <truncated>0</truncated>
    <difficult>0</difficult>
    <bndbox>
      <xmin>17</xmin>
      <ymin>40</ymin>
      <xmax>41</xmax>
      <ymax>91</ymax>
    </bndbox>
  </object>
  <object>
    <name>2</name>
    <pose>Unspecified</pose>
    <truncated>0</truncated>
    <difficult>0</difficult>
    <bndbox>
      <xmin>46</xmin>
      <ymin>40</ymin>
      <xmax>70</xmax>
      <ymax>91</ymax>
    </bndbox>
  </object>
  <object>
    <name>&#47784;</name>
    <pose>Unspecified</pose>
    <truncated>0</truncated>
    <difficult>0</difficult>
    <bndbox>
      <xmin>74</xmin>
      <ymin>49</ymin>
      <xmax>99</xmax>
      <ymax>90</ymax>
    </bndbox>
  </object>
  <object>
    <name>1</name>
    <pose>Unspecified</pose>
    <truncated>0</truncated>
    <difficult>0</difficult>
    <bndbox>
      <xmin>106</xmin>
      <ymin>40</ymin>
      <xmax>130</xmax>
      <ymax>90</ymax>
    </bndbox>
  </object>
  <object>
    <name>9</name>
    <pose>Unspecified</pose>
    <truncated>0</truncated>
    <difficult>0</difficult>
    <bndbox>
      <xmin>132</xmin>
      <ymin>39</ymin>
      <xmax>157</xmax>
      <ymax>90</ymax>
    </bndbox>
  </object>
  <object>
    <name>3</name>
    <pose>Unspecified</pose>
    <truncated>0</truncated>
    <difficult>0</difficult>
    <bndbox>
      <xmin>162</xmin>
      <ymin>39</ymin>
      <xmax>186</xmax>
      <ymax>90</ymax>
    </bndbox>
  </object>
  <object>
    <name>4</name>
    <pose>Unspecified</pose>
    <truncated>0</truncated>
    <difficult>0</difficult>
    <bndbox>
      <xmin>190</xmin>
      <ymin>38</ymin>
      <xmax>217</xmax>
      <ymax>91</ymax>
    </bndbox>
  </object>
</annotation>
