<annotation>
  <folder>LP</folder>
  <filename>034310230_P_T05</filename>
  <path>D:\SAT_LPR_DATA_2\T05_not_done\LP\034310230_P_T05.jpg</path>
  <source>
    <database>Unknown</database>
  </source>
  <size>
    <width>259</width>
    <height>129</height>
    <depth>1</depth>
  </size>
  <segmented>0</segmented>
  <object>
    <name>9</name>
    <pose>Unspecified</pose>
    <truncated>0</truncated>
    <difficult>0</difficult>
    <bndbox>
      <xmin>21</xmin>
      <ymin>48</ymin>
      <xmax>49</xmax>
      <ymax>107</ymax>
    </bndbox>
  </object>
  <object>
    <name>7</name>
    <pose>Unspecified</pose>
    <truncated>0</truncated>
    <difficult>0</difficult>
    <bndbox>
      <xmin>51</xmin>
      <ymin>48</ymin>
      <xmax>78</xmax>
      <ymax>105</ymax>
    </bndbox>
  </object>
  <object>
    <name>&#45208;</name>
    <pose>Unspecified</pose>
    <truncated>0</truncated>
    <difficult>0</difficult>
    <bndbox>
      <xmin>82</xmin>
      <ymin>56</ymin>
      <xmax>111</xmax>
      <ymax>103</ymax>
    </bndbox>
  </object>
  <object>
    <name>0</name>
    <pose>Unspecified</pose>
    <truncated>0</truncated>
    <difficult>0</difficult>
    <bndbox>
      <xmin>117</xmin>
      <ymin>43</ymin>
      <xmax>147</xmax>
      <ymax>103</ymax>
    </bndbox>
  </object>
  <object>
    <name>5</name>
    <pose>Unspecified</pose>
    <truncated>0</truncated>
    <difficult>0</difficult>
    <bndbox>
      <xmin>149</xmin>
      <ymin>43</ymin>
      <xmax>179</xmax>
      <ymax>101</ymax>
    </bndbox>
  </object>
  <object>
    <name>0</name>
    <pose>Unspecified</pose>
    <truncated>0</truncated>
    <difficult>0</difficult>
    <bndbox>
      <xmin>181</xmin>
      <ymin>41</ymin>
      <xmax>210</xmax>
      <ymax>100</ymax>
    </bndbox>
  </object>
  <object>
    <name>0</name>
    <pose>Unspecified</pose>
    <truncated>0</truncated>
    <difficult>0</difficult>
    <bndbox>
      <xmin>212</xmin>
      <ymin>39</ymin>
      <xmax>243</xmax>
      <ymax>99</ymax>
    </bndbox>
  </object>
</annotation>
