<annotation>
  <folder>LP</folder>
  <filename>034511817_P_T13</filename>
  <path>C:\Users\sat\Desktop\SAT_LPR_DATA_2\T13_not_done\LP\034511817_P_T13.jpg</path>
  <source>
    <database>Unknown</database>
  </source>
  <size>
    <width>274</width>
    <height>138</height>
    <depth>1</depth>
  </size>
  <segmented>0</segmented>
  <object>
    <name>&#44305;&#51452;_D</name>
    <pose>Unspecified</pose>
    <truncated>0</truncated>
    <difficult>0</difficult>
    <bndbox>
      <xmin>70</xmin>
      <ymin>16</ymin>
      <xmax>197</xmax>
      <ymax>65</ymax>
    </bndbox>
  </object>
  <object>
    <name>0</name>
    <pose>Unspecified</pose>
    <truncated>0</truncated>
    <difficult>0</difficult>
    <bndbox>
      <xmin>20</xmin>
      <ymin>64</ymin>
      <xmax>54</xmax>
      <ymax>107</ymax>
    </bndbox>
  </object>
  <object>
    <name>6</name>
    <pose>Unspecified</pose>
    <truncated>0</truncated>
    <difficult>0</difficult>
    <bndbox>
      <xmin>55</xmin>
      <ymin>66</ymin>
      <xmax>89</xmax>
      <ymax>108</ymax>
    </bndbox>
  </object>
  <object>
    <name>&#46972;</name>
    <pose>Unspecified</pose>
    <truncated>0</truncated>
    <difficult>0</difficult>
    <bndbox>
      <xmin>89</xmin>
      <ymin>73</ymin>
      <xmax>115</xmax>
      <ymax>107</ymax>
    </bndbox>
  </object>
  <object>
    <name>3</name>
    <pose>Unspecified</pose>
    <truncated>0</truncated>
    <difficult>0</difficult>
    <bndbox>
      <xmin>117</xmin>
      <ymin>71</ymin>
      <xmax>153</xmax>
      <ymax>112</ymax>
    </bndbox>
  </object>
  <object>
    <name>0</name>
    <pose>Unspecified</pose>
    <truncated>0</truncated>
    <difficult>0</difficult>
    <bndbox>
      <xmin>154</xmin>
      <ymin>73</ymin>
      <xmax>189</xmax>
      <ymax>114</ymax>
    </bndbox>
  </object>
  <object>
    <name>0</name>
    <pose>Unspecified</pose>
    <truncated>0</truncated>
    <difficult>0</difficult>
    <bndbox>
      <xmin>190</xmin>
      <ymin>75</ymin>
      <xmax>226</xmax>
      <ymax>118</ymax>
    </bndbox>
  </object>
  <object>
    <name>7</name>
    <pose>Unspecified</pose>
    <truncated>0</truncated>
    <difficult>0</difficult>
    <bndbox>
      <xmin>229</xmin>
      <ymin>76</ymin>
      <xmax>263</xmax>
      <ymax>123</ymax>
    </bndbox>
  </object>
</annotation>
