<annotation>
  <folder>LP</folder>
  <filename>034820546_P_T17</filename>
  <path>D:\SAT_LPR_DATA_2\T17_not_done\LP\034820546_P_T17.jpg</path>
  <source>
    <database>Unknown</database>
  </source>
  <size>
    <width>230</width>
    <height>120</height>
    <depth>1</depth>
  </size>
  <segmented>0</segmented>
  <object>
    <name>9</name>
    <pose>Unspecified</pose>
    <truncated>0</truncated>
    <difficult>0</difficult>
    <bndbox>
      <xmin>57</xmin>
      <ymin>11</ymin>
      <xmax>88</xmax>
      <ymax>44</ymax>
    </bndbox>
  </object>
  <object>
    <name>4</name>
    <pose>Unspecified</pose>
    <truncated>0</truncated>
    <difficult>0</difficult>
    <bndbox>
      <xmin>96</xmin>
      <ymin>12</ymin>
      <xmax>126</xmax>
      <ymax>44</ymax>
    </bndbox>
  </object>
  <object>
    <name>&#51452;</name>
    <pose>Unspecified</pose>
    <truncated>0</truncated>
    <difficult>0</difficult>
    <bndbox>
      <xmin>134</xmin>
      <ymin>12</ymin>
      <xmax>164</xmax>
      <ymax>45</ymax>
    </bndbox>
  </object>
  <object>
    <name>4</name>
    <pose>Unspecified</pose>
    <truncated>0</truncated>
    <difficult>0</difficult>
    <bndbox>
      <xmin>26</xmin>
      <ymin>51</ymin>
      <xmax>60</xmax>
      <ymax>106</ymax>
    </bndbox>
  </object>
  <object>
    <name>2</name>
    <pose>Unspecified</pose>
    <truncated>0</truncated>
    <difficult>0</difficult>
    <bndbox>
      <xmin>72</xmin>
      <ymin>51</ymin>
      <xmax>109</xmax>
      <ymax>108</ymax>
    </bndbox>
  </object>
  <object>
    <name>0</name>
    <pose>Unspecified</pose>
    <truncated>0</truncated>
    <difficult>0</difficult>
    <bndbox>
      <xmin>120</xmin>
      <ymin>51</ymin>
      <xmax>157</xmax>
      <ymax>109</ymax>
    </bndbox>
  </object>
  <object>
    <name>8</name>
    <pose>Unspecified</pose>
    <truncated>0</truncated>
    <difficult>0</difficult>
    <bndbox>
      <xmin>169</xmin>
      <ymin>51</ymin>
      <xmax>208</xmax>
      <ymax>110</ymax>
    </bndbox>
  </object>
</annotation>
