<annotation>
  <folder>LP</folder>
  <filename>035251864_P_T05</filename>
  <path>D:\SAT_LPR_DATA_2\T05_not_done\LP\035251864_P_T05.jpg</path>
  <source>
    <database>Unknown</database>
  </source>
  <size>
    <width>195</width>
    <height>116</height>
    <depth>1</depth>
  </size>
  <segmented>0</segmented>
  <object>
    <name>8</name>
    <pose>Unspecified</pose>
    <truncated>0</truncated>
    <difficult>0</difficult>
    <bndbox>
      <xmin>11</xmin>
      <ymin>37</ymin>
      <xmax>33</xmax>
      <ymax>81</ymax>
    </bndbox>
  </object>
  <object>
    <name>6</name>
    <pose>Unspecified</pose>
    <truncated>0</truncated>
    <difficult>0</difficult>
    <bndbox>
      <xmin>35</xmin>
      <ymin>38</ymin>
      <xmax>57</xmax>
      <ymax>83</ymax>
    </bndbox>
  </object>
  <object>
    <name>&#45320;</name>
    <pose>Unspecified</pose>
    <truncated>0</truncated>
    <difficult>0</difficult>
    <bndbox>
      <xmin>58</xmin>
      <ymin>47</ymin>
      <xmax>81</xmax>
      <ymax>83</ymax>
    </bndbox>
  </object>
  <object>
    <name>3</name>
    <pose>Unspecified</pose>
    <truncated>0</truncated>
    <difficult>0</difficult>
    <bndbox>
      <xmin>85</xmin>
      <ymin>41</ymin>
      <xmax>107</xmax>
      <ymax>85</ymax>
    </bndbox>
  </object>
  <object>
    <name>8</name>
    <pose>Unspecified</pose>
    <truncated>0</truncated>
    <difficult>0</difficult>
    <bndbox>
      <xmin>109</xmin>
      <ymin>42</ymin>
      <xmax>132</xmax>
      <ymax>87</ymax>
    </bndbox>
  </object>
  <object>
    <name>5</name>
    <pose>Unspecified</pose>
    <truncated>0</truncated>
    <difficult>0</difficult>
    <bndbox>
      <xmin>135</xmin>
      <ymin>44</ymin>
      <xmax>156</xmax>
      <ymax>89</ymax>
    </bndbox>
  </object>
  <object>
    <name>9</name>
    <pose>Unspecified</pose>
    <truncated>0</truncated>
    <difficult>0</difficult>
    <bndbox>
      <xmin>159</xmin>
      <ymin>44</ymin>
      <xmax>182</xmax>
      <ymax>88</ymax>
    </bndbox>
  </object>
</annotation>
