<annotation>
  <folder>LP</folder>
  <filename>035327172_P_T04</filename>
  <path>D:\ALBA\2.SAT_LPR_DATA\T04_not_done\LP\035327172_P_T04.jpg</path>
  <source>
    <database>Unknown</database>
  </source>
  <size>
    <width>220</width>
    <height>61</height>
    <depth>1</depth>
  </size>
  <segmented>0</segmented>
  <object>
    <name>&#50872;&#49328;_V</name>
    <pose>Unspecified</pose>
    <truncated>0</truncated>
    <difficult>0</difficult>
    <bndbox>
      <xmin>17</xmin>
      <ymin>8</ymin>
      <xmax>39</xmax>
      <ymax>44</ymax>
    </bndbox>
  </object>
  <object>
    <name>8</name>
    <pose>Unspecified</pose>
    <truncated>0</truncated>
    <difficult>0</difficult>
    <bndbox>
      <xmin>40</xmin>
      <ymin>10</ymin>
      <xmax>61</xmax>
      <ymax>45</ymax>
    </bndbox>
  </object>
  <object>
    <name>1</name>
    <pose>Unspecified</pose>
    <truncated>0</truncated>
    <difficult>0</difficult>
    <bndbox>
      <xmin>64</xmin>
      <ymin>11</ymin>
      <xmax>79</xmax>
      <ymax>46</ymax>
    </bndbox>
  </object>
  <object>
    <name>&#50500;</name>
    <pose>Unspecified</pose>
    <truncated>0</truncated>
    <difficult>0</difficult>
    <bndbox>
      <xmin>85</xmin>
      <ymin>13</ymin>
      <xmax>106</xmax>
      <ymax>45</ymax>
    </bndbox>
  </object>
  <object>
    <name>9</name>
    <pose>Unspecified</pose>
    <truncated>0</truncated>
    <difficult>0</difficult>
    <bndbox>
      <xmin>114</xmin>
      <ymin>13</ymin>
      <xmax>135</xmax>
      <ymax>47</ymax>
    </bndbox>
  </object>
  <object>
    <name>6</name>
    <pose>Unspecified</pose>
    <truncated>0</truncated>
    <difficult>0</difficult>
    <bndbox>
      <xmin>137</xmin>
      <ymin>14</ymin>
      <xmax>159</xmax>
      <ymax>48</ymax>
    </bndbox>
  </object>
  <object>
    <name>1</name>
    <pose>Unspecified</pose>
    <truncated>0</truncated>
    <difficult>0</difficult>
    <bndbox>
      <xmin>161</xmin>
      <ymin>14</ymin>
      <xmax>176</xmax>
      <ymax>49</ymax>
    </bndbox>
  </object>
  <object>
    <name>7</name>
    <pose>Unspecified</pose>
    <truncated>0</truncated>
    <difficult>0</difficult>
    <bndbox>
      <xmin>182</xmin>
      <ymin>15</ymin>
      <xmax>204</xmax>
      <ymax>49</ymax>
    </bndbox>
  </object>
</annotation>
