<annotation>
  <folder>LP</folder>
  <filename>035542770_P_T14</filename>
  <path>D:\ALBA\SAT_LPR_DATA_2\T14_not_done\LP\035542770_P_T14.jpg</path>
  <source>
    <database>Unknown</database>
  </source>
  <size>
    <width>280</width>
    <height>134</height>
    <depth>1</depth>
  </size>
  <segmented>0</segmented>
  <object>
    <name>&#50689;</name>
    <pose>Unspecified</pose>
    <truncated>0</truncated>
    <difficult>0</difficult>
    <bndbox>
      <xmin>22</xmin>
      <ymin>20</ymin>
      <xmax>56</xmax>
      <ymax>56</ymax>
    </bndbox>
  </object>
  <object>
    <name>&#51204;&#45224;_D</name>
    <pose>Unspecified</pose>
    <truncated>0</truncated>
    <difficult>0</difficult>
    <bndbox>
      <xmin>66</xmin>
      <ymin>17</ymin>
      <xmax>205</xmax>
      <ymax>57</ymax>
    </bndbox>
  </object>
  <object>
    <name>0</name>
    <pose>Unspecified</pose>
    <truncated>0</truncated>
    <difficult>0</difficult>
    <bndbox>
      <xmin>25</xmin>
      <ymin>66</ymin>
      <xmax>56</xmax>
      <ymax>113</ymax>
    </bndbox>
  </object>
  <object>
    <name>6</name>
    <pose>Unspecified</pose>
    <truncated>0</truncated>
    <difficult>0</difficult>
    <bndbox>
      <xmin>59</xmin>
      <ymin>66</ymin>
      <xmax>91</xmax>
      <ymax>113</ymax>
    </bndbox>
  </object>
  <object>
    <name>&#48148;</name>
    <pose>Unspecified</pose>
    <truncated>0</truncated>
    <difficult>0</difficult>
    <bndbox>
      <xmin>92</xmin>
      <ymin>70</ymin>
      <xmax>119</xmax>
      <ymax>112</ymax>
    </bndbox>
  </object>
  <object>
    <name>8</name>
    <pose>Unspecified</pose>
    <truncated>0</truncated>
    <difficult>0</difficult>
    <bndbox>
      <xmin>120</xmin>
      <ymin>66</ymin>
      <xmax>153</xmax>
      <ymax>114</ymax>
    </bndbox>
  </object>
  <object>
    <name>8</name>
    <pose>Unspecified</pose>
    <truncated>0</truncated>
    <difficult>0</difficult>
    <bndbox>
      <xmin>156</xmin>
      <ymin>67</ymin>
      <xmax>189</xmax>
      <ymax>114</ymax>
    </bndbox>
  </object>
  <object>
    <name>4</name>
    <pose>Unspecified</pose>
    <truncated>0</truncated>
    <difficult>0</difficult>
    <bndbox>
      <xmin>195</xmin>
      <ymin>68</ymin>
      <xmax>227</xmax>
      <ymax>116</ymax>
    </bndbox>
  </object>
  <object>
    <name>5</name>
    <pose>Unspecified</pose>
    <truncated>0</truncated>
    <difficult>0</difficult>
    <bndbox>
      <xmin>232</xmin>
      <ymin>68</ymin>
      <xmax>264</xmax>
      <ymax>117</ymax>
    </bndbox>
  </object>
</annotation>
