<annotation>
  <folder>LP</folder>
  <filename>035952630_P_T05</filename>
  <path>D:\SAT_LPR_DATA_2\T05_not_done\LP\035952630_P_T05.jpg</path>
  <source>
    <database>Unknown</database>
  </source>
  <size>
    <width>191</width>
    <height>113</height>
    <depth>1</depth>
  </size>
  <segmented>0</segmented>
  <object>
    <name>9</name>
    <pose>Unspecified</pose>
    <truncated>0</truncated>
    <difficult>0</difficult>
    <bndbox>
      <xmin>12</xmin>
      <ymin>36</ymin>
      <xmax>33</xmax>
      <ymax>80</ymax>
    </bndbox>
  </object>
  <object>
    <name>6</name>
    <pose>Unspecified</pose>
    <truncated>0</truncated>
    <difficult>0</difficult>
    <bndbox>
      <xmin>36</xmin>
      <ymin>38</ymin>
      <xmax>58</xmax>
      <ymax>82</ymax>
    </bndbox>
  </object>
  <object>
    <name>&#49548;</name>
    <pose>Unspecified</pose>
    <truncated>0</truncated>
    <difficult>0</difficult>
    <bndbox>
      <xmin>59</xmin>
      <ymin>47</ymin>
      <xmax>81</xmax>
      <ymax>83</ymax>
    </bndbox>
  </object>
  <object>
    <name>4</name>
    <pose>Unspecified</pose>
    <truncated>0</truncated>
    <difficult>0</difficult>
    <bndbox>
      <xmin>85</xmin>
      <ymin>40</ymin>
      <xmax>108</xmax>
      <ymax>84</ymax>
    </bndbox>
  </object>
  <object>
    <name>7</name>
    <pose>Unspecified</pose>
    <truncated>0</truncated>
    <difficult>0</difficult>
    <bndbox>
      <xmin>111</xmin>
      <ymin>40</ymin>
      <xmax>134</xmax>
      <ymax>86</ymax>
    </bndbox>
  </object>
  <object>
    <name>2</name>
    <pose>Unspecified</pose>
    <truncated>0</truncated>
    <difficult>0</difficult>
    <bndbox>
      <xmin>136</xmin>
      <ymin>42</ymin>
      <xmax>157</xmax>
      <ymax>86</ymax>
    </bndbox>
  </object>
  <object>
    <name>8</name>
    <pose>Unspecified</pose>
    <truncated>0</truncated>
    <difficult>0</difficult>
    <bndbox>
      <xmin>160</xmin>
      <ymin>43</ymin>
      <xmax>183</xmax>
      <ymax>88</ymax>
    </bndbox>
  </object>
</annotation>
