<annotation>
  <folder>LP</folder>
  <filename>035936156_P_T05</filename>
  <path>D:\SAT_LPR_DATA_2\T05_not_done\LP\035936156_P_T05.jpg</path>
  <source>
    <database>Unknown</database>
  </source>
  <size>
    <width>217</width>
    <height>120</height>
    <depth>1</depth>
  </size>
  <segmented>0</segmented>
  <object>
    <name>9</name>
    <pose>Unspecified</pose>
    <truncated>0</truncated>
    <difficult>0</difficult>
    <bndbox>
      <xmin>16</xmin>
      <ymin>41</ymin>
      <xmax>40</xmax>
      <ymax>93</ymax>
    </bndbox>
  </object>
  <object>
    <name>3</name>
    <pose>Unspecified</pose>
    <truncated>0</truncated>
    <difficult>0</difficult>
    <bndbox>
      <xmin>43</xmin>
      <ymin>43</ymin>
      <xmax>68</xmax>
      <ymax>95</ymax>
    </bndbox>
  </object>
  <object>
    <name>&#45320;</name>
    <pose>Unspecified</pose>
    <truncated>0</truncated>
    <difficult>0</difficult>
    <bndbox>
      <xmin>70</xmin>
      <ymin>53</ymin>
      <xmax>96</xmax>
      <ymax>96</ymax>
    </bndbox>
  </object>
  <object>
    <name>2</name>
    <pose>Unspecified</pose>
    <truncated>0</truncated>
    <difficult>0</difficult>
    <bndbox>
      <xmin>100</xmin>
      <ymin>44</ymin>
      <xmax>125</xmax>
      <ymax>98</ymax>
    </bndbox>
  </object>
  <object>
    <name>0</name>
    <pose>Unspecified</pose>
    <truncated>0</truncated>
    <difficult>0</difficult>
    <bndbox>
      <xmin>129</xmin>
      <ymin>46</ymin>
      <xmax>152</xmax>
      <ymax>98</ymax>
    </bndbox>
  </object>
  <object>
    <name>2</name>
    <pose>Unspecified</pose>
    <truncated>0</truncated>
    <difficult>0</difficult>
    <bndbox>
      <xmin>157</xmin>
      <ymin>46</ymin>
      <xmax>180</xmax>
      <ymax>100</ymax>
    </bndbox>
  </object>
  <object>
    <name>7</name>
    <pose>Unspecified</pose>
    <truncated>0</truncated>
    <difficult>0</difficult>
    <bndbox>
      <xmin>184</xmin>
      <ymin>48</ymin>
      <xmax>208</xmax>
      <ymax>99</ymax>
    </bndbox>
  </object>
</annotation>
