<annotation>
  <folder>LP</folder>
  <filename>040014109_P_T05</filename>
  <path>D:\SAT_LPR_DATA_2\T05_not_done\LP\040014109_P_T05.jpg</path>
  <source>
    <database>Unknown</database>
  </source>
  <size>
    <width>192</width>
    <height>105</height>
    <depth>1</depth>
  </size>
  <segmented>0</segmented>
  <object>
    <name>8</name>
    <pose>Unspecified</pose>
    <truncated>0</truncated>
    <difficult>0</difficult>
    <bndbox>
      <xmin>9</xmin>
      <ymin>34</ymin>
      <xmax>33</xmax>
      <ymax>77</ymax>
    </bndbox>
  </object>
  <object>
    <name>5</name>
    <pose>Unspecified</pose>
    <truncated>0</truncated>
    <difficult>0</difficult>
    <bndbox>
      <xmin>35</xmin>
      <ymin>35</ymin>
      <xmax>57</xmax>
      <ymax>79</ymax>
    </bndbox>
  </object>
  <object>
    <name>&#44032;</name>
    <pose>Unspecified</pose>
    <truncated>0</truncated>
    <difficult>0</difficult>
    <bndbox>
      <xmin>59</xmin>
      <ymin>43</ymin>
      <xmax>82</xmax>
      <ymax>80</ymax>
    </bndbox>
  </object>
  <object>
    <name>4</name>
    <pose>Unspecified</pose>
    <truncated>0</truncated>
    <difficult>0</difficult>
    <bndbox>
      <xmin>86</xmin>
      <ymin>37</ymin>
      <xmax>109</xmax>
      <ymax>81</ymax>
    </bndbox>
  </object>
  <object>
    <name>6</name>
    <pose>Unspecified</pose>
    <truncated>0</truncated>
    <difficult>0</difficult>
    <bndbox>
      <xmin>111</xmin>
      <ymin>39</ymin>
      <xmax>133</xmax>
      <ymax>83</ymax>
    </bndbox>
  </object>
  <object>
    <name>6</name>
    <pose>Unspecified</pose>
    <truncated>0</truncated>
    <difficult>0</difficult>
    <bndbox>
      <xmin>136</xmin>
      <ymin>40</ymin>
      <xmax>157</xmax>
      <ymax>84</ymax>
    </bndbox>
  </object>
  <object>
    <name>9</name>
    <pose>Unspecified</pose>
    <truncated>0</truncated>
    <difficult>0</difficult>
    <bndbox>
      <xmin>160</xmin>
      <ymin>39</ymin>
      <xmax>183</xmax>
      <ymax>85</ymax>
    </bndbox>
  </object>
</annotation>
