<annotation>
  <folder>LP</folder>
  <filename>040133_P_T18</filename>
  <path>D:\2.SAT_LPR_DATA\T18_not_done\LP\040133_P_T18.jpg</path>
  <source>
    <database>Unknown</database>
  </source>
  <size>
    <width>285</width>
    <height>156</height>
    <depth>1</depth>
  </size>
  <segmented>0</segmented>
  <object>
    <name>&#52649;&#45224;_O</name>
    <pose>Unspecified</pose>
    <truncated>0</truncated>
    <difficult>0</difficult>
    <bndbox>
      <xmin>78</xmin>
      <ymin>20</ymin>
      <xmax>142</xmax>
      <ymax>55</ymax>
    </bndbox>
  </object>
  <object>
    <name>8</name>
    <pose>Unspecified</pose>
    <truncated>0</truncated>
    <difficult>0</difficult>
    <bndbox>
      <xmin>146</xmin>
      <ymin>22</ymin>
      <xmax>173</xmax>
      <ymax>58</ymax>
    </bndbox>
  </object>
  <object>
    <name>7</name>
    <pose>Unspecified</pose>
    <truncated>0</truncated>
    <difficult>0</difficult>
    <bndbox>
      <xmin>175</xmin>
      <ymin>21</ymin>
      <xmax>203</xmax>
      <ymax>58</ymax>
    </bndbox>
  </object>
  <object>
    <name>&#45432;</name>
    <pose>Unspecified</pose>
    <truncated>0</truncated>
    <difficult>0</difficult>
    <bndbox>
      <xmin>25</xmin>
      <ymin>65</ymin>
      <xmax>74</xmax>
      <ymax>107</ymax>
    </bndbox>
  </object>
  <object>
    <name>8</name>
    <pose>Unspecified</pose>
    <truncated>0</truncated>
    <difficult>0</difficult>
    <bndbox>
      <xmin>88</xmin>
      <ymin>63</ymin>
      <xmax>128</xmax>
      <ymax>136</ymax>
    </bndbox>
  </object>
  <object>
    <name>9</name>
    <pose>Unspecified</pose>
    <truncated>0</truncated>
    <difficult>0</difficult>
    <bndbox>
      <xmin>130</xmin>
      <ymin>62</ymin>
      <xmax>171</xmax>
      <ymax>137</ymax>
    </bndbox>
  </object>
  <object>
    <name>9</name>
    <pose>Unspecified</pose>
    <truncated>0</truncated>
    <difficult>0</difficult>
    <bndbox>
      <xmin>175</xmin>
      <ymin>63</ymin>
      <xmax>215</xmax>
      <ymax>138</ymax>
    </bndbox>
  </object>
  <object>
    <name>7</name>
    <pose>Unspecified</pose>
    <truncated>0</truncated>
    <difficult>0</difficult>
    <bndbox>
      <xmin>217</xmin>
      <ymin>63</ymin>
      <xmax>258</xmax>
      <ymax>139</ymax>
    </bndbox>
  </object>
</annotation>
