<annotation>
  <folder>LP</folder>
  <filename>040202759_P_T05</filename>
  <path>D:\SAT_LPR_DATA_2\T05_not_done\LP\040202759_P_T05.jpg</path>
  <source>
    <database>Unknown</database>
  </source>
  <size>
    <width>262</width>
    <height>134</height>
    <depth>1</depth>
  </size>
  <segmented>0</segmented>
  <object>
    <name>9</name>
    <pose>Unspecified</pose>
    <truncated>0</truncated>
    <difficult>0</difficult>
    <bndbox>
      <xmin>20</xmin>
      <ymin>47</ymin>
      <xmax>49</xmax>
      <ymax>106</ymax>
    </bndbox>
  </object>
  <object>
    <name>7</name>
    <pose>Unspecified</pose>
    <truncated>0</truncated>
    <difficult>0</difficult>
    <bndbox>
      <xmin>50</xmin>
      <ymin>46</ymin>
      <xmax>80</xmax>
      <ymax>105</ymax>
    </bndbox>
  </object>
  <object>
    <name>&#45208;</name>
    <pose>Unspecified</pose>
    <truncated>0</truncated>
    <difficult>0</difficult>
    <bndbox>
      <xmin>82</xmin>
      <ymin>55</ymin>
      <xmax>113</xmax>
      <ymax>103</ymax>
    </bndbox>
  </object>
  <object>
    <name>0</name>
    <pose>Unspecified</pose>
    <truncated>0</truncated>
    <difficult>0</difficult>
    <bndbox>
      <xmin>119</xmin>
      <ymin>43</ymin>
      <xmax>149</xmax>
      <ymax>102</ymax>
    </bndbox>
  </object>
  <object>
    <name>5</name>
    <pose>Unspecified</pose>
    <truncated>0</truncated>
    <difficult>0</difficult>
    <bndbox>
      <xmin>153</xmin>
      <ymin>41</ymin>
      <xmax>182</xmax>
      <ymax>101</ymax>
    </bndbox>
  </object>
  <object>
    <name>0</name>
    <pose>Unspecified</pose>
    <truncated>0</truncated>
    <difficult>0</difficult>
    <bndbox>
      <xmin>184</xmin>
      <ymin>39</ymin>
      <xmax>214</xmax>
      <ymax>99</ymax>
    </bndbox>
  </object>
  <object>
    <name>0</name>
    <pose>Unspecified</pose>
    <truncated>0</truncated>
    <difficult>0</difficult>
    <bndbox>
      <xmin>216</xmin>
      <ymin>37</ymin>
      <xmax>247</xmax>
      <ymax>98</ymax>
    </bndbox>
  </object>
</annotation>
