<annotation>
  <folder>LP</folder>
  <filename>040236299_P_T05</filename>
  <path>D:\SAT_LPR_DATA_2\T05_not_done\LP\040236299_P_T05.jpg</path>
  <source>
    <database>Unknown</database>
  </source>
  <size>
    <width>253</width>
    <height>133</height>
    <depth>1</depth>
  </size>
  <segmented>0</segmented>
  <object>
    <name>9</name>
    <pose>Unspecified</pose>
    <truncated>0</truncated>
    <difficult>0</difficult>
    <bndbox>
      <xmin>18</xmin>
      <ymin>52</ymin>
      <xmax>46</xmax>
      <ymax>109</ymax>
    </bndbox>
  </object>
  <object>
    <name>7</name>
    <pose>Unspecified</pose>
    <truncated>0</truncated>
    <difficult>0</difficult>
    <bndbox>
      <xmin>47</xmin>
      <ymin>51</ymin>
      <xmax>75</xmax>
      <ymax>109</ymax>
    </bndbox>
  </object>
  <object>
    <name>&#45208;</name>
    <pose>Unspecified</pose>
    <truncated>0</truncated>
    <difficult>0</difficult>
    <bndbox>
      <xmin>78</xmin>
      <ymin>60</ymin>
      <xmax>107</xmax>
      <ymax>107</ymax>
    </bndbox>
  </object>
  <object>
    <name>0</name>
    <pose>Unspecified</pose>
    <truncated>0</truncated>
    <difficult>0</difficult>
    <bndbox>
      <xmin>112</xmin>
      <ymin>48</ymin>
      <xmax>142</xmax>
      <ymax>106</ymax>
    </bndbox>
  </object>
  <object>
    <name>5</name>
    <pose>Unspecified</pose>
    <truncated>0</truncated>
    <difficult>0</difficult>
    <bndbox>
      <xmin>144</xmin>
      <ymin>47</ymin>
      <xmax>173</xmax>
      <ymax>104</ymax>
    </bndbox>
  </object>
  <object>
    <name>0</name>
    <pose>Unspecified</pose>
    <truncated>0</truncated>
    <difficult>0</difficult>
    <bndbox>
      <xmin>175</xmin>
      <ymin>45</ymin>
      <xmax>204</xmax>
      <ymax>103</ymax>
    </bndbox>
  </object>
  <object>
    <name>0</name>
    <pose>Unspecified</pose>
    <truncated>0</truncated>
    <difficult>0</difficult>
    <bndbox>
      <xmin>206</xmin>
      <ymin>43</ymin>
      <xmax>236</xmax>
      <ymax>101</ymax>
    </bndbox>
  </object>
</annotation>
