<annotation>
  <folder>LP</folder>
  <filename>040446157_P_T13</filename>
  <path>D:\2.SAT_LPR_DATA\T13_not_done\LP\040446157_P_T13.jpg</path>
  <source>
    <database>Unknown</database>
  </source>
  <size>
    <width>304</width>
    <height>145</height>
    <depth>1</depth>
  </size>
  <segmented>0</segmented>
  <object>
    <name>&#51204;&#48513;_D</name>
    <pose>Unspecified</pose>
    <truncated>0</truncated>
    <difficult>0</difficult>
    <bndbox>
      <xmin>78</xmin>
      <ymin>21</ymin>
      <xmax>217</xmax>
      <ymax>60</ymax>
    </bndbox>
  </object>
  <object>
    <name>0</name>
    <pose>Unspecified</pose>
    <truncated>0</truncated>
    <difficult>0</difficult>
    <bndbox>
      <xmin>22</xmin>
      <ymin>71</ymin>
      <xmax>55</xmax>
      <ymax>120</ymax>
    </bndbox>
  </object>
  <object>
    <name>6</name>
    <pose>Unspecified</pose>
    <truncated>0</truncated>
    <difficult>0</difficult>
    <bndbox>
      <xmin>60</xmin>
      <ymin>71</ymin>
      <xmax>92</xmax>
      <ymax>120</ymax>
    </bndbox>
  </object>
  <object>
    <name>&#49324;</name>
    <pose>Unspecified</pose>
    <truncated>0</truncated>
    <difficult>0</difficult>
    <bndbox>
      <xmin>97</xmin>
      <ymin>75</ymin>
      <xmax>123</xmax>
      <ymax>116</ymax>
    </bndbox>
  </object>
  <object>
    <name>1</name>
    <pose>Unspecified</pose>
    <truncated>0</truncated>
    <difficult>0</difficult>
    <bndbox>
      <xmin>129</xmin>
      <ymin>71</ymin>
      <xmax>154</xmax>
      <ymax>120</ymax>
    </bndbox>
  </object>
  <object>
    <name>1</name>
    <pose>Unspecified</pose>
    <truncated>0</truncated>
    <difficult>0</difficult>
    <bndbox>
      <xmin>166</xmin>
      <ymin>71</ymin>
      <xmax>191</xmax>
      <ymax>120</ymax>
    </bndbox>
  </object>
  <object>
    <name>7</name>
    <pose>Unspecified</pose>
    <truncated>0</truncated>
    <difficult>0</difficult>
    <bndbox>
      <xmin>203</xmin>
      <ymin>70</ymin>
      <xmax>237</xmax>
      <ymax>119</ymax>
    </bndbox>
  </object>
  <object>
    <name>8</name>
    <pose>Unspecified</pose>
    <truncated>0</truncated>
    <difficult>0</difficult>
    <bndbox>
      <xmin>243</xmin>
      <ymin>70</ymin>
      <xmax>276</xmax>
      <ymax>120</ymax>
    </bndbox>
  </object>
</annotation>
