<annotation>
  <folder>LP</folder>
  <filename>040745365_P_T05</filename>
  <path>D:\SAT_LPR_DATA_2\T05_not_done\LP\040745365_P_T05.jpg</path>
  <source>
    <database>Unknown</database>
  </source>
  <size>
    <width>198</width>
    <height>111</height>
    <depth>1</depth>
  </size>
  <segmented>0</segmented>
  <object>
    <name>9</name>
    <pose>Unspecified</pose>
    <truncated>0</truncated>
    <difficult>0</difficult>
    <bndbox>
      <xmin>14</xmin>
      <ymin>36</ymin>
      <xmax>36</xmax>
      <ymax>80</ymax>
    </bndbox>
  </object>
  <object>
    <name>4</name>
    <pose>Unspecified</pose>
    <truncated>0</truncated>
    <difficult>0</difficult>
    <bndbox>
      <xmin>37</xmin>
      <ymin>38</ymin>
      <xmax>60</xmax>
      <ymax>82</ymax>
    </bndbox>
  </object>
  <object>
    <name>&#46020;</name>
    <pose>Unspecified</pose>
    <truncated>0</truncated>
    <difficult>0</difficult>
    <bndbox>
      <xmin>62</xmin>
      <ymin>46</ymin>
      <xmax>84</xmax>
      <ymax>83</ymax>
    </bndbox>
  </object>
  <object>
    <name>6</name>
    <pose>Unspecified</pose>
    <truncated>0</truncated>
    <difficult>0</difficult>
    <bndbox>
      <xmin>89</xmin>
      <ymin>39</ymin>
      <xmax>112</xmax>
      <ymax>84</ymax>
    </bndbox>
  </object>
  <object>
    <name>4</name>
    <pose>Unspecified</pose>
    <truncated>0</truncated>
    <difficult>0</difficult>
    <bndbox>
      <xmin>113</xmin>
      <ymin>40</ymin>
      <xmax>137</xmax>
      <ymax>84</ymax>
    </bndbox>
  </object>
  <object>
    <name>2</name>
    <pose>Unspecified</pose>
    <truncated>0</truncated>
    <difficult>0</difficult>
    <bndbox>
      <xmin>140</xmin>
      <ymin>39</ymin>
      <xmax>161</xmax>
      <ymax>85</ymax>
    </bndbox>
  </object>
  <object>
    <name>2</name>
    <pose>Unspecified</pose>
    <truncated>0</truncated>
    <difficult>0</difficult>
    <bndbox>
      <xmin>165</xmin>
      <ymin>40</ymin>
      <xmax>186</xmax>
      <ymax>85</ymax>
    </bndbox>
  </object>
</annotation>
