<annotation>
  <folder>LP</folder>
  <filename>040809114_P_T05</filename>
  <path>D:\SAT_LPR_DATA_2\T05_not_done\LP\040809114_P_T05.jpg</path>
  <source>
    <database>Unknown</database>
  </source>
  <size>
    <width>189</width>
    <height>117</height>
    <depth>1</depth>
  </size>
  <segmented>0</segmented>
  <object>
    <name>8</name>
    <pose>Unspecified</pose>
    <truncated>0</truncated>
    <difficult>0</difficult>
    <bndbox>
      <xmin>10</xmin>
      <ymin>37</ymin>
      <xmax>32</xmax>
      <ymax>81</ymax>
    </bndbox>
  </object>
  <object>
    <name>9</name>
    <pose>Unspecified</pose>
    <truncated>0</truncated>
    <difficult>0</difficult>
    <bndbox>
      <xmin>35</xmin>
      <ymin>39</ymin>
      <xmax>56</xmax>
      <ymax>83</ymax>
    </bndbox>
  </object>
  <object>
    <name>&#44256;</name>
    <pose>Unspecified</pose>
    <truncated>0</truncated>
    <difficult>0</difficult>
    <bndbox>
      <xmin>57</xmin>
      <ymin>48</ymin>
      <xmax>78</xmax>
      <ymax>84</ymax>
    </bndbox>
  </object>
  <object>
    <name>2</name>
    <pose>Unspecified</pose>
    <truncated>0</truncated>
    <difficult>0</difficult>
    <bndbox>
      <xmin>84</xmin>
      <ymin>43</ymin>
      <xmax>104</xmax>
      <ymax>88</ymax>
    </bndbox>
  </object>
  <object>
    <name>0</name>
    <pose>Unspecified</pose>
    <truncated>0</truncated>
    <difficult>0</difficult>
    <bndbox>
      <xmin>108</xmin>
      <ymin>45</ymin>
      <xmax>129</xmax>
      <ymax>90</ymax>
    </bndbox>
  </object>
  <object>
    <name>0</name>
    <pose>Unspecified</pose>
    <truncated>0</truncated>
    <difficult>0</difficult>
    <bndbox>
      <xmin>132</xmin>
      <ymin>46</ymin>
      <xmax>153</xmax>
      <ymax>92</ymax>
    </bndbox>
  </object>
  <object>
    <name>1</name>
    <pose>Unspecified</pose>
    <truncated>0</truncated>
    <difficult>0</difficult>
    <bndbox>
      <xmin>158</xmin>
      <ymin>49</ymin>
      <xmax>180</xmax>
      <ymax>93</ymax>
    </bndbox>
  </object>
</annotation>
