<annotation>
  <folder>LP</folder>
  <filename>041026693_P_T05</filename>
  <path>D:\SAT_LPR_DATA_2\T05_not_done\LP\041026693_P_T05.jpg</path>
  <source>
    <database>Unknown</database>
  </source>
  <size>
    <width>261</width>
    <height>125</height>
    <depth>1</depth>
  </size>
  <segmented>0</segmented>
  <object>
    <name>9</name>
    <pose>Unspecified</pose>
    <truncated>0</truncated>
    <difficult>0</difficult>
    <bndbox>
      <xmin>19</xmin>
      <ymin>45</ymin>
      <xmax>48</xmax>
      <ymax>104</ymax>
    </bndbox>
  </object>
  <object>
    <name>7</name>
    <pose>Unspecified</pose>
    <truncated>0</truncated>
    <difficult>0</difficult>
    <bndbox>
      <xmin>48</xmin>
      <ymin>44</ymin>
      <xmax>77</xmax>
      <ymax>102</ymax>
    </bndbox>
  </object>
  <object>
    <name>&#45208;</name>
    <pose>Unspecified</pose>
    <truncated>0</truncated>
    <difficult>0</difficult>
    <bndbox>
      <xmin>80</xmin>
      <ymin>54</ymin>
      <xmax>111</xmax>
      <ymax>101</ymax>
    </bndbox>
  </object>
  <object>
    <name>0</name>
    <pose>Unspecified</pose>
    <truncated>0</truncated>
    <difficult>0</difficult>
    <bndbox>
      <xmin>115</xmin>
      <ymin>41</ymin>
      <xmax>147</xmax>
      <ymax>101</ymax>
    </bndbox>
  </object>
  <object>
    <name>5</name>
    <pose>Unspecified</pose>
    <truncated>0</truncated>
    <difficult>0</difficult>
    <bndbox>
      <xmin>149</xmin>
      <ymin>39</ymin>
      <xmax>179</xmax>
      <ymax>99</ymax>
    </bndbox>
  </object>
  <object>
    <name>0</name>
    <pose>Unspecified</pose>
    <truncated>0</truncated>
    <difficult>0</difficult>
    <bndbox>
      <xmin>180</xmin>
      <ymin>37</ymin>
      <xmax>211</xmax>
      <ymax>97</ymax>
    </bndbox>
  </object>
  <object>
    <name>0</name>
    <pose>Unspecified</pose>
    <truncated>0</truncated>
    <difficult>0</difficult>
    <bndbox>
      <xmin>212</xmin>
      <ymin>35</ymin>
      <xmax>243</xmax>
      <ymax>96</ymax>
    </bndbox>
  </object>
</annotation>
