<annotation>
  <folder>LP</folder>
  <filename>041414598_P_T18</filename>
  <path>D:\ALBA\2.SAT_LPR_DATA\T18_not_done\LP\041414598_P_T18.jpg</path>
  <source>
    <database>Unknown</database>
  </source>
  <size>
    <width>176</width>
    <height>92</height>
    <depth>1</depth>
  </size>
  <segmented>0</segmented>
  <object>
    <name>&#48512;&#49328;_O</name>
    <pose>Unspecified</pose>
    <truncated>0</truncated>
    <difficult>0</difficult>
    <bndbox>
      <xmin>47</xmin>
      <ymin>9</ymin>
      <xmax>88</xmax>
      <ymax>31</ymax>
    </bndbox>
  </object>
  <object>
    <name>3</name>
    <pose>Unspecified</pose>
    <truncated>0</truncated>
    <difficult>0</difficult>
    <bndbox>
      <xmin>90</xmin>
      <ymin>9</ymin>
      <xmax>107</xmax>
      <ymax>32</ymax>
    </bndbox>
  </object>
  <object>
    <name>1</name>
    <pose>Unspecified</pose>
    <truncated>0</truncated>
    <difficult>0</difficult>
    <bndbox>
      <xmin>113</xmin>
      <ymin>9</ymin>
      <xmax>121</xmax>
      <ymax>33</ymax>
    </bndbox>
  </object>
  <object>
    <name>&#45320;</name>
    <pose>Unspecified</pose>
    <truncated>0</truncated>
    <difficult>0</difficult>
    <bndbox>
      <xmin>16</xmin>
      <ymin>35</ymin>
      <xmax>44</xmax>
      <ymax>69</ymax>
    </bndbox>
  </object>
  <object>
    <name>4</name>
    <pose>Unspecified</pose>
    <truncated>0</truncated>
    <difficult>0</difficult>
    <bndbox>
      <xmin>54</xmin>
      <ymin>36</ymin>
      <xmax>80</xmax>
      <ymax>84</ymax>
    </bndbox>
  </object>
  <object>
    <name>1</name>
    <pose>Unspecified</pose>
    <truncated>0</truncated>
    <difficult>0</difficult>
    <bndbox>
      <xmin>88</xmin>
      <ymin>35</ymin>
      <xmax>101</xmax>
      <ymax>83</ymax>
    </bndbox>
  </object>
  <object>
    <name>5</name>
    <pose>Unspecified</pose>
    <truncated>0</truncated>
    <difficult>0</difficult>
    <bndbox>
      <xmin>110</xmin>
      <ymin>36</ymin>
      <xmax>136</xmax>
      <ymax>83</ymax>
    </bndbox>
  </object>
  <object>
    <name>2</name>
    <pose>Unspecified</pose>
    <truncated>0</truncated>
    <difficult>0</difficult>
    <bndbox>
      <xmin>137</xmin>
      <ymin>36</ymin>
      <xmax>165</xmax>
      <ymax>84</ymax>
    </bndbox>
  </object>
</annotation>
