<annotation>
  <folder>LP</folder>
  <filename>041614508_P_T04</filename>
  <path>D:\ALBA\SAT_LPR_DATA_2\T04_not_done\LP\041614508_P_T04.jpg</path>
  <source>
    <database>Unknown</database>
  </source>
  <size>
    <width>216</width>
    <height>62</height>
    <depth>1</depth>
  </size>
  <segmented>0</segmented>
  <object>
    <name>&#50872;&#49328;_V</name>
    <pose>Unspecified</pose>
    <truncated>0</truncated>
    <difficult>0</difficult>
    <bndbox>
      <xmin>16</xmin>
      <ymin>9</ymin>
      <xmax>36</xmax>
      <ymax>43</ymax>
    </bndbox>
  </object>
  <object>
    <name>9</name>
    <pose>Unspecified</pose>
    <truncated>0</truncated>
    <difficult>0</difficult>
    <bndbox>
      <xmin>38</xmin>
      <ymin>11</ymin>
      <xmax>58</xmax>
      <ymax>43</ymax>
    </bndbox>
  </object>
  <object>
    <name>9</name>
    <pose>Unspecified</pose>
    <truncated>0</truncated>
    <difficult>0</difficult>
    <bndbox>
      <xmin>60</xmin>
      <ymin>12</ymin>
      <xmax>80</xmax>
      <ymax>45</ymax>
    </bndbox>
  </object>
  <object>
    <name>&#48148;</name>
    <pose>Unspecified</pose>
    <truncated>0</truncated>
    <difficult>0</difficult>
    <bndbox>
      <xmin>82</xmin>
      <ymin>15</ymin>
      <xmax>104</xmax>
      <ymax>46</ymax>
    </bndbox>
  </object>
  <object>
    <name>3</name>
    <pose>Unspecified</pose>
    <truncated>0</truncated>
    <difficult>0</difficult>
    <bndbox>
      <xmin>113</xmin>
      <ymin>15</ymin>
      <xmax>133</xmax>
      <ymax>49</ymax>
    </bndbox>
  </object>
  <object>
    <name>5</name>
    <pose>Unspecified</pose>
    <truncated>0</truncated>
    <difficult>0</difficult>
    <bndbox>
      <xmin>137</xmin>
      <ymin>17</ymin>
      <xmax>156</xmax>
      <ymax>50</ymax>
    </bndbox>
  </object>
  <object>
    <name>6</name>
    <pose>Unspecified</pose>
    <truncated>0</truncated>
    <difficult>0</difficult>
    <bndbox>
      <xmin>158</xmin>
      <ymin>18</ymin>
      <xmax>178</xmax>
      <ymax>51</ymax>
    </bndbox>
  </object>
  <object>
    <name>9</name>
    <pose>Unspecified</pose>
    <truncated>0</truncated>
    <difficult>0</difficult>
    <bndbox>
      <xmin>181</xmin>
      <ymin>18</ymin>
      <xmax>202</xmax>
      <ymax>51</ymax>
    </bndbox>
  </object>
</annotation>
