<annotation>
  <folder>LP</folder>
  <filename>041641602_P_T05</filename>
  <path>D:\SAT_LPR_DATA_2\T05_not_done\LP\041641602_P_T05.jpg</path>
  <source>
    <database>Unknown</database>
  </source>
  <size>
    <width>232</width>
    <height>119</height>
    <depth>1</depth>
  </size>
  <segmented>0</segmented>
  <object>
    <name>9</name>
    <pose>Unspecified</pose>
    <truncated>0</truncated>
    <difficult>0</difficult>
    <bndbox>
      <xmin>14</xmin>
      <ymin>42</ymin>
      <xmax>40</xmax>
      <ymax>97</ymax>
    </bndbox>
  </object>
  <object>
    <name>0</name>
    <pose>Unspecified</pose>
    <truncated>0</truncated>
    <difficult>0</difficult>
    <bndbox>
      <xmin>43</xmin>
      <ymin>42</ymin>
      <xmax>69</xmax>
      <ymax>97</ymax>
    </bndbox>
  </object>
  <object>
    <name>&#45796;</name>
    <pose>Unspecified</pose>
    <truncated>0</truncated>
    <difficult>0</difficult>
    <bndbox>
      <xmin>70</xmin>
      <ymin>52</ymin>
      <xmax>99</xmax>
      <ymax>96</ymax>
    </bndbox>
  </object>
  <object>
    <name>6</name>
    <pose>Unspecified</pose>
    <truncated>0</truncated>
    <difficult>0</difficult>
    <bndbox>
      <xmin>104</xmin>
      <ymin>42</ymin>
      <xmax>130</xmax>
      <ymax>96</ymax>
    </bndbox>
  </object>
  <object>
    <name>5</name>
    <pose>Unspecified</pose>
    <truncated>0</truncated>
    <difficult>0</difficult>
    <bndbox>
      <xmin>133</xmin>
      <ymin>42</ymin>
      <xmax>157</xmax>
      <ymax>95</ymax>
    </bndbox>
  </object>
  <object>
    <name>3</name>
    <pose>Unspecified</pose>
    <truncated>0</truncated>
    <difficult>0</difficult>
    <bndbox>
      <xmin>159</xmin>
      <ymin>43</ymin>
      <xmax>185</xmax>
      <ymax>96</ymax>
    </bndbox>
  </object>
  <object>
    <name>9</name>
    <pose>Unspecified</pose>
    <truncated>0</truncated>
    <difficult>0</difficult>
    <bndbox>
      <xmin>188</xmin>
      <ymin>42</ymin>
      <xmax>214</xmax>
      <ymax>95</ymax>
    </bndbox>
  </object>
</annotation>
