<annotation>
  <folder>LP</folder>
  <filename>041938684_P_T05</filename>
  <path>D:\SAT_LPR_DATA_2\T05_not_done\LP\041938684_P_T05.jpg</path>
  <source>
    <database>Unknown</database>
  </source>
  <size>
    <width>225</width>
    <height>134</height>
    <depth>1</depth>
  </size>
  <segmented>0</segmented>
  <object>
    <name>8</name>
    <pose>Unspecified</pose>
    <truncated>0</truncated>
    <difficult>0</difficult>
    <bndbox>
      <xmin>17</xmin>
      <ymin>44</ymin>
      <xmax>42</xmax>
      <ymax>97</ymax>
    </bndbox>
  </object>
  <object>
    <name>8</name>
    <pose>Unspecified</pose>
    <truncated>0</truncated>
    <difficult>0</difficult>
    <bndbox>
      <xmin>44</xmin>
      <ymin>46</ymin>
      <xmax>70</xmax>
      <ymax>98</ymax>
    </bndbox>
  </object>
  <object>
    <name>&#45320;</name>
    <pose>Unspecified</pose>
    <truncated>0</truncated>
    <difficult>0</difficult>
    <bndbox>
      <xmin>70</xmin>
      <ymin>57</ymin>
      <xmax>97</xmax>
      <ymax>99</ymax>
    </bndbox>
  </object>
  <object>
    <name>8</name>
    <pose>Unspecified</pose>
    <truncated>0</truncated>
    <difficult>0</difficult>
    <bndbox>
      <xmin>101</xmin>
      <ymin>47</ymin>
      <xmax>128</xmax>
      <ymax>101</ymax>
    </bndbox>
  </object>
  <object>
    <name>6</name>
    <pose>Unspecified</pose>
    <truncated>0</truncated>
    <difficult>0</difficult>
    <bndbox>
      <xmin>130</xmin>
      <ymin>49</ymin>
      <xmax>156</xmax>
      <ymax>103</ymax>
    </bndbox>
  </object>
  <object>
    <name>9</name>
    <pose>Unspecified</pose>
    <truncated>0</truncated>
    <difficult>0</difficult>
    <bndbox>
      <xmin>156</xmin>
      <ymin>49</ymin>
      <xmax>183</xmax>
      <ymax>103</ymax>
    </bndbox>
  </object>
  <object>
    <name>2</name>
    <pose>Unspecified</pose>
    <truncated>0</truncated>
    <difficult>0</difficult>
    <bndbox>
      <xmin>186</xmin>
      <ymin>51</ymin>
      <xmax>211</xmax>
      <ymax>106</ymax>
    </bndbox>
  </object>
</annotation>
