<annotation>
  <folder>LP</folder>
  <filename>041921229_P_T05</filename>
  <path>D:\SAT_LPR_DATA_2\T05_not_done\LP\041921229_P_T05.jpg</path>
  <source>
    <database>Unknown</database>
  </source>
  <size>
    <width>215</width>
    <height>113</height>
    <depth>1</depth>
  </size>
  <segmented>0</segmented>
  <object>
    <name>8</name>
    <pose>Unspecified</pose>
    <truncated>0</truncated>
    <difficult>0</difficult>
    <bndbox>
      <xmin>11</xmin>
      <ymin>41</ymin>
      <xmax>35</xmax>
      <ymax>91</ymax>
    </bndbox>
  </object>
  <object>
    <name>5</name>
    <pose>Unspecified</pose>
    <truncated>0</truncated>
    <difficult>0</difficult>
    <bndbox>
      <xmin>39</xmin>
      <ymin>41</ymin>
      <xmax>61</xmax>
      <ymax>92</ymax>
    </bndbox>
  </object>
  <object>
    <name>&#49436;</name>
    <pose>Unspecified</pose>
    <truncated>0</truncated>
    <difficult>0</difficult>
    <bndbox>
      <xmin>65</xmin>
      <ymin>49</ymin>
      <xmax>90</xmax>
      <ymax>91</ymax>
    </bndbox>
  </object>
  <object>
    <name>9</name>
    <pose>Unspecified</pose>
    <truncated>0</truncated>
    <difficult>0</difficult>
    <bndbox>
      <xmin>93</xmin>
      <ymin>40</ymin>
      <xmax>116</xmax>
      <ymax>91</ymax>
    </bndbox>
  </object>
  <object>
    <name>7</name>
    <pose>Unspecified</pose>
    <truncated>0</truncated>
    <difficult>0</difficult>
    <bndbox>
      <xmin>119</xmin>
      <ymin>40</ymin>
      <xmax>144</xmax>
      <ymax>91</ymax>
    </bndbox>
  </object>
  <object>
    <name>8</name>
    <pose>Unspecified</pose>
    <truncated>0</truncated>
    <difficult>0</difficult>
    <bndbox>
      <xmin>148</xmin>
      <ymin>39</ymin>
      <xmax>172</xmax>
      <ymax>90</ymax>
    </bndbox>
  </object>
  <object>
    <name>0</name>
    <pose>Unspecified</pose>
    <truncated>0</truncated>
    <difficult>0</difficult>
    <bndbox>
      <xmin>175</xmin>
      <ymin>39</ymin>
      <xmax>200</xmax>
      <ymax>90</ymax>
    </bndbox>
  </object>
</annotation>
