<annotation>
  <folder>LP</folder>
  <filename>042108938_P_T05</filename>
  <path>D:\SAT_LPR_DATA_2\T05_not_done\LP\042108938_P_T05.jpg</path>
  <source>
    <database>Unknown</database>
  </source>
  <size>
    <width>229</width>
    <height>110</height>
    <depth>1</depth>
  </size>
  <segmented>0</segmented>
  <object>
    <name>9</name>
    <pose>Unspecified</pose>
    <truncated>0</truncated>
    <difficult>0</difficult>
    <bndbox>
      <xmin>17</xmin>
      <ymin>40</ymin>
      <xmax>41</xmax>
      <ymax>87</ymax>
    </bndbox>
  </object>
  <object>
    <name>5</name>
    <pose>Unspecified</pose>
    <truncated>0</truncated>
    <difficult>0</difficult>
    <bndbox>
      <xmin>45</xmin>
      <ymin>41</ymin>
      <xmax>72</xmax>
      <ymax>87</ymax>
    </bndbox>
  </object>
  <object>
    <name>&#51312;</name>
    <pose>Unspecified</pose>
    <truncated>0</truncated>
    <difficult>0</difficult>
    <bndbox>
      <xmin>72</xmin>
      <ymin>48</ymin>
      <xmax>99</xmax>
      <ymax>88</ymax>
    </bndbox>
  </object>
  <object>
    <name>1</name>
    <pose>Unspecified</pose>
    <truncated>0</truncated>
    <difficult>0</difficult>
    <bndbox>
      <xmin>102</xmin>
      <ymin>38</ymin>
      <xmax>126</xmax>
      <ymax>87</ymax>
    </bndbox>
  </object>
  <object>
    <name>5</name>
    <pose>Unspecified</pose>
    <truncated>0</truncated>
    <difficult>0</difficult>
    <bndbox>
      <xmin>128</xmin>
      <ymin>38</ymin>
      <xmax>155</xmax>
      <ymax>87</ymax>
    </bndbox>
  </object>
  <object>
    <name>7</name>
    <pose>Unspecified</pose>
    <truncated>0</truncated>
    <difficult>0</difficult>
    <bndbox>
      <xmin>154</xmin>
      <ymin>37</ymin>
      <xmax>179</xmax>
      <ymax>86</ymax>
    </bndbox>
  </object>
  <object>
    <name>7</name>
    <pose>Unspecified</pose>
    <truncated>0</truncated>
    <difficult>0</difficult>
    <bndbox>
      <xmin>181</xmin>
      <ymin>36</ymin>
      <xmax>205</xmax>
      <ymax>86</ymax>
    </bndbox>
  </object>
</annotation>
