<annotation>
  <folder>LP</folder>
  <filename>042329893_P_T13</filename>
  <path>C:\Users\sat\Desktop\SAT_LPR_DATA_2\T13_not_done\LP\042329893_P_T13.jpg</path>
  <source>
    <database>Unknown</database>
  </source>
  <size>
    <width>305</width>
    <height>154</height>
    <depth>1</depth>
  </size>
  <segmented>0</segmented>
  <object>
    <name>&#44305;&#51452;_D</name>
    <pose>Unspecified</pose>
    <truncated>0</truncated>
    <difficult>0</difficult>
    <bndbox>
      <xmin>68</xmin>
      <ymin>28</ymin>
      <xmax>225</xmax>
      <ymax>76</ymax>
    </bndbox>
  </object>
  <object>
    <name>0</name>
    <pose>Unspecified</pose>
    <truncated>0</truncated>
    <difficult>0</difficult>
    <bndbox>
      <xmin>27</xmin>
      <ymin>84</ymin>
      <xmax>63</xmax>
      <ymax>137</ymax>
    </bndbox>
  </object>
  <object>
    <name>6</name>
    <pose>Unspecified</pose>
    <truncated>0</truncated>
    <difficult>0</difficult>
    <bndbox>
      <xmin>65</xmin>
      <ymin>83</ymin>
      <xmax>102</xmax>
      <ymax>135</ymax>
    </bndbox>
  </object>
  <object>
    <name>&#45796;</name>
    <pose>Unspecified</pose>
    <truncated>0</truncated>
    <difficult>0</difficult>
    <bndbox>
      <xmin>103</xmin>
      <ymin>87</ymin>
      <xmax>128</xmax>
      <ymax>130</ymax>
    </bndbox>
  </object>
  <object>
    <name>4</name>
    <pose>Unspecified</pose>
    <truncated>0</truncated>
    <difficult>0</difficult>
    <bndbox>
      <xmin>129</xmin>
      <ymin>80</ymin>
      <xmax>165</xmax>
      <ymax>135</ymax>
    </bndbox>
  </object>
  <object>
    <name>2</name>
    <pose>Unspecified</pose>
    <truncated>0</truncated>
    <difficult>0</difficult>
    <bndbox>
      <xmin>166</xmin>
      <ymin>80</ymin>
      <xmax>205</xmax>
      <ymax>135</ymax>
    </bndbox>
  </object>
  <object>
    <name>3</name>
    <pose>Unspecified</pose>
    <truncated>0</truncated>
    <difficult>0</difficult>
    <bndbox>
      <xmin>206</xmin>
      <ymin>79</ymin>
      <xmax>244</xmax>
      <ymax>134</ymax>
    </bndbox>
  </object>
  <object>
    <name>7</name>
    <pose>Unspecified</pose>
    <truncated>0</truncated>
    <difficult>0</difficult>
    <bndbox>
      <xmin>244</xmin>
      <ymin>79</ymin>
      <xmax>281</xmax>
      <ymax>134</ymax>
    </bndbox>
  </object>
</annotation>
