<annotation>
  <folder>LP</folder>
  <filename>042450328_P_T05</filename>
  <path>D:\SAT_LPR_DATA_2\T05_not_done\LP\042450328_P_T05.jpg</path>
  <source>
    <database>Unknown</database>
  </source>
  <size>
    <width>235</width>
    <height>120</height>
    <depth>1</depth>
  </size>
  <segmented>0</segmented>
  <object>
    <name>8</name>
    <pose>Unspecified</pose>
    <truncated>0</truncated>
    <difficult>0</difficult>
    <bndbox>
      <xmin>19</xmin>
      <ymin>41</ymin>
      <xmax>44</xmax>
      <ymax>94</ymax>
    </bndbox>
  </object>
  <object>
    <name>7</name>
    <pose>Unspecified</pose>
    <truncated>0</truncated>
    <difficult>0</difficult>
    <bndbox>
      <xmin>46</xmin>
      <ymin>42</ymin>
      <xmax>72</xmax>
      <ymax>93</ymax>
    </bndbox>
  </object>
  <object>
    <name>&#48512;</name>
    <pose>Unspecified</pose>
    <truncated>0</truncated>
    <difficult>0</difficult>
    <bndbox>
      <xmin>75</xmin>
      <ymin>51</ymin>
      <xmax>101</xmax>
      <ymax>92</ymax>
    </bndbox>
  </object>
  <object>
    <name>8</name>
    <pose>Unspecified</pose>
    <truncated>0</truncated>
    <difficult>0</difficult>
    <bndbox>
      <xmin>106</xmin>
      <ymin>42</ymin>
      <xmax>133</xmax>
      <ymax>94</ymax>
    </bndbox>
  </object>
  <object>
    <name>6</name>
    <pose>Unspecified</pose>
    <truncated>0</truncated>
    <difficult>0</difficult>
    <bndbox>
      <xmin>136</xmin>
      <ymin>43</ymin>
      <xmax>162</xmax>
      <ymax>94</ymax>
    </bndbox>
  </object>
  <object>
    <name>0</name>
    <pose>Unspecified</pose>
    <truncated>0</truncated>
    <difficult>0</difficult>
    <bndbox>
      <xmin>165</xmin>
      <ymin>43</ymin>
      <xmax>190</xmax>
      <ymax>95</ymax>
    </bndbox>
  </object>
  <object>
    <name>2</name>
    <pose>Unspecified</pose>
    <truncated>0</truncated>
    <difficult>0</difficult>
    <bndbox>
      <xmin>194</xmin>
      <ymin>42</ymin>
      <xmax>220</xmax>
      <ymax>94</ymax>
    </bndbox>
  </object>
</annotation>
