<annotation>
  <folder>LP</folder>
  <filename>042531_P_T18</filename>
  <path>D:\2.SAT_LPR_DATA\T18_not_done\LP\042531_P_T18.jpg</path>
  <source>
    <database>Unknown</database>
  </source>
  <size>
    <width>291</width>
    <height>156</height>
    <depth>1</depth>
  </size>
  <segmented>0</segmented>
  <object>
    <name>&#52649;&#45224;_O</name>
    <pose>Unspecified</pose>
    <truncated>0</truncated>
    <difficult>0</difficult>
    <bndbox>
      <xmin>83</xmin>
      <ymin>19</ymin>
      <xmax>149</xmax>
      <ymax>54</ymax>
    </bndbox>
  </object>
  <object>
    <name>8</name>
    <pose>Unspecified</pose>
    <truncated>0</truncated>
    <difficult>0</difficult>
    <bndbox>
      <xmin>151</xmin>
      <ymin>21</ymin>
      <xmax>179</xmax>
      <ymax>57</ymax>
    </bndbox>
  </object>
  <object>
    <name>7</name>
    <pose>Unspecified</pose>
    <truncated>0</truncated>
    <difficult>0</difficult>
    <bndbox>
      <xmin>180</xmin>
      <ymin>20</ymin>
      <xmax>209</xmax>
      <ymax>57</ymax>
    </bndbox>
  </object>
  <object>
    <name>&#45432;</name>
    <pose>Unspecified</pose>
    <truncated>0</truncated>
    <difficult>0</difficult>
    <bndbox>
      <xmin>30</xmin>
      <ymin>63</ymin>
      <xmax>80</xmax>
      <ymax>107</ymax>
    </bndbox>
  </object>
  <object>
    <name>8</name>
    <pose>Unspecified</pose>
    <truncated>0</truncated>
    <difficult>0</difficult>
    <bndbox>
      <xmin>91</xmin>
      <ymin>62</ymin>
      <xmax>133</xmax>
      <ymax>136</ymax>
    </bndbox>
  </object>
  <object>
    <name>9</name>
    <pose>Unspecified</pose>
    <truncated>0</truncated>
    <difficult>0</difficult>
    <bndbox>
      <xmin>135</xmin>
      <ymin>63</ymin>
      <xmax>176</xmax>
      <ymax>138</ymax>
    </bndbox>
  </object>
  <object>
    <name>9</name>
    <pose>Unspecified</pose>
    <truncated>0</truncated>
    <difficult>0</difficult>
    <bndbox>
      <xmin>180</xmin>
      <ymin>64</ymin>
      <xmax>221</xmax>
      <ymax>138</ymax>
    </bndbox>
  </object>
  <object>
    <name>7</name>
    <pose>Unspecified</pose>
    <truncated>0</truncated>
    <difficult>0</difficult>
    <bndbox>
      <xmin>223</xmin>
      <ymin>64</ymin>
      <xmax>265</xmax>
      <ymax>140</ymax>
    </bndbox>
  </object>
</annotation>
