<annotation>
  <folder>LP</folder>
  <filename>042706132_P_T05</filename>
  <path>D:\SAT_LPR_DATA_2\T05_not_done\LP\042706132_P_T05.jpg</path>
  <source>
    <database>Unknown</database>
  </source>
  <size>
    <width>248</width>
    <height>129</height>
    <depth>1</depth>
  </size>
  <segmented>0</segmented>
  <object>
    <name>9</name>
    <pose>Unspecified</pose>
    <truncated>0</truncated>
    <difficult>0</difficult>
    <bndbox>
      <xmin>20</xmin>
      <ymin>48</ymin>
      <xmax>46</xmax>
      <ymax>104</ymax>
    </bndbox>
  </object>
  <object>
    <name>7</name>
    <pose>Unspecified</pose>
    <truncated>0</truncated>
    <difficult>0</difficult>
    <bndbox>
      <xmin>49</xmin>
      <ymin>47</ymin>
      <xmax>76</xmax>
      <ymax>103</ymax>
    </bndbox>
  </object>
  <object>
    <name>&#45208;</name>
    <pose>Unspecified</pose>
    <truncated>0</truncated>
    <difficult>0</difficult>
    <bndbox>
      <xmin>79</xmin>
      <ymin>55</ymin>
      <xmax>109</xmax>
      <ymax>101</ymax>
    </bndbox>
  </object>
  <object>
    <name>0</name>
    <pose>Unspecified</pose>
    <truncated>0</truncated>
    <difficult>0</difficult>
    <bndbox>
      <xmin>113</xmin>
      <ymin>44</ymin>
      <xmax>143</xmax>
      <ymax>101</ymax>
    </bndbox>
  </object>
  <object>
    <name>5</name>
    <pose>Unspecified</pose>
    <truncated>0</truncated>
    <difficult>0</difficult>
    <bndbox>
      <xmin>146</xmin>
      <ymin>42</ymin>
      <xmax>174</xmax>
      <ymax>99</ymax>
    </bndbox>
  </object>
  <object>
    <name>0</name>
    <pose>Unspecified</pose>
    <truncated>0</truncated>
    <difficult>0</difficult>
    <bndbox>
      <xmin>175</xmin>
      <ymin>39</ymin>
      <xmax>205</xmax>
      <ymax>98</ymax>
    </bndbox>
  </object>
  <object>
    <name>0</name>
    <pose>Unspecified</pose>
    <truncated>0</truncated>
    <difficult>0</difficult>
    <bndbox>
      <xmin>207</xmin>
      <ymin>38</ymin>
      <xmax>236</xmax>
      <ymax>97</ymax>
    </bndbox>
  </object>
</annotation>
