<annotation>
  <folder>LP</folder>
  <filename>042849001_P_T05</filename>
  <path>D:\SAT_LPR_DATA_2\T05_not_done\LP\042849001_P_T05.jpg</path>
  <source>
    <database>Unknown</database>
  </source>
  <size>
    <width>225</width>
    <height>117</height>
    <depth>1</depth>
  </size>
  <segmented>0</segmented>
  <object>
    <name>8</name>
    <pose>Unspecified</pose>
    <truncated>0</truncated>
    <difficult>0</difficult>
    <bndbox>
      <xmin>12</xmin>
      <ymin>40</ymin>
      <xmax>37</xmax>
      <ymax>91</ymax>
    </bndbox>
  </object>
  <object>
    <name>6</name>
    <pose>Unspecified</pose>
    <truncated>0</truncated>
    <difficult>0</difficult>
    <bndbox>
      <xmin>39</xmin>
      <ymin>41</ymin>
      <xmax>65</xmax>
      <ymax>91</ymax>
    </bndbox>
  </object>
  <object>
    <name>&#45572;</name>
    <pose>Unspecified</pose>
    <truncated>0</truncated>
    <difficult>0</difficult>
    <bndbox>
      <xmin>68</xmin>
      <ymin>50</ymin>
      <xmax>92</xmax>
      <ymax>91</ymax>
    </bndbox>
  </object>
  <object>
    <name>&#44396;</name>
    <pose>Unspecified</pose>
    <truncated>0</truncated>
    <difficult>0</difficult>
    <bndbox>
      <xmin>98</xmin>
      <ymin>39</ymin>
      <xmax>123</xmax>
      <ymax>90</ymax>
    </bndbox>
  </object>
  <object>
    <name>9</name>
    <pose>Unspecified</pose>
    <truncated>0</truncated>
    <difficult>0</difficult>
    <bndbox>
      <xmin>128</xmin>
      <ymin>40</ymin>
      <xmax>153</xmax>
      <ymax>90</ymax>
    </bndbox>
  </object>
  <object>
    <name>1</name>
    <pose>Unspecified</pose>
    <truncated>0</truncated>
    <difficult>0</difficult>
    <bndbox>
      <xmin>158</xmin>
      <ymin>39</ymin>
      <xmax>182</xmax>
      <ymax>89</ymax>
    </bndbox>
  </object>
  <object>
    <name>8</name>
    <pose>Unspecified</pose>
    <truncated>0</truncated>
    <difficult>0</difficult>
    <bndbox>
      <xmin>185</xmin>
      <ymin>39</ymin>
      <xmax>211</xmax>
      <ymax>90</ymax>
    </bndbox>
  </object>
</annotation>
