<annotation>
  <folder>LP</folder>
  <filename>042945415_P_T14</filename>
  <path>D:\ALBA\SAT_LPR_DATA_2\T14_not_done\LP\042945415_P_T14.jpg</path>
  <source>
    <database>Unknown</database>
  </source>
  <size>
    <width>239</width>
    <height>124</height>
    <depth>1</depth>
  </size>
  <segmented>0</segmented>
  <object>
    <name>&#50689;</name>
    <pose>Unspecified</pose>
    <truncated>0</truncated>
    <difficult>0</difficult>
    <bndbox>
      <xmin>17</xmin>
      <ymin>17</ymin>
      <xmax>47</xmax>
      <ymax>49</ymax>
    </bndbox>
  </object>
  <object>
    <name>&#51204;&#48513;_D</name>
    <pose>Unspecified</pose>
    <truncated>0</truncated>
    <difficult>0</difficult>
    <bndbox>
      <xmin>58</xmin>
      <ymin>18</ymin>
      <xmax>178</xmax>
      <ymax>55</ymax>
    </bndbox>
  </object>
  <object>
    <name>1</name>
    <pose>Unspecified</pose>
    <truncated>0</truncated>
    <difficult>0</difficult>
    <bndbox>
      <xmin>13</xmin>
      <ymin>57</ymin>
      <xmax>41</xmax>
      <ymax>99</ymax>
    </bndbox>
  </object>
  <object>
    <name>5</name>
    <pose>Unspecified</pose>
    <truncated>0</truncated>
    <difficult>0</difficult>
    <bndbox>
      <xmin>45</xmin>
      <ymin>58</ymin>
      <xmax>72</xmax>
      <ymax>100</ymax>
    </bndbox>
  </object>
  <object>
    <name>&#48148;</name>
    <pose>Unspecified</pose>
    <truncated>0</truncated>
    <difficult>0</difficult>
    <bndbox>
      <xmin>76</xmin>
      <ymin>64</ymin>
      <xmax>98</xmax>
      <ymax>98</ymax>
    </bndbox>
  </object>
  <object>
    <name>5</name>
    <pose>Unspecified</pose>
    <truncated>0</truncated>
    <difficult>0</difficult>
    <bndbox>
      <xmin>103</xmin>
      <ymin>61</ymin>
      <xmax>129</xmax>
      <ymax>102</ymax>
    </bndbox>
  </object>
  <object>
    <name>4</name>
    <pose>Unspecified</pose>
    <truncated>0</truncated>
    <difficult>0</difficult>
    <bndbox>
      <xmin>134</xmin>
      <ymin>63</ymin>
      <xmax>161</xmax>
      <ymax>106</ymax>
    </bndbox>
  </object>
  <object>
    <name>6</name>
    <pose>Unspecified</pose>
    <truncated>0</truncated>
    <difficult>0</difficult>
    <bndbox>
      <xmin>167</xmin>
      <ymin>64</ymin>
      <xmax>193</xmax>
      <ymax>104</ymax>
    </bndbox>
  </object>
  <object>
    <name>0</name>
    <pose>Unspecified</pose>
    <truncated>0</truncated>
    <difficult>0</difficult>
    <bndbox>
      <xmin>199</xmin>
      <ymin>65</ymin>
      <xmax>227</xmax>
      <ymax>106</ymax>
    </bndbox>
  </object>
</annotation>
