<annotation>
  <folder>LP</folder>
  <filename>042903586_P_T05</filename>
  <path>D:\SAT_LPR_DATA_2\T05_not_done\LP\042903586_P_T05.jpg</path>
  <source>
    <database>Unknown</database>
  </source>
  <size>
    <width>190</width>
    <height>106</height>
    <depth>1</depth>
  </size>
  <segmented>0</segmented>
  <object>
    <name>8</name>
    <pose>Unspecified</pose>
    <truncated>0</truncated>
    <difficult>0</difficult>
    <bndbox>
      <xmin>7</xmin>
      <ymin>35</ymin>
      <xmax>29</xmax>
      <ymax>80</ymax>
    </bndbox>
  </object>
  <object>
    <name>2</name>
    <pose>Unspecified</pose>
    <truncated>0</truncated>
    <difficult>0</difficult>
    <bndbox>
      <xmin>31</xmin>
      <ymin>36</ymin>
      <xmax>52</xmax>
      <ymax>80</ymax>
    </bndbox>
  </object>
  <object>
    <name>&#46972;</name>
    <pose>Unspecified</pose>
    <truncated>0</truncated>
    <difficult>0</difficult>
    <bndbox>
      <xmin>55</xmin>
      <ymin>46</ymin>
      <xmax>77</xmax>
      <ymax>81</ymax>
    </bndbox>
  </object>
  <object>
    <name>8</name>
    <pose>Unspecified</pose>
    <truncated>0</truncated>
    <difficult>0</difficult>
    <bndbox>
      <xmin>82</xmin>
      <ymin>38</ymin>
      <xmax>104</xmax>
      <ymax>83</ymax>
    </bndbox>
  </object>
  <object>
    <name>9</name>
    <pose>Unspecified</pose>
    <truncated>0</truncated>
    <difficult>0</difficult>
    <bndbox>
      <xmin>107</xmin>
      <ymin>39</ymin>
      <xmax>129</xmax>
      <ymax>83</ymax>
    </bndbox>
  </object>
  <object>
    <name>9</name>
    <pose>Unspecified</pose>
    <truncated>0</truncated>
    <difficult>0</difficult>
    <bndbox>
      <xmin>132</xmin>
      <ymin>39</ymin>
      <xmax>155</xmax>
      <ymax>84</ymax>
    </bndbox>
  </object>
  <object>
    <name>5</name>
    <pose>Unspecified</pose>
    <truncated>0</truncated>
    <difficult>0</difficult>
    <bndbox>
      <xmin>157</xmin>
      <ymin>41</ymin>
      <xmax>180</xmax>
      <ymax>85</ymax>
    </bndbox>
  </object>
</annotation>
