<annotation>
  <folder>LP</folder>
  <filename>043226833_P_T17</filename>
  <path>D:\SAT_LPR_DATA_2\T17_not_done\LP\043226833_P_T17.jpg</path>
  <source>
    <database>Unknown</database>
  </source>
  <size>
    <width>182</width>
    <height>104</height>
    <depth>1</depth>
  </size>
  <segmented>0</segmented>
  <object>
    <name>0</name>
    <pose>Unspecified</pose>
    <truncated>0</truncated>
    <difficult>0</difficult>
    <bndbox>
      <xmin>50</xmin>
      <ymin>13</ymin>
      <xmax>74</xmax>
      <ymax>35</ymax>
    </bndbox>
  </object>
  <object>
    <name>2</name>
    <pose>Unspecified</pose>
    <truncated>0</truncated>
    <difficult>0</difficult>
    <bndbox>
      <xmin>77</xmin>
      <ymin>13</ymin>
      <xmax>103</xmax>
      <ymax>35</ymax>
    </bndbox>
  </object>
  <object>
    <name>&#46160;</name>
    <pose>Unspecified</pose>
    <truncated>0</truncated>
    <difficult>0</difficult>
    <bndbox>
      <xmin>105</xmin>
      <ymin>12</ymin>
      <xmax>128</xmax>
      <ymax>33</ymax>
    </bndbox>
  </object>
  <object>
    <name>3</name>
    <pose>Unspecified</pose>
    <truncated>0</truncated>
    <difficult>0</difficult>
    <bndbox>
      <xmin>17</xmin>
      <ymin>39</ymin>
      <xmax>51</xmax>
      <ymax>90</ymax>
    </bndbox>
  </object>
  <object>
    <name>7</name>
    <pose>Unspecified</pose>
    <truncated>0</truncated>
    <difficult>0</difficult>
    <bndbox>
      <xmin>55</xmin>
      <ymin>38</ymin>
      <xmax>87</xmax>
      <ymax>89</ymax>
    </bndbox>
  </object>
  <object>
    <name>5</name>
    <pose>Unspecified</pose>
    <truncated>0</truncated>
    <difficult>0</difficult>
    <bndbox>
      <xmin>95</xmin>
      <ymin>38</ymin>
      <xmax>129</xmax>
      <ymax>89</ymax>
    </bndbox>
  </object>
  <object>
    <name>8</name>
    <pose>Unspecified</pose>
    <truncated>0</truncated>
    <difficult>0</difficult>
    <bndbox>
      <xmin>133</xmin>
      <ymin>38</ymin>
      <xmax>168</xmax>
      <ymax>89</ymax>
    </bndbox>
  </object>
</annotation>
