<annotation>
  <folder>LP</folder>
  <filename>043400421_P_T05</filename>
  <path>D:\SAT_LPR_DATA_2\T05_not_done\LP\043400421_P_T05.jpg</path>
  <source>
    <database>Unknown</database>
  </source>
  <size>
    <width>196</width>
    <height>111</height>
    <depth>1</depth>
  </size>
  <segmented>0</segmented>
  <object>
    <name>9</name>
    <pose>Unspecified</pose>
    <truncated>0</truncated>
    <difficult>0</difficult>
    <bndbox>
      <xmin>11</xmin>
      <ymin>39</ymin>
      <xmax>34</xmax>
      <ymax>83</ymax>
    </bndbox>
  </object>
  <object>
    <name>6</name>
    <pose>Unspecified</pose>
    <truncated>0</truncated>
    <difficult>0</difficult>
    <bndbox>
      <xmin>35</xmin>
      <ymin>42</ymin>
      <xmax>58</xmax>
      <ymax>86</ymax>
    </bndbox>
  </object>
  <object>
    <name>&#49548;</name>
    <pose>Unspecified</pose>
    <truncated>0</truncated>
    <difficult>0</difficult>
    <bndbox>
      <xmin>59</xmin>
      <ymin>50</ymin>
      <xmax>81</xmax>
      <ymax>87</ymax>
    </bndbox>
  </object>
  <object>
    <name>4</name>
    <pose>Unspecified</pose>
    <truncated>0</truncated>
    <difficult>0</difficult>
    <bndbox>
      <xmin>85</xmin>
      <ymin>44</ymin>
      <xmax>109</xmax>
      <ymax>89</ymax>
    </bndbox>
  </object>
  <object>
    <name>6</name>
    <pose>Unspecified</pose>
    <truncated>0</truncated>
    <difficult>0</difficult>
    <bndbox>
      <xmin>110</xmin>
      <ymin>45</ymin>
      <xmax>133</xmax>
      <ymax>90</ymax>
    </bndbox>
  </object>
  <object>
    <name>7</name>
    <pose>Unspecified</pose>
    <truncated>0</truncated>
    <difficult>0</difficult>
    <bndbox>
      <xmin>136</xmin>
      <ymin>47</ymin>
      <xmax>159</xmax>
      <ymax>91</ymax>
    </bndbox>
  </object>
  <object>
    <name>6</name>
    <pose>Unspecified</pose>
    <truncated>0</truncated>
    <difficult>0</difficult>
    <bndbox>
      <xmin>160</xmin>
      <ymin>48</ymin>
      <xmax>182</xmax>
      <ymax>93</ymax>
    </bndbox>
  </object>
</annotation>
