<annotation>
  <folder>LP</folder>
  <filename>043627810_P_T05</filename>
  <path>D:\SAT_LPR_DATA_2\T05_not_done\LP\043627810_P_T05.jpg</path>
  <source>
    <database>Unknown</database>
  </source>
  <size>
    <width>213</width>
    <height>115</height>
    <depth>1</depth>
  </size>
  <segmented>0</segmented>
  <object>
    <name>8</name>
    <pose>Unspecified</pose>
    <truncated>0</truncated>
    <difficult>0</difficult>
    <bndbox>
      <xmin>12</xmin>
      <ymin>34</ymin>
      <xmax>36</xmax>
      <ymax>87</ymax>
    </bndbox>
  </object>
  <object>
    <name>4</name>
    <pose>Unspecified</pose>
    <truncated>0</truncated>
    <difficult>0</difficult>
    <bndbox>
      <xmin>37</xmin>
      <ymin>37</ymin>
      <xmax>62</xmax>
      <ymax>89</ymax>
    </bndbox>
  </object>
  <object>
    <name>&#44396;</name>
    <pose>Unspecified</pose>
    <truncated>0</truncated>
    <difficult>0</difficult>
    <bndbox>
      <xmin>63</xmin>
      <ymin>48</ymin>
      <xmax>88</xmax>
      <ymax>91</ymax>
    </bndbox>
  </object>
  <object>
    <name>9</name>
    <pose>Unspecified</pose>
    <truncated>0</truncated>
    <difficult>0</difficult>
    <bndbox>
      <xmin>93</xmin>
      <ymin>39</ymin>
      <xmax>117</xmax>
      <ymax>92</ymax>
    </bndbox>
  </object>
  <object>
    <name>5</name>
    <pose>Unspecified</pose>
    <truncated>0</truncated>
    <difficult>0</difficult>
    <bndbox>
      <xmin>121</xmin>
      <ymin>42</ymin>
      <xmax>145</xmax>
      <ymax>95</ymax>
    </bndbox>
  </object>
  <object>
    <name>8</name>
    <pose>Unspecified</pose>
    <truncated>0</truncated>
    <difficult>0</difficult>
    <bndbox>
      <xmin>148</xmin>
      <ymin>42</ymin>
      <xmax>173</xmax>
      <ymax>97</ymax>
    </bndbox>
  </object>
  <object>
    <name>9</name>
    <pose>Unspecified</pose>
    <truncated>0</truncated>
    <difficult>0</difficult>
    <bndbox>
      <xmin>175</xmin>
      <ymin>44</ymin>
      <xmax>200</xmax>
      <ymax>97</ymax>
    </bndbox>
  </object>
</annotation>
