<annotation>
  <folder>LP</folder>
  <filename>043755_P_T18</filename>
  <path>D:\2.SAT_LPR_DATA\T18_not_done\LP\043755_P_T18.jpg</path>
  <source>
    <database>Unknown</database>
  </source>
  <size>
    <width>286</width>
    <height>151</height>
    <depth>1</depth>
  </size>
  <segmented>0</segmented>
  <object>
    <name>&#52649;&#45224;_O</name>
    <pose>Unspecified</pose>
    <truncated>0</truncated>
    <difficult>0</difficult>
    <bndbox>
      <xmin>74</xmin>
      <ymin>17</ymin>
      <xmax>141</xmax>
      <ymax>52</ymax>
    </bndbox>
  </object>
  <object>
    <name>8</name>
    <pose>Unspecified</pose>
    <truncated>0</truncated>
    <difficult>0</difficult>
    <bndbox>
      <xmin>144</xmin>
      <ymin>18</ymin>
      <xmax>172</xmax>
      <ymax>54</ymax>
    </bndbox>
  </object>
  <object>
    <name>7</name>
    <pose>Unspecified</pose>
    <truncated>0</truncated>
    <difficult>0</difficult>
    <bndbox>
      <xmin>172</xmin>
      <ymin>18</ymin>
      <xmax>202</xmax>
      <ymax>55</ymax>
    </bndbox>
  </object>
  <object>
    <name>&#45432;</name>
    <pose>Unspecified</pose>
    <truncated>0</truncated>
    <difficult>0</difficult>
    <bndbox>
      <xmin>23</xmin>
      <ymin>62</ymin>
      <xmax>74</xmax>
      <ymax>103</ymax>
    </bndbox>
  </object>
  <object>
    <name>&#52649;&#45224;_O</name>
    <pose>Unspecified</pose>
    <truncated>0</truncated>
    <difficult>0</difficult>
    <bndbox>
      <xmin>88</xmin>
      <ymin>60</ymin>
      <xmax>130</xmax>
      <ymax>131</ymax>
    </bndbox>
  </object>
  <object>
    <name>9</name>
    <pose>Unspecified</pose>
    <truncated>0</truncated>
    <difficult>0</difficult>
    <bndbox>
      <xmin>130</xmin>
      <ymin>59</ymin>
      <xmax>172</xmax>
      <ymax>131</ymax>
    </bndbox>
  </object>
  <object>
    <name>9</name>
    <pose>Unspecified</pose>
    <truncated>0</truncated>
    <difficult>0</difficult>
    <bndbox>
      <xmin>175</xmin>
      <ymin>59</ymin>
      <xmax>216</xmax>
      <ymax>133</ymax>
    </bndbox>
  </object>
  <object>
    <name>7</name>
    <pose>Unspecified</pose>
    <truncated>0</truncated>
    <difficult>0</difficult>
    <bndbox>
      <xmin>217</xmin>
      <ymin>59</ymin>
      <xmax>259</xmax>
      <ymax>133</ymax>
    </bndbox>
  </object>
</annotation>
