<annotation>
  <folder>LP</folder>
  <filename>043808790_P_T05</filename>
  <path>D:\SAT_LPR_DATA_2\T05_not_done\LP\043808790_P_T05.jpg</path>
  <source>
    <database>Unknown</database>
  </source>
  <size>
    <width>230</width>
    <height>108</height>
    <depth>1</depth>
  </size>
  <segmented>0</segmented>
  <object>
    <name>8</name>
    <pose>Unspecified</pose>
    <truncated>0</truncated>
    <difficult>0</difficult>
    <bndbox>
      <xmin>13</xmin>
      <ymin>36</ymin>
      <xmax>40</xmax>
      <ymax>86</ymax>
    </bndbox>
  </object>
  <object>
    <name>8</name>
    <pose>Unspecified</pose>
    <truncated>0</truncated>
    <difficult>0</difficult>
    <bndbox>
      <xmin>42</xmin>
      <ymin>36</ymin>
      <xmax>68</xmax>
      <ymax>87</ymax>
    </bndbox>
  </object>
  <object>
    <name>&#44256;</name>
    <pose>Unspecified</pose>
    <truncated>0</truncated>
    <difficult>0</difficult>
    <bndbox>
      <xmin>71</xmin>
      <ymin>46</ymin>
      <xmax>99</xmax>
      <ymax>86</ymax>
    </bndbox>
  </object>
  <object>
    <name>0</name>
    <pose>Unspecified</pose>
    <truncated>0</truncated>
    <difficult>0</difficult>
    <bndbox>
      <xmin>102</xmin>
      <ymin>37</ymin>
      <xmax>127</xmax>
      <ymax>86</ymax>
    </bndbox>
  </object>
  <object>
    <name>5</name>
    <pose>Unspecified</pose>
    <truncated>0</truncated>
    <difficult>0</difficult>
    <bndbox>
      <xmin>134</xmin>
      <ymin>37</ymin>
      <xmax>158</xmax>
      <ymax>87</ymax>
    </bndbox>
  </object>
  <object>
    <name>0</name>
    <pose>Unspecified</pose>
    <truncated>0</truncated>
    <difficult>0</difficult>
    <bndbox>
      <xmin>161</xmin>
      <ymin>37</ymin>
      <xmax>186</xmax>
      <ymax>87</ymax>
    </bndbox>
  </object>
  <object>
    <name>6</name>
    <pose>Unspecified</pose>
    <truncated>0</truncated>
    <difficult>0</difficult>
    <bndbox>
      <xmin>191</xmin>
      <ymin>38</ymin>
      <xmax>217</xmax>
      <ymax>88</ymax>
    </bndbox>
  </object>
</annotation>
