<annotation>
  <folder>LP</folder>
  <filename>043827912_P_T05</filename>
  <path>D:\SAT_LPR_DATA_2\T05_not_done\LP\043827912_P_T05.jpg</path>
  <source>
    <database>Unknown</database>
  </source>
  <size>
    <width>222</width>
    <height>112</height>
    <depth>1</depth>
  </size>
  <segmented>0</segmented>
  <object>
    <name>8</name>
    <pose>Unspecified</pose>
    <truncated>0</truncated>
    <difficult>0</difficult>
    <bndbox>
      <xmin>13</xmin>
      <ymin>41</ymin>
      <xmax>38</xmax>
      <ymax>91</ymax>
    </bndbox>
  </object>
  <object>
    <name>9</name>
    <pose>Unspecified</pose>
    <truncated>0</truncated>
    <difficult>0</difficult>
    <bndbox>
      <xmin>40</xmin>
      <ymin>40</ymin>
      <xmax>66</xmax>
      <ymax>92</ymax>
    </bndbox>
  </object>
  <object>
    <name>&#44256;</name>
    <pose>Unspecified</pose>
    <truncated>0</truncated>
    <difficult>0</difficult>
    <bndbox>
      <xmin>69</xmin>
      <ymin>50</ymin>
      <xmax>95</xmax>
      <ymax>91</ymax>
    </bndbox>
  </object>
  <object>
    <name>2</name>
    <pose>Unspecified</pose>
    <truncated>0</truncated>
    <difficult>0</difficult>
    <bndbox>
      <xmin>100</xmin>
      <ymin>40</ymin>
      <xmax>125</xmax>
      <ymax>91</ymax>
    </bndbox>
  </object>
  <object>
    <name>0</name>
    <pose>Unspecified</pose>
    <truncated>0</truncated>
    <difficult>0</difficult>
    <bndbox>
      <xmin>129</xmin>
      <ymin>40</ymin>
      <xmax>153</xmax>
      <ymax>91</ymax>
    </bndbox>
  </object>
  <object>
    <name>0</name>
    <pose>Unspecified</pose>
    <truncated>0</truncated>
    <difficult>0</difficult>
    <bndbox>
      <xmin>157</xmin>
      <ymin>40</ymin>
      <xmax>182</xmax>
      <ymax>92</ymax>
    </bndbox>
  </object>
  <object>
    <name>1</name>
    <pose>Unspecified</pose>
    <truncated>0</truncated>
    <difficult>0</difficult>
    <bndbox>
      <xmin>186</xmin>
      <ymin>40</ymin>
      <xmax>210</xmax>
      <ymax>90</ymax>
    </bndbox>
  </object>
</annotation>
