<annotation>
  <folder>LP</folder>
  <filename>043905770_P_T05</filename>
  <path>D:\SAT_LPR_DATA_2\T05_not_done\LP\043905770_P_T05.jpg</path>
  <source>
    <database>Unknown</database>
  </source>
  <size>
    <width>246</width>
    <height>135</height>
    <depth>1</depth>
  </size>
  <segmented>0</segmented>
  <object>
    <name>9</name>
    <pose>Unspecified</pose>
    <truncated>0</truncated>
    <difficult>0</difficult>
    <bndbox>
      <xmin>16</xmin>
      <ymin>50</ymin>
      <xmax>43</xmax>
      <ymax>105</ymax>
    </bndbox>
  </object>
  <object>
    <name>7</name>
    <pose>Unspecified</pose>
    <truncated>0</truncated>
    <difficult>0</difficult>
    <bndbox>
      <xmin>45</xmin>
      <ymin>49</ymin>
      <xmax>72</xmax>
      <ymax>105</ymax>
    </bndbox>
  </object>
  <object>
    <name>&#45208;</name>
    <pose>Unspecified</pose>
    <truncated>0</truncated>
    <difficult>0</difficult>
    <bndbox>
      <xmin>75</xmin>
      <ymin>58</ymin>
      <xmax>104</xmax>
      <ymax>103</ymax>
    </bndbox>
  </object>
  <object>
    <name>0</name>
    <pose>Unspecified</pose>
    <truncated>0</truncated>
    <difficult>0</difficult>
    <bndbox>
      <xmin>109</xmin>
      <ymin>46</ymin>
      <xmax>138</xmax>
      <ymax>103</ymax>
    </bndbox>
  </object>
  <object>
    <name>5</name>
    <pose>Unspecified</pose>
    <truncated>0</truncated>
    <difficult>0</difficult>
    <bndbox>
      <xmin>140</xmin>
      <ymin>45</ymin>
      <xmax>169</xmax>
      <ymax>102</ymax>
    </bndbox>
  </object>
  <object>
    <name>0</name>
    <pose>Unspecified</pose>
    <truncated>0</truncated>
    <difficult>0</difficult>
    <bndbox>
      <xmin>169</xmin>
      <ymin>42</ymin>
      <xmax>198</xmax>
      <ymax>100</ymax>
    </bndbox>
  </object>
  <object>
    <name>0</name>
    <pose>Unspecified</pose>
    <truncated>0</truncated>
    <difficult>0</difficult>
    <bndbox>
      <xmin>201</xmin>
      <ymin>41</ymin>
      <xmax>230</xmax>
      <ymax>98</ymax>
    </bndbox>
  </object>
</annotation>
