<annotation>
  <folder>LP</folder>
  <filename>044242107_P_T17</filename>
  <path>D:\SAT_LPR_DATA_2\T17_not_done\LP\044242107_P_T17.jpg</path>
  <source>
    <database>Unknown</database>
  </source>
  <size>
    <width>217</width>
    <height>127</height>
    <depth>1</depth>
  </size>
  <segmented>0</segmented>
  <object>
    <name>9</name>
    <pose>Unspecified</pose>
    <truncated>0</truncated>
    <difficult>0</difficult>
    <bndbox>
      <xmin>50</xmin>
      <ymin>14</ymin>
      <xmax>78</xmax>
      <ymax>49</ymax>
    </bndbox>
  </object>
  <object>
    <name>5</name>
    <pose>Unspecified</pose>
    <truncated>0</truncated>
    <difficult>0</difficult>
    <bndbox>
      <xmin>85</xmin>
      <ymin>14</ymin>
      <xmax>114</xmax>
      <ymax>48</ymax>
    </bndbox>
  </object>
  <object>
    <name>&#44256;</name>
    <pose>Unspecified</pose>
    <truncated>0</truncated>
    <difficult>0</difficult>
    <bndbox>
      <xmin>120</xmin>
      <ymin>14</ymin>
      <xmax>149</xmax>
      <ymax>49</ymax>
    </bndbox>
  </object>
  <object>
    <name>8</name>
    <pose>Unspecified</pose>
    <truncated>0</truncated>
    <difficult>0</difficult>
    <bndbox>
      <xmin>27</xmin>
      <ymin>54</ymin>
      <xmax>63</xmax>
      <ymax>109</ymax>
    </bndbox>
  </object>
  <object>
    <name>1</name>
    <pose>Unspecified</pose>
    <truncated>0</truncated>
    <difficult>0</difficult>
    <bndbox>
      <xmin>71</xmin>
      <ymin>55</ymin>
      <xmax>102</xmax>
      <ymax>110</ymax>
    </bndbox>
  </object>
  <object>
    <name>9</name>
    <pose>Unspecified</pose>
    <truncated>0</truncated>
    <difficult>0</difficult>
    <bndbox>
      <xmin>112</xmin>
      <ymin>55</ymin>
      <xmax>148</xmax>
      <ymax>111</ymax>
    </bndbox>
  </object>
  <object>
    <name>8</name>
    <pose>Unspecified</pose>
    <truncated>0</truncated>
    <difficult>0</difficult>
    <bndbox>
      <xmin>159</xmin>
      <ymin>55</ymin>
      <xmax>196</xmax>
      <ymax>113</ymax>
    </bndbox>
  </object>
</annotation>
