<annotation>
  <folder>LP</folder>
  <filename>044238048_P_T05</filename>
  <path>D:\SAT_LPR_DATA_2\T05_not_done\LP\044238048_P_T05.jpg</path>
  <source>
    <database>Unknown</database>
  </source>
  <size>
    <width>229</width>
    <height>116</height>
    <depth>1</depth>
  </size>
  <segmented>0</segmented>
  <object>
    <name>8</name>
    <pose>Unspecified</pose>
    <truncated>0</truncated>
    <difficult>0</difficult>
    <bndbox>
      <xmin>17</xmin>
      <ymin>39</ymin>
      <xmax>41</xmax>
      <ymax>89</ymax>
    </bndbox>
  </object>
  <object>
    <name>0</name>
    <pose>Unspecified</pose>
    <truncated>0</truncated>
    <difficult>0</difficult>
    <bndbox>
      <xmin>44</xmin>
      <ymin>39</ymin>
      <xmax>68</xmax>
      <ymax>89</ymax>
    </bndbox>
  </object>
  <object>
    <name>&#47084;</name>
    <pose>Unspecified</pose>
    <truncated>0</truncated>
    <difficult>0</difficult>
    <bndbox>
      <xmin>72</xmin>
      <ymin>50</ymin>
      <xmax>97</xmax>
      <ymax>89</ymax>
    </bndbox>
  </object>
  <object>
    <name>9</name>
    <pose>Unspecified</pose>
    <truncated>0</truncated>
    <difficult>0</difficult>
    <bndbox>
      <xmin>102</xmin>
      <ymin>40</ymin>
      <xmax>126</xmax>
      <ymax>90</ymax>
    </bndbox>
  </object>
  <object>
    <name>2</name>
    <pose>Unspecified</pose>
    <truncated>0</truncated>
    <difficult>0</difficult>
    <bndbox>
      <xmin>131</xmin>
      <ymin>40</ymin>
      <xmax>155</xmax>
      <ymax>91</ymax>
    </bndbox>
  </object>
  <object>
    <name>3</name>
    <pose>Unspecified</pose>
    <truncated>0</truncated>
    <difficult>0</difficult>
    <bndbox>
      <xmin>160</xmin>
      <ymin>41</ymin>
      <xmax>183</xmax>
      <ymax>92</ymax>
    </bndbox>
  </object>
  <object>
    <name>9</name>
    <pose>Unspecified</pose>
    <truncated>0</truncated>
    <difficult>0</difficult>
    <bndbox>
      <xmin>187</xmin>
      <ymin>40</ymin>
      <xmax>212</xmax>
      <ymax>91</ymax>
    </bndbox>
  </object>
</annotation>
