<annotation>
  <folder>LP</folder>
  <filename>044505867_P_T05</filename>
  <path>D:\SAT_LPR_DATA_2\T05_not_done\LP\044505867_P_T05.jpg</path>
  <source>
    <database>Unknown</database>
  </source>
  <size>
    <width>218</width>
    <height>111</height>
    <depth>1</depth>
  </size>
  <segmented>0</segmented>
  <object>
    <name>9</name>
    <pose>Unspecified</pose>
    <truncated>0</truncated>
    <difficult>0</difficult>
    <bndbox>
      <xmin>11</xmin>
      <ymin>37</ymin>
      <xmax>35</xmax>
      <ymax>86</ymax>
    </bndbox>
  </object>
  <object>
    <name>6</name>
    <pose>Unspecified</pose>
    <truncated>0</truncated>
    <difficult>0</difficult>
    <bndbox>
      <xmin>38</xmin>
      <ymin>37</ymin>
      <xmax>63</xmax>
      <ymax>87</ymax>
    </bndbox>
  </object>
  <object>
    <name>&#45796;</name>
    <pose>Unspecified</pose>
    <truncated>0</truncated>
    <difficult>0</difficult>
    <bndbox>
      <xmin>64</xmin>
      <ymin>46</ymin>
      <xmax>89</xmax>
      <ymax>88</ymax>
    </bndbox>
  </object>
  <object>
    <name>3</name>
    <pose>Unspecified</pose>
    <truncated>0</truncated>
    <difficult>0</difficult>
    <bndbox>
      <xmin>94</xmin>
      <ymin>38</ymin>
      <xmax>118</xmax>
      <ymax>87</ymax>
    </bndbox>
  </object>
  <object>
    <name>7</name>
    <pose>Unspecified</pose>
    <truncated>0</truncated>
    <difficult>0</difficult>
    <bndbox>
      <xmin>120</xmin>
      <ymin>38</ymin>
      <xmax>145</xmax>
      <ymax>87</ymax>
    </bndbox>
  </object>
  <object>
    <name>7</name>
    <pose>Unspecified</pose>
    <truncated>0</truncated>
    <difficult>0</difficult>
    <bndbox>
      <xmin>149</xmin>
      <ymin>37</ymin>
      <xmax>173</xmax>
      <ymax>88</ymax>
    </bndbox>
  </object>
  <object>
    <name>6</name>
    <pose>Unspecified</pose>
    <truncated>0</truncated>
    <difficult>0</difficult>
    <bndbox>
      <xmin>178</xmin>
      <ymin>37</ymin>
      <xmax>203</xmax>
      <ymax>87</ymax>
    </bndbox>
  </object>
</annotation>
