<annotation>
  <folder>LP</folder>
  <filename>044633431_P_T05</filename>
  <path>D:\SAT_LPR_DATA_2\T05_not_done\LP\044633431_P_T05.jpg</path>
  <source>
    <database>Unknown</database>
  </source>
  <size>
    <width>201</width>
    <height>111</height>
    <depth>1</depth>
  </size>
  <segmented>0</segmented>
  <object>
    <name>8</name>
    <pose>Unspecified</pose>
    <truncated>0</truncated>
    <difficult>0</difficult>
    <bndbox>
      <xmin>11</xmin>
      <ymin>35</ymin>
      <xmax>35</xmax>
      <ymax>80</ymax>
    </bndbox>
  </object>
  <object>
    <name>2</name>
    <pose>Unspecified</pose>
    <truncated>0</truncated>
    <difficult>0</difficult>
    <bndbox>
      <xmin>38</xmin>
      <ymin>36</ymin>
      <xmax>59</xmax>
      <ymax>81</ymax>
    </bndbox>
  </object>
  <object>
    <name>&#46020;</name>
    <pose>Unspecified</pose>
    <truncated>0</truncated>
    <difficult>0</difficult>
    <bndbox>
      <xmin>63</xmin>
      <ymin>46</ymin>
      <xmax>85</xmax>
      <ymax>84</ymax>
    </bndbox>
  </object>
  <object>
    <name>8</name>
    <pose>Unspecified</pose>
    <truncated>0</truncated>
    <difficult>0</difficult>
    <bndbox>
      <xmin>90</xmin>
      <ymin>39</ymin>
      <xmax>113</xmax>
      <ymax>84</ymax>
    </bndbox>
  </object>
  <object>
    <name>0</name>
    <pose>Unspecified</pose>
    <truncated>0</truncated>
    <difficult>0</difficult>
    <bndbox>
      <xmin>116</xmin>
      <ymin>40</ymin>
      <xmax>138</xmax>
      <ymax>86</ymax>
    </bndbox>
  </object>
  <object>
    <name>6</name>
    <pose>Unspecified</pose>
    <truncated>0</truncated>
    <difficult>0</difficult>
    <bndbox>
      <xmin>141</xmin>
      <ymin>42</ymin>
      <xmax>164</xmax>
      <ymax>88</ymax>
    </bndbox>
  </object>
  <object>
    <name>8</name>
    <pose>Unspecified</pose>
    <truncated>0</truncated>
    <difficult>0</difficult>
    <bndbox>
      <xmin>166</xmin>
      <ymin>43</ymin>
      <xmax>190</xmax>
      <ymax>88</ymax>
    </bndbox>
  </object>
</annotation>
