<annotation>
  <folder>LP</folder>
  <filename>044629052_P_T05</filename>
  <path>D:\SAT_LPR_DATA_2\T05_not_done\LP\044629052_P_T05.jpg</path>
  <source>
    <database>Unknown</database>
  </source>
  <size>
    <width>230</width>
    <height>115</height>
    <depth>1</depth>
  </size>
  <segmented>0</segmented>
  <object>
    <name>8</name>
    <pose>Unspecified</pose>
    <truncated>0</truncated>
    <difficult>0</difficult>
    <bndbox>
      <xmin>16</xmin>
      <ymin>45</ymin>
      <xmax>43</xmax>
      <ymax>96</ymax>
    </bndbox>
  </object>
  <object>
    <name>5</name>
    <pose>Unspecified</pose>
    <truncated>0</truncated>
    <difficult>0</difficult>
    <bndbox>
      <xmin>47</xmin>
      <ymin>45</ymin>
      <xmax>71</xmax>
      <ymax>95</ymax>
    </bndbox>
  </object>
  <object>
    <name>&#44032;</name>
    <pose>Unspecified</pose>
    <truncated>0</truncated>
    <difficult>0</difficult>
    <bndbox>
      <xmin>73</xmin>
      <ymin>54</ymin>
      <xmax>99</xmax>
      <ymax>95</ymax>
    </bndbox>
  </object>
  <object>
    <name>4</name>
    <pose>Unspecified</pose>
    <truncated>0</truncated>
    <difficult>0</difficult>
    <bndbox>
      <xmin>105</xmin>
      <ymin>45</ymin>
      <xmax>133</xmax>
      <ymax>95</ymax>
    </bndbox>
  </object>
  <object>
    <name>6</name>
    <pose>Unspecified</pose>
    <truncated>0</truncated>
    <difficult>0</difficult>
    <bndbox>
      <xmin>134</xmin>
      <ymin>45</ymin>
      <xmax>159</xmax>
      <ymax>95</ymax>
    </bndbox>
  </object>
  <object>
    <name>6</name>
    <pose>Unspecified</pose>
    <truncated>0</truncated>
    <difficult>0</difficult>
    <bndbox>
      <xmin>161</xmin>
      <ymin>45</ymin>
      <xmax>187</xmax>
      <ymax>96</ymax>
    </bndbox>
  </object>
  <object>
    <name>9</name>
    <pose>Unspecified</pose>
    <truncated>0</truncated>
    <difficult>0</difficult>
    <bndbox>
      <xmin>190</xmin>
      <ymin>43</ymin>
      <xmax>216</xmax>
      <ymax>96</ymax>
    </bndbox>
  </object>
</annotation>
