<annotation>
  <folder>LP</folder>
  <filename>044603056_P_T04</filename>
  <path>D:\ALBA\SAT_LPR_DATA_2\T04_not_done\LP\044603056_P_T04.jpg</path>
  <source>
    <database>Unknown</database>
  </source>
  <size>
    <width>208</width>
    <height>68</height>
    <depth>1</depth>
  </size>
  <segmented>0</segmented>
  <object>
    <name>&#50872;&#49328;_V</name>
    <pose>Unspecified</pose>
    <truncated>0</truncated>
    <difficult>0</difficult>
    <bndbox>
      <xmin>14</xmin>
      <ymin>11</ymin>
      <xmax>33</xmax>
      <ymax>45</ymax>
    </bndbox>
  </object>
  <object>
    <name>9</name>
    <pose>Unspecified</pose>
    <truncated>0</truncated>
    <difficult>0</difficult>
    <bndbox>
      <xmin>35</xmin>
      <ymin>12</ymin>
      <xmax>53</xmax>
      <ymax>46</ymax>
    </bndbox>
  </object>
  <object>
    <name>9</name>
    <pose>Unspecified</pose>
    <truncated>0</truncated>
    <difficult>0</difficult>
    <bndbox>
      <xmin>56</xmin>
      <ymin>14</ymin>
      <xmax>75</xmax>
      <ymax>47</ymax>
    </bndbox>
  </object>
  <object>
    <name>&#48148;</name>
    <pose>Unspecified</pose>
    <truncated>0</truncated>
    <difficult>0</difficult>
    <bndbox>
      <xmin>77</xmin>
      <ymin>18</ymin>
      <xmax>97</xmax>
      <ymax>47</ymax>
    </bndbox>
  </object>
  <object>
    <name>5</name>
    <pose>Unspecified</pose>
    <truncated>0</truncated>
    <difficult>0</difficult>
    <bndbox>
      <xmin>104</xmin>
      <ymin>18</ymin>
      <xmax>124</xmax>
      <ymax>52</ymax>
    </bndbox>
  </object>
  <object>
    <name>7</name>
    <pose>Unspecified</pose>
    <truncated>0</truncated>
    <difficult>0</difficult>
    <bndbox>
      <xmin>126</xmin>
      <ymin>19</ymin>
      <xmax>146</xmax>
      <ymax>54</ymax>
    </bndbox>
  </object>
  <object>
    <name>3</name>
    <pose>Unspecified</pose>
    <truncated>0</truncated>
    <difficult>0</difficult>
    <bndbox>
      <xmin>148</xmin>
      <ymin>21</ymin>
      <xmax>167</xmax>
      <ymax>55</ymax>
    </bndbox>
  </object>
  <object>
    <name>0</name>
    <pose>Unspecified</pose>
    <truncated>0</truncated>
    <difficult>0</difficult>
    <bndbox>
      <xmin>171</xmin>
      <ymin>23</ymin>
      <xmax>190</xmax>
      <ymax>57</ymax>
    </bndbox>
  </object>
</annotation>
