<annotation>
  <folder>LP</folder>
  <filename>044836007_P_T05</filename>
  <path>D:\SAT_LPR_DATA_2\T05_not_done\LP\044836007_P_T05.jpg</path>
  <source>
    <database>Unknown</database>
  </source>
  <size>
    <width>224</width>
    <height>131</height>
    <depth>1</depth>
  </size>
  <segmented>0</segmented>
  <object>
    <name>9</name>
    <pose>Unspecified</pose>
    <truncated>0</truncated>
    <difficult>0</difficult>
    <bndbox>
      <xmin>13</xmin>
      <ymin>40</ymin>
      <xmax>38</xmax>
      <ymax>93</ymax>
    </bndbox>
  </object>
  <object>
    <name>1</name>
    <pose>Unspecified</pose>
    <truncated>0</truncated>
    <difficult>0</difficult>
    <bndbox>
      <xmin>42</xmin>
      <ymin>41</ymin>
      <xmax>66</xmax>
      <ymax>95</ymax>
    </bndbox>
  </object>
  <object>
    <name>&#47336;</name>
    <pose>Unspecified</pose>
    <truncated>0</truncated>
    <difficult>0</difficult>
    <bndbox>
      <xmin>69</xmin>
      <ymin>52</ymin>
      <xmax>93</xmax>
      <ymax>97</ymax>
    </bndbox>
  </object>
  <object>
    <name>2</name>
    <pose>Unspecified</pose>
    <truncated>0</truncated>
    <difficult>0</difficult>
    <bndbox>
      <xmin>99</xmin>
      <ymin>43</ymin>
      <xmax>124</xmax>
      <ymax>98</ymax>
    </bndbox>
  </object>
  <object>
    <name>0</name>
    <pose>Unspecified</pose>
    <truncated>0</truncated>
    <difficult>0</difficult>
    <bndbox>
      <xmin>127</xmin>
      <ymin>45</ymin>
      <xmax>152</xmax>
      <ymax>101</ymax>
    </bndbox>
  </object>
  <object>
    <name>7</name>
    <pose>Unspecified</pose>
    <truncated>0</truncated>
    <difficult>0</difficult>
    <bndbox>
      <xmin>155</xmin>
      <ymin>46</ymin>
      <xmax>182</xmax>
      <ymax>101</ymax>
    </bndbox>
  </object>
  <object>
    <name>5</name>
    <pose>Unspecified</pose>
    <truncated>0</truncated>
    <difficult>0</difficult>
    <bndbox>
      <xmin>186</xmin>
      <ymin>48</ymin>
      <xmax>211</xmax>
      <ymax>104</ymax>
    </bndbox>
  </object>
</annotation>
