<annotation>
  <folder>LP</folder>
  <filename>044831038_P_T05</filename>
  <path>D:\SAT_LPR_DATA_2\T05_not_done\LP\044831038_P_T05.jpg</path>
  <source>
    <database>Unknown</database>
  </source>
  <size>
    <width>211</width>
    <height>106</height>
    <depth>1</depth>
  </size>
  <segmented>0</segmented>
  <object>
    <name>9</name>
    <pose>Unspecified</pose>
    <truncated>0</truncated>
    <difficult>0</difficult>
    <bndbox>
      <xmin>11</xmin>
      <ymin>36</ymin>
      <xmax>34</xmax>
      <ymax>86</ymax>
    </bndbox>
  </object>
  <object>
    <name>6</name>
    <pose>Unspecified</pose>
    <truncated>0</truncated>
    <difficult>0</difficult>
    <bndbox>
      <xmin>38</xmin>
      <ymin>37</ymin>
      <xmax>62</xmax>
      <ymax>87</ymax>
    </bndbox>
  </object>
  <object>
    <name>&#45796;</name>
    <pose>Unspecified</pose>
    <truncated>0</truncated>
    <difficult>0</difficult>
    <bndbox>
      <xmin>64</xmin>
      <ymin>45</ymin>
      <xmax>89</xmax>
      <ymax>87</ymax>
    </bndbox>
  </object>
  <object>
    <name>3</name>
    <pose>Unspecified</pose>
    <truncated>0</truncated>
    <difficult>0</difficult>
    <bndbox>
      <xmin>93</xmin>
      <ymin>37</ymin>
      <xmax>117</xmax>
      <ymax>86</ymax>
    </bndbox>
  </object>
  <object>
    <name>7</name>
    <pose>Unspecified</pose>
    <truncated>0</truncated>
    <difficult>0</difficult>
    <bndbox>
      <xmin>120</xmin>
      <ymin>37</ymin>
      <xmax>144</xmax>
      <ymax>87</ymax>
    </bndbox>
  </object>
  <object>
    <name>7</name>
    <pose>Unspecified</pose>
    <truncated>0</truncated>
    <difficult>0</difficult>
    <bndbox>
      <xmin>147</xmin>
      <ymin>36</ymin>
      <xmax>172</xmax>
      <ymax>88</ymax>
    </bndbox>
  </object>
  <object>
    <name>6</name>
    <pose>Unspecified</pose>
    <truncated>0</truncated>
    <difficult>0</difficult>
    <bndbox>
      <xmin>177</xmin>
      <ymin>36</ymin>
      <xmax>202</xmax>
      <ymax>88</ymax>
    </bndbox>
  </object>
</annotation>
