<annotation>
  <folder>LP</folder>
  <filename>045132352_P_T05</filename>
  <path>D:\SAT_LPR_DATA_2\T05_not_done\LP\045132352_P_T05.jpg</path>
  <source>
    <database>Unknown</database>
  </source>
  <size>
    <width>197</width>
    <height>103</height>
    <depth>1</depth>
  </size>
  <segmented>0</segmented>
  <object>
    <name>9</name>
    <pose>Unspecified</pose>
    <truncated>0</truncated>
    <difficult>0</difficult>
    <bndbox>
      <xmin>12</xmin>
      <ymin>32</ymin>
      <xmax>34</xmax>
      <ymax>76</ymax>
    </bndbox>
  </object>
  <object>
    <name>4</name>
    <pose>Unspecified</pose>
    <truncated>0</truncated>
    <difficult>0</difficult>
    <bndbox>
      <xmin>36</xmin>
      <ymin>33</ymin>
      <xmax>59</xmax>
      <ymax>78</ymax>
    </bndbox>
  </object>
  <object>
    <name>&#47924;</name>
    <pose>Unspecified</pose>
    <truncated>0</truncated>
    <difficult>0</difficult>
    <bndbox>
      <xmin>62</xmin>
      <ymin>42</ymin>
      <xmax>83</xmax>
      <ymax>78</ymax>
    </bndbox>
  </object>
  <object>
    <name>7</name>
    <pose>Unspecified</pose>
    <truncated>0</truncated>
    <difficult>0</difficult>
    <bndbox>
      <xmin>88</xmin>
      <ymin>35</ymin>
      <xmax>111</xmax>
      <ymax>80</ymax>
    </bndbox>
  </object>
  <object>
    <name>9</name>
    <pose>Unspecified</pose>
    <truncated>0</truncated>
    <difficult>0</difficult>
    <bndbox>
      <xmin>113</xmin>
      <ymin>35</ymin>
      <xmax>136</xmax>
      <ymax>80</ymax>
    </bndbox>
  </object>
  <object>
    <name>6</name>
    <pose>Unspecified</pose>
    <truncated>0</truncated>
    <difficult>0</difficult>
    <bndbox>
      <xmin>139</xmin>
      <ymin>37</ymin>
      <xmax>161</xmax>
      <ymax>82</ymax>
    </bndbox>
  </object>
  <object>
    <name>3</name>
    <pose>Unspecified</pose>
    <truncated>0</truncated>
    <difficult>0</difficult>
    <bndbox>
      <xmin>164</xmin>
      <ymin>38</ymin>
      <xmax>186</xmax>
      <ymax>82</ymax>
    </bndbox>
  </object>
</annotation>
