<annotation>
  <folder>LP</folder>
  <filename>045229389_P_T17</filename>
  <path>D:\SAT_LPR_DATA_2\T17_not_done\LP\045229389_P_T17.jpg</path>
  <source>
    <database>Unknown</database>
  </source>
  <size>
    <width>228</width>
    <height>122</height>
    <depth>1</depth>
  </size>
  <segmented>0</segmented>
  <object>
    <name>9</name>
    <pose>Unspecified</pose>
    <truncated>0</truncated>
    <difficult>0</difficult>
    <bndbox>
      <xmin>56</xmin>
      <ymin>10</ymin>
      <xmax>86</xmax>
      <ymax>43</ymax>
    </bndbox>
  </object>
  <object>
    <name>4</name>
    <pose>Unspecified</pose>
    <truncated>0</truncated>
    <difficult>0</difficult>
    <bndbox>
      <xmin>94</xmin>
      <ymin>11</ymin>
      <xmax>126</xmax>
      <ymax>43</ymax>
    </bndbox>
  </object>
  <object>
    <name>&#51452;</name>
    <pose>Unspecified</pose>
    <truncated>0</truncated>
    <difficult>0</difficult>
    <bndbox>
      <xmin>132</xmin>
      <ymin>10</ymin>
      <xmax>164</xmax>
      <ymax>42</ymax>
    </bndbox>
  </object>
  <object>
    <name>4</name>
    <pose>Unspecified</pose>
    <truncated>0</truncated>
    <difficult>0</difficult>
    <bndbox>
      <xmin>22</xmin>
      <ymin>49</ymin>
      <xmax>59</xmax>
      <ymax>105</ymax>
    </bndbox>
  </object>
  <object>
    <name>2</name>
    <pose>Unspecified</pose>
    <truncated>0</truncated>
    <difficult>0</difficult>
    <bndbox>
      <xmin>71</xmin>
      <ymin>48</ymin>
      <xmax>108</xmax>
      <ymax>108</ymax>
    </bndbox>
  </object>
  <object>
    <name>0</name>
    <pose>Unspecified</pose>
    <truncated>0</truncated>
    <difficult>0</difficult>
    <bndbox>
      <xmin>118</xmin>
      <ymin>49</ymin>
      <xmax>156</xmax>
      <ymax>109</ymax>
    </bndbox>
  </object>
  <object>
    <name>8</name>
    <pose>Unspecified</pose>
    <truncated>0</truncated>
    <difficult>0</difficult>
    <bndbox>
      <xmin>168</xmin>
      <ymin>51</ymin>
      <xmax>206</xmax>
      <ymax>109</ymax>
    </bndbox>
  </object>
</annotation>
