<annotation>
  <folder>LP</folder>
  <filename>045218377_P_T17</filename>
  <path>D:\SAT_LPR_DATA_2\T17_not_done\LP\045218377_P_T17.jpg</path>
  <source>
    <database>Unknown</database>
  </source>
  <size>
    <width>214</width>
    <height>131</height>
    <depth>1</depth>
  </size>
  <segmented>0</segmented>
  <object>
    <name>8</name>
    <pose>Unspecified</pose>
    <truncated>0</truncated>
    <difficult>0</difficult>
    <bndbox>
      <xmin>54</xmin>
      <ymin>13</ymin>
      <xmax>83</xmax>
      <ymax>46</ymax>
    </bndbox>
  </object>
  <object>
    <name>7</name>
    <pose>Unspecified</pose>
    <truncated>0</truncated>
    <difficult>0</difficult>
    <bndbox>
      <xmin>91</xmin>
      <ymin>14</ymin>
      <xmax>121</xmax>
      <ymax>48</ymax>
    </bndbox>
  </object>
  <object>
    <name>&#44256;</name>
    <pose>Unspecified</pose>
    <truncated>0</truncated>
    <difficult>0</difficult>
    <bndbox>
      <xmin>126</xmin>
      <ymin>18</ymin>
      <xmax>157</xmax>
      <ymax>53</ymax>
    </bndbox>
  </object>
  <object>
    <name>1</name>
    <pose>Unspecified</pose>
    <truncated>0</truncated>
    <difficult>0</difficult>
    <bndbox>
      <xmin>22</xmin>
      <ymin>52</ymin>
      <xmax>55</xmax>
      <ymax>108</ymax>
    </bndbox>
  </object>
  <object>
    <name>2</name>
    <pose>Unspecified</pose>
    <truncated>0</truncated>
    <difficult>0</difficult>
    <bndbox>
      <xmin>67</xmin>
      <ymin>54</ymin>
      <xmax>103</xmax>
      <ymax>113</ymax>
    </bndbox>
  </object>
  <object>
    <name>7</name>
    <pose>Unspecified</pose>
    <truncated>0</truncated>
    <difficult>0</difficult>
    <bndbox>
      <xmin>113</xmin>
      <ymin>56</ymin>
      <xmax>148</xmax>
      <ymax>114</ymax>
    </bndbox>
  </object>
  <object>
    <name>3</name>
    <pose>Unspecified</pose>
    <truncated>0</truncated>
    <difficult>0</difficult>
    <bndbox>
      <xmin>160</xmin>
      <ymin>62</ymin>
      <xmax>195</xmax>
      <ymax>119</ymax>
    </bndbox>
  </object>
</annotation>
