<annotation>
  <folder>LP</folder>
  <filename>045318402_P_T17</filename>
  <path>D:\SAT_LPR_DATA_2\T17_not_done\LP\045318402_P_T17.jpg</path>
  <source>
    <database>Unknown</database>
  </source>
  <size>
    <width>226</width>
    <height>121</height>
    <depth>1</depth>
  </size>
  <segmented>0</segmented>
  <object>
    <name>9</name>
    <pose>Unspecified</pose>
    <truncated>0</truncated>
    <difficult>0</difficult>
    <bndbox>
      <xmin>55</xmin>
      <ymin>11</ymin>
      <xmax>86</xmax>
      <ymax>43</ymax>
    </bndbox>
  </object>
  <object>
    <name>4</name>
    <pose>Unspecified</pose>
    <truncated>0</truncated>
    <difficult>0</difficult>
    <bndbox>
      <xmin>94</xmin>
      <ymin>11</ymin>
      <xmax>124</xmax>
      <ymax>44</ymax>
    </bndbox>
  </object>
  <object>
    <name>&#51452;</name>
    <pose>Unspecified</pose>
    <truncated>0</truncated>
    <difficult>0</difficult>
    <bndbox>
      <xmin>133</xmin>
      <ymin>11</ymin>
      <xmax>163</xmax>
      <ymax>45</ymax>
    </bndbox>
  </object>
  <object>
    <name>4</name>
    <pose>Unspecified</pose>
    <truncated>0</truncated>
    <difficult>0</difficult>
    <bndbox>
      <xmin>22</xmin>
      <ymin>50</ymin>
      <xmax>58</xmax>
      <ymax>106</ymax>
    </bndbox>
  </object>
  <object>
    <name>2</name>
    <pose>Unspecified</pose>
    <truncated>0</truncated>
    <difficult>0</difficult>
    <bndbox>
      <xmin>70</xmin>
      <ymin>50</ymin>
      <xmax>107</xmax>
      <ymax>108</ymax>
    </bndbox>
  </object>
  <object>
    <name>0</name>
    <pose>Unspecified</pose>
    <truncated>0</truncated>
    <difficult>0</difficult>
    <bndbox>
      <xmin>119</xmin>
      <ymin>51</ymin>
      <xmax>155</xmax>
      <ymax>109</ymax>
    </bndbox>
  </object>
  <object>
    <name>8</name>
    <pose>Unspecified</pose>
    <truncated>0</truncated>
    <difficult>0</difficult>
    <bndbox>
      <xmin>167</xmin>
      <ymin>52</ymin>
      <xmax>205</xmax>
      <ymax>111</ymax>
    </bndbox>
  </object>
</annotation>
