<annotation>
  <folder>LP</folder>
  <filename>045337689_P_T17</filename>
  <path>D:\SAT_LPR_DATA_2\T17_not_done\LP\045337689_P_T17.jpg</path>
  <source>
    <database>Unknown</database>
  </source>
  <size>
    <width>229</width>
    <height>126</height>
    <depth>1</depth>
  </size>
  <segmented>0</segmented>
  <object>
    <name>9</name>
    <pose>Unspecified</pose>
    <truncated>0</truncated>
    <difficult>0</difficult>
    <bndbox>
      <xmin>55</xmin>
      <ymin>15</ymin>
      <xmax>87</xmax>
      <ymax>47</ymax>
    </bndbox>
  </object>
  <object>
    <name>4</name>
    <pose>Unspecified</pose>
    <truncated>0</truncated>
    <difficult>0</difficult>
    <bndbox>
      <xmin>94</xmin>
      <ymin>15</ymin>
      <xmax>124</xmax>
      <ymax>48</ymax>
    </bndbox>
  </object>
  <object>
    <name>&#51452;</name>
    <pose>Unspecified</pose>
    <truncated>0</truncated>
    <difficult>0</difficult>
    <bndbox>
      <xmin>133</xmin>
      <ymin>14</ymin>
      <xmax>163</xmax>
      <ymax>48</ymax>
    </bndbox>
  </object>
  <object>
    <name>4</name>
    <pose>Unspecified</pose>
    <truncated>0</truncated>
    <difficult>0</difficult>
    <bndbox>
      <xmin>22</xmin>
      <ymin>54</ymin>
      <xmax>59</xmax>
      <ymax>110</ymax>
    </bndbox>
  </object>
  <object>
    <name>2</name>
    <pose>Unspecified</pose>
    <truncated>0</truncated>
    <difficult>0</difficult>
    <bndbox>
      <xmin>70</xmin>
      <ymin>54</ymin>
      <xmax>107</xmax>
      <ymax>111</ymax>
    </bndbox>
  </object>
  <object>
    <name>0</name>
    <pose>Unspecified</pose>
    <truncated>0</truncated>
    <difficult>0</difficult>
    <bndbox>
      <xmin>119</xmin>
      <ymin>54</ymin>
      <xmax>155</xmax>
      <ymax>113</ymax>
    </bndbox>
  </object>
  <object>
    <name>8</name>
    <pose>Unspecified</pose>
    <truncated>0</truncated>
    <difficult>0</difficult>
    <bndbox>
      <xmin>169</xmin>
      <ymin>55</ymin>
      <xmax>206</xmax>
      <ymax>113</ymax>
    </bndbox>
  </object>
</annotation>
