<annotation>
  <folder>LP</folder>
  <filename>045446947_P_T17</filename>
  <path>D:\SAT_LPR_DATA_2\T17_not_done\LP\045446947_P_T17.jpg</path>
  <source>
    <database>Unknown</database>
  </source>
  <size>
    <width>221</width>
    <height>126</height>
    <depth>1</depth>
  </size>
  <segmented>0</segmented>
  <object>
    <name>9</name>
    <pose>Unspecified</pose>
    <truncated>0</truncated>
    <difficult>0</difficult>
    <bndbox>
      <xmin>50</xmin>
      <ymin>12</ymin>
      <xmax>79</xmax>
      <ymax>45</ymax>
    </bndbox>
  </object>
  <object>
    <name>4</name>
    <pose>Unspecified</pose>
    <truncated>0</truncated>
    <difficult>0</difficult>
    <bndbox>
      <xmin>87</xmin>
      <ymin>14</ymin>
      <xmax>118</xmax>
      <ymax>45</ymax>
    </bndbox>
  </object>
  <object>
    <name>&#51452;</name>
    <pose>Unspecified</pose>
    <truncated>0</truncated>
    <difficult>0</difficult>
    <bndbox>
      <xmin>127</xmin>
      <ymin>13</ymin>
      <xmax>156</xmax>
      <ymax>46</ymax>
    </bndbox>
  </object>
  <object>
    <name>4</name>
    <pose>Unspecified</pose>
    <truncated>0</truncated>
    <difficult>0</difficult>
    <bndbox>
      <xmin>16</xmin>
      <ymin>52</ymin>
      <xmax>52</xmax>
      <ymax>107</ymax>
    </bndbox>
  </object>
  <object>
    <name>2</name>
    <pose>Unspecified</pose>
    <truncated>0</truncated>
    <difficult>0</difficult>
    <bndbox>
      <xmin>65</xmin>
      <ymin>51</ymin>
      <xmax>100</xmax>
      <ymax>109</ymax>
    </bndbox>
  </object>
  <object>
    <name>0</name>
    <pose>Unspecified</pose>
    <truncated>0</truncated>
    <difficult>0</difficult>
    <bndbox>
      <xmin>112</xmin>
      <ymin>53</ymin>
      <xmax>148</xmax>
      <ymax>111</ymax>
    </bndbox>
  </object>
  <object>
    <name>8</name>
    <pose>Unspecified</pose>
    <truncated>0</truncated>
    <difficult>0</difficult>
    <bndbox>
      <xmin>162</xmin>
      <ymin>52</ymin>
      <xmax>199</xmax>
      <ymax>111</ymax>
    </bndbox>
  </object>
</annotation>
