<annotation>
  <folder>LP</folder>
  <filename>045431132_P_T17</filename>
  <path>D:\SAT_LPR_DATA_2\T17_not_done\LP\045431132_P_T17.jpg</path>
  <source>
    <database>Unknown</database>
  </source>
  <size>
    <width>183</width>
    <height>105</height>
    <depth>1</depth>
  </size>
  <segmented>0</segmented>
  <object>
    <name>5</name>
    <pose>Unspecified</pose>
    <truncated>0</truncated>
    <difficult>0</difficult>
    <bndbox>
      <xmin>48</xmin>
      <ymin>12</ymin>
      <xmax>72</xmax>
      <ymax>35</ymax>
    </bndbox>
  </object>
  <object>
    <name>8</name>
    <pose>Unspecified</pose>
    <truncated>0</truncated>
    <difficult>0</difficult>
    <bndbox>
      <xmin>75</xmin>
      <ymin>12</ymin>
      <xmax>100</xmax>
      <ymax>35</ymax>
    </bndbox>
  </object>
  <object>
    <name>&#46160;</name>
    <pose>Unspecified</pose>
    <truncated>0</truncated>
    <difficult>0</difficult>
    <bndbox>
      <xmin>103</xmin>
      <ymin>12</ymin>
      <xmax>128</xmax>
      <ymax>35</ymax>
    </bndbox>
  </object>
  <object>
    <name>4</name>
    <pose>Unspecified</pose>
    <truncated>0</truncated>
    <difficult>0</difficult>
    <bndbox>
      <xmin>12</xmin>
      <ymin>38</ymin>
      <xmax>47</xmax>
      <ymax>88</ymax>
    </bndbox>
  </object>
  <object>
    <name>9</name>
    <pose>Unspecified</pose>
    <truncated>0</truncated>
    <difficult>0</difficult>
    <bndbox>
      <xmin>51</xmin>
      <ymin>38</ymin>
      <xmax>87</xmax>
      <ymax>89</ymax>
    </bndbox>
  </object>
  <object>
    <name>1</name>
    <pose>Unspecified</pose>
    <truncated>0</truncated>
    <difficult>0</difficult>
    <bndbox>
      <xmin>93</xmin>
      <ymin>39</ymin>
      <xmax>125</xmax>
      <ymax>89</ymax>
    </bndbox>
  </object>
  <object>
    <name>8</name>
    <pose>Unspecified</pose>
    <truncated>0</truncated>
    <difficult>0</difficult>
    <bndbox>
      <xmin>133</xmin>
      <ymin>38</ymin>
      <xmax>170</xmax>
      <ymax>91</ymax>
    </bndbox>
  </object>
</annotation>
