<annotation>
  <folder>LP</folder>
  <filename>045559519_P_T05</filename>
  <path>D:\SAT_LPR_DATA_2\T05_not_done\LP\045559519_P_T05.jpg</path>
  <source>
    <database>Unknown</database>
  </source>
  <size>
    <width>167</width>
    <height>94</height>
    <depth>1</depth>
  </size>
  <segmented>0</segmented>
  <object>
    <name>9</name>
    <pose>Unspecified</pose>
    <truncated>0</truncated>
    <difficult>0</difficult>
    <bndbox>
      <xmin>9</xmin>
      <ymin>23</ymin>
      <xmax>28</xmax>
      <ymax>64</ymax>
    </bndbox>
  </object>
  <object>
    <name>6</name>
    <pose>Unspecified</pose>
    <truncated>0</truncated>
    <difficult>0</difficult>
    <bndbox>
      <xmin>30</xmin>
      <ymin>26</ymin>
      <xmax>49</xmax>
      <ymax>65</ymax>
    </bndbox>
  </object>
  <object>
    <name>&#45796;</name>
    <pose>Unspecified</pose>
    <truncated>0</truncated>
    <difficult>0</difficult>
    <bndbox>
      <xmin>50</xmin>
      <ymin>33</ymin>
      <xmax>70</xmax>
      <ymax>66</ymax>
    </bndbox>
  </object>
  <object>
    <name>0</name>
    <pose>Unspecified</pose>
    <truncated>0</truncated>
    <difficult>0</difficult>
    <bndbox>
      <xmin>73</xmin>
      <ymin>27</ymin>
      <xmax>92</xmax>
      <ymax>68</ymax>
    </bndbox>
  </object>
  <object>
    <name>5</name>
    <pose>Unspecified</pose>
    <truncated>0</truncated>
    <difficult>0</difficult>
    <bndbox>
      <xmin>94</xmin>
      <ymin>28</ymin>
      <xmax>113</xmax>
      <ymax>69</ymax>
    </bndbox>
  </object>
  <object>
    <name>9</name>
    <pose>Unspecified</pose>
    <truncated>0</truncated>
    <difficult>0</difficult>
    <bndbox>
      <xmin>113</xmin>
      <ymin>29</ymin>
      <xmax>133</xmax>
      <ymax>70</ymax>
    </bndbox>
  </object>
  <object>
    <name>5</name>
    <pose>Unspecified</pose>
    <truncated>0</truncated>
    <difficult>0</difficult>
    <bndbox>
      <xmin>136</xmin>
      <ymin>30</ymin>
      <xmax>155</xmax>
      <ymax>72</ymax>
    </bndbox>
  </object>
</annotation>
