<annotation>
  <folder>LP</folder>
  <filename>045538554_P_T17</filename>
  <path>D:\SAT_LPR_DATA_2\T17_not_done\LP\045538554_P_T17.jpg</path>
  <source>
    <database>Unknown</database>
  </source>
  <size>
    <width>227</width>
    <height>118</height>
    <depth>1</depth>
  </size>
  <segmented>0</segmented>
  <object>
    <name>9</name>
    <pose>Unspecified</pose>
    <truncated>0</truncated>
    <difficult>0</difficult>
    <bndbox>
      <xmin>56</xmin>
      <ymin>11</ymin>
      <xmax>86</xmax>
      <ymax>45</ymax>
    </bndbox>
  </object>
  <object>
    <name>4</name>
    <pose>Unspecified</pose>
    <truncated>0</truncated>
    <difficult>0</difficult>
    <bndbox>
      <xmin>94</xmin>
      <ymin>13</ymin>
      <xmax>125</xmax>
      <ymax>44</ymax>
    </bndbox>
  </object>
  <object>
    <name>&#51452;</name>
    <pose>Unspecified</pose>
    <truncated>0</truncated>
    <difficult>0</difficult>
    <bndbox>
      <xmin>133</xmin>
      <ymin>12</ymin>
      <xmax>164</xmax>
      <ymax>45</ymax>
    </bndbox>
  </object>
  <object>
    <name>4</name>
    <pose>Unspecified</pose>
    <truncated>0</truncated>
    <difficult>0</difficult>
    <bndbox>
      <xmin>22</xmin>
      <ymin>50</ymin>
      <xmax>59</xmax>
      <ymax>107</ymax>
    </bndbox>
  </object>
  <object>
    <name>2</name>
    <pose>Unspecified</pose>
    <truncated>0</truncated>
    <difficult>0</difficult>
    <bndbox>
      <xmin>71</xmin>
      <ymin>51</ymin>
      <xmax>108</xmax>
      <ymax>108</ymax>
    </bndbox>
  </object>
  <object>
    <name>0</name>
    <pose>Unspecified</pose>
    <truncated>0</truncated>
    <difficult>0</difficult>
    <bndbox>
      <xmin>119</xmin>
      <ymin>52</ymin>
      <xmax>156</xmax>
      <ymax>110</ymax>
    </bndbox>
  </object>
  <object>
    <name>8</name>
    <pose>Unspecified</pose>
    <truncated>0</truncated>
    <difficult>0</difficult>
    <bndbox>
      <xmin>169</xmin>
      <ymin>52</ymin>
      <xmax>207</xmax>
      <ymax>110</ymax>
    </bndbox>
  </object>
</annotation>
