<annotation>
  <folder>LP</folder>
  <filename>045511300_P_T17</filename>
  <path>D:\SAT_LPR_DATA_2\T17_not_done\LP\045511300_P_T17.jpg</path>
  <source>
    <database>Unknown</database>
  </source>
  <size>
    <width>231</width>
    <height>124</height>
    <depth>1</depth>
  </size>
  <segmented>0</segmented>
  <object>
    <name>9</name>
    <pose>Unspecified</pose>
    <truncated>0</truncated>
    <difficult>0</difficult>
    <bndbox>
      <xmin>58</xmin>
      <ymin>14</ymin>
      <xmax>88</xmax>
      <ymax>47</ymax>
    </bndbox>
  </object>
  <object>
    <name>4</name>
    <pose>Unspecified</pose>
    <truncated>0</truncated>
    <difficult>0</difficult>
    <bndbox>
      <xmin>96</xmin>
      <ymin>15</ymin>
      <xmax>127</xmax>
      <ymax>46</ymax>
    </bndbox>
  </object>
  <object>
    <name>&#51452;</name>
    <pose>Unspecified</pose>
    <truncated>0</truncated>
    <difficult>0</difficult>
    <bndbox>
      <xmin>135</xmin>
      <ymin>14</ymin>
      <xmax>166</xmax>
      <ymax>47</ymax>
    </bndbox>
  </object>
  <object>
    <name>4</name>
    <pose>Unspecified</pose>
    <truncated>0</truncated>
    <difficult>0</difficult>
    <bndbox>
      <xmin>26</xmin>
      <ymin>53</ymin>
      <xmax>61</xmax>
      <ymax>110</ymax>
    </bndbox>
  </object>
  <object>
    <name>2</name>
    <pose>Unspecified</pose>
    <truncated>0</truncated>
    <difficult>0</difficult>
    <bndbox>
      <xmin>72</xmin>
      <ymin>54</ymin>
      <xmax>109</xmax>
      <ymax>111</ymax>
    </bndbox>
  </object>
  <object>
    <name>0</name>
    <pose>Unspecified</pose>
    <truncated>0</truncated>
    <difficult>0</difficult>
    <bndbox>
      <xmin>121</xmin>
      <ymin>54</ymin>
      <xmax>158</xmax>
      <ymax>112</ymax>
    </bndbox>
  </object>
  <object>
    <name>8</name>
    <pose>Unspecified</pose>
    <truncated>0</truncated>
    <difficult>0</difficult>
    <bndbox>
      <xmin>170</xmin>
      <ymin>55</ymin>
      <xmax>208</xmax>
      <ymax>112</ymax>
    </bndbox>
  </object>
</annotation>
