<annotation>
  <folder>LP</folder>
  <filename>045524325_P_T05</filename>
  <path>D:\SAT_LPR_DATA_2\T05_not_done\LP\045524325_P_T05.jpg</path>
  <source>
    <database>Unknown</database>
  </source>
  <size>
    <width>221</width>
    <height>118</height>
    <depth>1</depth>
  </size>
  <segmented>0</segmented>
  <object>
    <name>8</name>
    <pose>Unspecified</pose>
    <truncated>0</truncated>
    <difficult>0</difficult>
    <bndbox>
      <xmin>14</xmin>
      <ymin>43</ymin>
      <xmax>40</xmax>
      <ymax>94</ymax>
    </bndbox>
  </object>
  <object>
    <name>5</name>
    <pose>Unspecified</pose>
    <truncated>0</truncated>
    <difficult>0</difficult>
    <bndbox>
      <xmin>44</xmin>
      <ymin>43</ymin>
      <xmax>69</xmax>
      <ymax>94</ymax>
    </bndbox>
  </object>
  <object>
    <name>&#44032;</name>
    <pose>Unspecified</pose>
    <truncated>0</truncated>
    <difficult>0</difficult>
    <bndbox>
      <xmin>72</xmin>
      <ymin>53</ymin>
      <xmax>96</xmax>
      <ymax>93</ymax>
    </bndbox>
  </object>
  <object>
    <name>4</name>
    <pose>Unspecified</pose>
    <truncated>0</truncated>
    <difficult>0</difficult>
    <bndbox>
      <xmin>102</xmin>
      <ymin>43</ymin>
      <xmax>129</xmax>
      <ymax>94</ymax>
    </bndbox>
  </object>
  <object>
    <name>6</name>
    <pose>Unspecified</pose>
    <truncated>0</truncated>
    <difficult>0</difficult>
    <bndbox>
      <xmin>131</xmin>
      <ymin>43</ymin>
      <xmax>156</xmax>
      <ymax>94</ymax>
    </bndbox>
  </object>
  <object>
    <name>6</name>
    <pose>Unspecified</pose>
    <truncated>0</truncated>
    <difficult>0</difficult>
    <bndbox>
      <xmin>159</xmin>
      <ymin>43</ymin>
      <xmax>184</xmax>
      <ymax>94</ymax>
    </bndbox>
  </object>
  <object>
    <name>9</name>
    <pose>Unspecified</pose>
    <truncated>0</truncated>
    <difficult>0</difficult>
    <bndbox>
      <xmin>186</xmin>
      <ymin>42</ymin>
      <xmax>212</xmax>
      <ymax>93</ymax>
    </bndbox>
  </object>
</annotation>
