<annotation>
  <folder>LP</folder>
  <filename>045601375_P_T17</filename>
  <path>D:\SAT_LPR_DATA_2\T17_not_done\LP\045601375_P_T17.jpg</path>
  <source>
    <database>Unknown</database>
  </source>
  <size>
    <width>229</width>
    <height>120</height>
    <depth>1</depth>
  </size>
  <segmented>0</segmented>
  <object>
    <name>9</name>
    <pose>Unspecified</pose>
    <truncated>0</truncated>
    <difficult>0</difficult>
    <bndbox>
      <xmin>57</xmin>
      <ymin>13</ymin>
      <xmax>87</xmax>
      <ymax>46</ymax>
    </bndbox>
  </object>
  <object>
    <name>4</name>
    <pose>Unspecified</pose>
    <truncated>0</truncated>
    <difficult>0</difficult>
    <bndbox>
      <xmin>95</xmin>
      <ymin>14</ymin>
      <xmax>125</xmax>
      <ymax>47</ymax>
    </bndbox>
  </object>
  <object>
    <name>&#51452;</name>
    <pose>Unspecified</pose>
    <truncated>0</truncated>
    <difficult>0</difficult>
    <bndbox>
      <xmin>133</xmin>
      <ymin>14</ymin>
      <xmax>164</xmax>
      <ymax>46</ymax>
    </bndbox>
  </object>
  <object>
    <name>4</name>
    <pose>Unspecified</pose>
    <truncated>0</truncated>
    <difficult>0</difficult>
    <bndbox>
      <xmin>23</xmin>
      <ymin>52</ymin>
      <xmax>59</xmax>
      <ymax>107</ymax>
    </bndbox>
  </object>
  <object>
    <name>2</name>
    <pose>Unspecified</pose>
    <truncated>0</truncated>
    <difficult>0</difficult>
    <bndbox>
      <xmin>72</xmin>
      <ymin>52</ymin>
      <xmax>108</xmax>
      <ymax>111</ymax>
    </bndbox>
  </object>
  <object>
    <name>0</name>
    <pose>Unspecified</pose>
    <truncated>0</truncated>
    <difficult>0</difficult>
    <bndbox>
      <xmin>119</xmin>
      <ymin>53</ymin>
      <xmax>156</xmax>
      <ymax>110</ymax>
    </bndbox>
  </object>
  <object>
    <name>8</name>
    <pose>Unspecified</pose>
    <truncated>0</truncated>
    <difficult>0</difficult>
    <bndbox>
      <xmin>169</xmin>
      <ymin>53</ymin>
      <xmax>207</xmax>
      <ymax>111</ymax>
    </bndbox>
  </object>
</annotation>
