<annotation>
  <folder>LP</folder>
  <filename>045647733_P_T05</filename>
  <path>D:\SAT_LPR_DATA_2\T05_not_done\LP\045647733_P_T05.jpg</path>
  <source>
    <database>Unknown</database>
  </source>
  <size>
    <width>205</width>
    <height>117</height>
    <depth>1</depth>
  </size>
  <segmented>0</segmented>
  <object>
    <name>8</name>
    <pose>Unspecified</pose>
    <truncated>0</truncated>
    <difficult>0</difficult>
    <bndbox>
      <xmin>14</xmin>
      <ymin>38</ymin>
      <xmax>37</xmax>
      <ymax>84</ymax>
    </bndbox>
  </object>
  <object>
    <name>6</name>
    <pose>Unspecified</pose>
    <truncated>0</truncated>
    <difficult>0</difficult>
    <bndbox>
      <xmin>39</xmin>
      <ymin>40</ymin>
      <xmax>62</xmax>
      <ymax>85</ymax>
    </bndbox>
  </object>
  <object>
    <name>&#45320;</name>
    <pose>Unspecified</pose>
    <truncated>0</truncated>
    <difficult>0</difficult>
    <bndbox>
      <xmin>64</xmin>
      <ymin>49</ymin>
      <xmax>87</xmax>
      <ymax>86</ymax>
    </bndbox>
  </object>
  <object>
    <name>3</name>
    <pose>Unspecified</pose>
    <truncated>0</truncated>
    <difficult>0</difficult>
    <bndbox>
      <xmin>91</xmin>
      <ymin>42</ymin>
      <xmax>113</xmax>
      <ymax>86</ymax>
    </bndbox>
  </object>
  <object>
    <name>9</name>
    <pose>Unspecified</pose>
    <truncated>0</truncated>
    <difficult>0</difficult>
    <bndbox>
      <xmin>117</xmin>
      <ymin>43</ymin>
      <xmax>139</xmax>
      <ymax>88</ymax>
    </bndbox>
  </object>
  <object>
    <name>3</name>
    <pose>Unspecified</pose>
    <truncated>0</truncated>
    <difficult>0</difficult>
    <bndbox>
      <xmin>141</xmin>
      <ymin>45</ymin>
      <xmax>164</xmax>
      <ymax>89</ymax>
    </bndbox>
  </object>
  <object>
    <name>3</name>
    <pose>Unspecified</pose>
    <truncated>0</truncated>
    <difficult>0</difficult>
    <bndbox>
      <xmin>166</xmin>
      <ymin>46</ymin>
      <xmax>190</xmax>
      <ymax>91</ymax>
    </bndbox>
  </object>
</annotation>
