<annotation>
  <folder>LP</folder>
  <filename>045640492_P_T05</filename>
  <path>D:\SAT_LPR_DATA_2\T05_not_done\LP\045640492_P_T05.jpg</path>
  <source>
    <database>Unknown</database>
  </source>
  <size>
    <width>215</width>
    <height>124</height>
    <depth>1</depth>
  </size>
  <segmented>0</segmented>
  <object>
    <name>8</name>
    <pose>Unspecified</pose>
    <truncated>0</truncated>
    <difficult>0</difficult>
    <bndbox>
      <xmin>12</xmin>
      <ymin>41</ymin>
      <xmax>36</xmax>
      <ymax>94</ymax>
    </bndbox>
  </object>
  <object>
    <name>3</name>
    <pose>Unspecified</pose>
    <truncated>0</truncated>
    <difficult>0</difficult>
    <bndbox>
      <xmin>39</xmin>
      <ymin>43</ymin>
      <xmax>62</xmax>
      <ymax>96</ymax>
    </bndbox>
  </object>
  <object>
    <name>&#47336;</name>
    <pose>Unspecified</pose>
    <truncated>0</truncated>
    <difficult>0</difficult>
    <bndbox>
      <xmin>65</xmin>
      <ymin>53</ymin>
      <xmax>89</xmax>
      <ymax>97</ymax>
    </bndbox>
  </object>
  <object>
    <name>8</name>
    <pose>Unspecified</pose>
    <truncated>0</truncated>
    <difficult>0</difficult>
    <bndbox>
      <xmin>95</xmin>
      <ymin>45</ymin>
      <xmax>120</xmax>
      <ymax>98</ymax>
    </bndbox>
  </object>
  <object>
    <name>6</name>
    <pose>Unspecified</pose>
    <truncated>0</truncated>
    <difficult>0</difficult>
    <bndbox>
      <xmin>123</xmin>
      <ymin>47</ymin>
      <xmax>148</xmax>
      <ymax>100</ymax>
    </bndbox>
  </object>
  <object>
    <name>5</name>
    <pose>Unspecified</pose>
    <truncated>0</truncated>
    <difficult>0</difficult>
    <bndbox>
      <xmin>152</xmin>
      <ymin>48</ymin>
      <xmax>176</xmax>
      <ymax>102</ymax>
    </bndbox>
  </object>
  <object>
    <name>9</name>
    <pose>Unspecified</pose>
    <truncated>0</truncated>
    <difficult>0</difficult>
    <bndbox>
      <xmin>179</xmin>
      <ymin>48</ymin>
      <xmax>204</xmax>
      <ymax>103</ymax>
    </bndbox>
  </object>
</annotation>
