<annotation>
  <folder>LP</folder>
  <filename>045758263_P_T05</filename>
  <path>D:\SAT_LPR_DATA_2\T05_not_done\LP\045758263_P_T05.jpg</path>
  <source>
    <database>Unknown</database>
  </source>
  <size>
    <width>195</width>
    <height>94</height>
    <depth>1</depth>
  </size>
  <segmented>0</segmented>
  <object>
    <name>9</name>
    <pose>Unspecified</pose>
    <truncated>0</truncated>
    <difficult>0</difficult>
    <bndbox>
      <xmin>12</xmin>
      <ymin>27</ymin>
      <xmax>33</xmax>
      <ymax>71</ymax>
    </bndbox>
  </object>
  <object>
    <name>4</name>
    <pose>Unspecified</pose>
    <truncated>0</truncated>
    <difficult>0</difficult>
    <bndbox>
      <xmin>34</xmin>
      <ymin>28</ymin>
      <xmax>57</xmax>
      <ymax>72</ymax>
    </bndbox>
  </object>
  <object>
    <name>&#46020;</name>
    <pose>Unspecified</pose>
    <truncated>0</truncated>
    <difficult>0</difficult>
    <bndbox>
      <xmin>59</xmin>
      <ymin>36</ymin>
      <xmax>81</xmax>
      <ymax>72</ymax>
    </bndbox>
  </object>
  <object>
    <name>6</name>
    <pose>Unspecified</pose>
    <truncated>0</truncated>
    <difficult>0</difficult>
    <bndbox>
      <xmin>86</xmin>
      <ymin>30</ymin>
      <xmax>108</xmax>
      <ymax>74</ymax>
    </bndbox>
  </object>
  <object>
    <name>4</name>
    <pose>Unspecified</pose>
    <truncated>0</truncated>
    <difficult>0</difficult>
    <bndbox>
      <xmin>110</xmin>
      <ymin>31</ymin>
      <xmax>133</xmax>
      <ymax>75</ymax>
    </bndbox>
  </object>
  <object>
    <name>2</name>
    <pose>Unspecified</pose>
    <truncated>0</truncated>
    <difficult>0</difficult>
    <bndbox>
      <xmin>136</xmin>
      <ymin>31</ymin>
      <xmax>157</xmax>
      <ymax>75</ymax>
    </bndbox>
  </object>
  <object>
    <name>2</name>
    <pose>Unspecified</pose>
    <truncated>0</truncated>
    <difficult>0</difficult>
    <bndbox>
      <xmin>161</xmin>
      <ymin>32</ymin>
      <xmax>182</xmax>
      <ymax>76</ymax>
    </bndbox>
  </object>
</annotation>
