<annotation>
  <folder>LP</folder>
  <filename>045800800_P_T05</filename>
  <path>D:\SAT_LPR_DATA_2\T05_not_done\LP\045800800_P_T05.jpg</path>
  <source>
    <database>Unknown</database>
  </source>
  <size>
    <width>224</width>
    <height>113</height>
    <depth>1</depth>
  </size>
  <segmented>0</segmented>
  <object>
    <name>9</name>
    <pose>Unspecified</pose>
    <truncated>0</truncated>
    <difficult>0</difficult>
    <bndbox>
      <xmin>15</xmin>
      <ymin>40</ymin>
      <xmax>39</xmax>
      <ymax>90</ymax>
    </bndbox>
  </object>
  <object>
    <name>0</name>
    <pose>Unspecified</pose>
    <truncated>0</truncated>
    <difficult>0</difficult>
    <bndbox>
      <xmin>43</xmin>
      <ymin>40</ymin>
      <xmax>66</xmax>
      <ymax>90</ymax>
    </bndbox>
  </object>
  <object>
    <name>&#45320;</name>
    <pose>Unspecified</pose>
    <truncated>0</truncated>
    <difficult>0</difficult>
    <bndbox>
      <xmin>69</xmin>
      <ymin>47</ymin>
      <xmax>95</xmax>
      <ymax>88</ymax>
    </bndbox>
  </object>
  <object>
    <name>6</name>
    <pose>Unspecified</pose>
    <truncated>0</truncated>
    <difficult>0</difficult>
    <bndbox>
      <xmin>100</xmin>
      <ymin>38</ymin>
      <xmax>124</xmax>
      <ymax>89</ymax>
    </bndbox>
  </object>
  <object>
    <name>7</name>
    <pose>Unspecified</pose>
    <truncated>0</truncated>
    <difficult>0</difficult>
    <bndbox>
      <xmin>126</xmin>
      <ymin>39</ymin>
      <xmax>150</xmax>
      <ymax>89</ymax>
    </bndbox>
  </object>
  <object>
    <name>5</name>
    <pose>Unspecified</pose>
    <truncated>0</truncated>
    <difficult>0</difficult>
    <bndbox>
      <xmin>156</xmin>
      <ymin>38</ymin>
      <xmax>180</xmax>
      <ymax>89</ymax>
    </bndbox>
  </object>
  <object>
    <name>8</name>
    <pose>Unspecified</pose>
    <truncated>0</truncated>
    <difficult>0</difficult>
    <bndbox>
      <xmin>183</xmin>
      <ymin>37</ymin>
      <xmax>208</xmax>
      <ymax>89</ymax>
    </bndbox>
  </object>
</annotation>
