<annotation>
  <folder>LP</folder>
  <filename>050144483_P_T05</filename>
  <path>D:\SAT_LPR_DATA_2\T05_not_done\LP\050144483_P_T05.jpg</path>
  <source>
    <database>Unknown</database>
  </source>
  <size>
    <width>217</width>
    <height>111</height>
    <depth>1</depth>
  </size>
  <segmented>0</segmented>
  <object>
    <name>9</name>
    <pose>Unspecified</pose>
    <truncated>0</truncated>
    <difficult>0</difficult>
    <bndbox>
      <xmin>11</xmin>
      <ymin>35</ymin>
      <xmax>34</xmax>
      <ymax>86</ymax>
    </bndbox>
  </object>
  <object>
    <name>6</name>
    <pose>Unspecified</pose>
    <truncated>0</truncated>
    <difficult>0</difficult>
    <bndbox>
      <xmin>38</xmin>
      <ymin>36</ymin>
      <xmax>62</xmax>
      <ymax>87</ymax>
    </bndbox>
  </object>
  <object>
    <name>&#45796;</name>
    <pose>Unspecified</pose>
    <truncated>0</truncated>
    <difficult>0</difficult>
    <bndbox>
      <xmin>64</xmin>
      <ymin>45</ymin>
      <xmax>90</xmax>
      <ymax>86</ymax>
    </bndbox>
  </object>
  <object>
    <name>3</name>
    <pose>Unspecified</pose>
    <truncated>0</truncated>
    <difficult>0</difficult>
    <bndbox>
      <xmin>95</xmin>
      <ymin>35</ymin>
      <xmax>119</xmax>
      <ymax>88</ymax>
    </bndbox>
  </object>
  <object>
    <name>7</name>
    <pose>Unspecified</pose>
    <truncated>0</truncated>
    <difficult>0</difficult>
    <bndbox>
      <xmin>122</xmin>
      <ymin>35</ymin>
      <xmax>146</xmax>
      <ymax>87</ymax>
    </bndbox>
  </object>
  <object>
    <name>7</name>
    <pose>Unspecified</pose>
    <truncated>0</truncated>
    <difficult>0</difficult>
    <bndbox>
      <xmin>150</xmin>
      <ymin>35</ymin>
      <xmax>175</xmax>
      <ymax>87</ymax>
    </bndbox>
  </object>
  <object>
    <name>6</name>
    <pose>Unspecified</pose>
    <truncated>0</truncated>
    <difficult>0</difficult>
    <bndbox>
      <xmin>180</xmin>
      <ymin>35</ymin>
      <xmax>205</xmax>
      <ymax>87</ymax>
    </bndbox>
  </object>
</annotation>
