<annotation>
  <folder>LP</folder>
  <filename>050153442_P_T05</filename>
  <path>D:\SAT_LPR_DATA_2\T05_not_done\LP\050153442_P_T05.jpg</path>
  <source>
    <database>Unknown</database>
  </source>
  <size>
    <width>202</width>
    <height>110</height>
    <depth>1</depth>
  </size>
  <segmented>0</segmented>
  <object>
    <name>9</name>
    <pose>Unspecified</pose>
    <truncated>0</truncated>
    <difficult>0</difficult>
    <bndbox>
      <xmin>14</xmin>
      <ymin>37</ymin>
      <xmax>37</xmax>
      <ymax>81</ymax>
    </bndbox>
  </object>
  <object>
    <name>4</name>
    <pose>Unspecified</pose>
    <truncated>0</truncated>
    <difficult>0</difficult>
    <bndbox>
      <xmin>38</xmin>
      <ymin>38</ymin>
      <xmax>62</xmax>
      <ymax>83</ymax>
    </bndbox>
  </object>
  <object>
    <name>&#47924;</name>
    <pose>Unspecified</pose>
    <truncated>0</truncated>
    <difficult>0</difficult>
    <bndbox>
      <xmin>63</xmin>
      <ymin>47</ymin>
      <xmax>86</xmax>
      <ymax>83</ymax>
    </bndbox>
  </object>
  <object>
    <name>8</name>
    <pose>Unspecified</pose>
    <truncated>0</truncated>
    <difficult>0</difficult>
    <bndbox>
      <xmin>91</xmin>
      <ymin>39</ymin>
      <xmax>114</xmax>
      <ymax>85</ymax>
    </bndbox>
  </object>
  <object>
    <name>9</name>
    <pose>Unspecified</pose>
    <truncated>0</truncated>
    <difficult>0</difficult>
    <bndbox>
      <xmin>116</xmin>
      <ymin>40</ymin>
      <xmax>139</xmax>
      <ymax>85</ymax>
    </bndbox>
  </object>
  <object>
    <name>7</name>
    <pose>Unspecified</pose>
    <truncated>0</truncated>
    <difficult>0</difficult>
    <bndbox>
      <xmin>142</xmin>
      <ymin>41</ymin>
      <xmax>164</xmax>
      <ymax>86</ymax>
    </bndbox>
  </object>
  <object>
    <name>3</name>
    <pose>Unspecified</pose>
    <truncated>0</truncated>
    <difficult>0</difficult>
    <bndbox>
      <xmin>166</xmin>
      <ymin>43</ymin>
      <xmax>189</xmax>
      <ymax>87</ymax>
    </bndbox>
  </object>
</annotation>
