<annotation>
  <folder>LP</folder>
  <filename>050208797_P_T05</filename>
  <path>D:\SAT_LPR_DATA_2\T05_not_done\LP\050208797_P_T05.jpg</path>
  <source>
    <database>Unknown</database>
  </source>
  <size>
    <width>261</width>
    <height>122</height>
    <depth>1</depth>
  </size>
  <segmented>0</segmented>
  <object>
    <name>9</name>
    <pose>Unspecified</pose>
    <truncated>0</truncated>
    <difficult>0</difficult>
    <bndbox>
      <xmin>20</xmin>
      <ymin>42</ymin>
      <xmax>48</xmax>
      <ymax>99</ymax>
    </bndbox>
  </object>
  <object>
    <name>7</name>
    <pose>Unspecified</pose>
    <truncated>0</truncated>
    <difficult>0</difficult>
    <bndbox>
      <xmin>50</xmin>
      <ymin>41</ymin>
      <xmax>78</xmax>
      <ymax>98</ymax>
    </bndbox>
  </object>
  <object>
    <name>&#45208;</name>
    <pose>Unspecified</pose>
    <truncated>0</truncated>
    <difficult>0</difficult>
    <bndbox>
      <xmin>82</xmin>
      <ymin>50</ymin>
      <xmax>111</xmax>
      <ymax>97</ymax>
    </bndbox>
  </object>
  <object>
    <name>0</name>
    <pose>Unspecified</pose>
    <truncated>0</truncated>
    <difficult>0</difficult>
    <bndbox>
      <xmin>117</xmin>
      <ymin>38</ymin>
      <xmax>148</xmax>
      <ymax>95</ymax>
    </bndbox>
  </object>
  <object>
    <name>5</name>
    <pose>Unspecified</pose>
    <truncated>0</truncated>
    <difficult>0</difficult>
    <bndbox>
      <xmin>151</xmin>
      <ymin>37</ymin>
      <xmax>180</xmax>
      <ymax>94</ymax>
    </bndbox>
  </object>
  <object>
    <name>0</name>
    <pose>Unspecified</pose>
    <truncated>0</truncated>
    <difficult>0</difficult>
    <bndbox>
      <xmin>182</xmin>
      <ymin>34</ymin>
      <xmax>212</xmax>
      <ymax>93</ymax>
    </bndbox>
  </object>
  <object>
    <name>0</name>
    <pose>Unspecified</pose>
    <truncated>0</truncated>
    <difficult>0</difficult>
    <bndbox>
      <xmin>215</xmin>
      <ymin>32</ymin>
      <xmax>245</xmax>
      <ymax>92</ymax>
    </bndbox>
  </object>
</annotation>
