<annotation>
  <folder>LP</folder>
  <filename>050207603_P_T05</filename>
  <path>D:\SAT_LPR_DATA_2\T05_not_done\LP\050207603_P_T05.jpg</path>
  <source>
    <database>Unknown</database>
  </source>
  <size>
    <width>180</width>
    <height>95</height>
    <depth>1</depth>
  </size>
  <segmented>0</segmented>
  <object>
    <name>8</name>
    <pose>Unspecified</pose>
    <truncated>0</truncated>
    <difficult>0</difficult>
    <bndbox>
      <xmin>8</xmin>
      <ymin>30</ymin>
      <xmax>28</xmax>
      <ymax>71</ymax>
    </bndbox>
  </object>
  <object>
    <name>8</name>
    <pose>Unspecified</pose>
    <truncated>0</truncated>
    <difficult>0</difficult>
    <bndbox>
      <xmin>30</xmin>
      <ymin>31</ymin>
      <xmax>50</xmax>
      <ymax>72</ymax>
    </bndbox>
  </object>
  <object>
    <name>&#47784;</name>
    <pose>Unspecified</pose>
    <truncated>0</truncated>
    <difficult>0</difficult>
    <bndbox>
      <xmin>52</xmin>
      <ymin>41</ymin>
      <xmax>72</xmax>
      <ymax>75</ymax>
    </bndbox>
  </object>
  <object>
    <name>4</name>
    <pose>Unspecified</pose>
    <truncated>0</truncated>
    <difficult>0</difficult>
    <bndbox>
      <xmin>76</xmin>
      <ymin>35</ymin>
      <xmax>98</xmax>
      <ymax>76</ymax>
    </bndbox>
  </object>
  <object>
    <name>9</name>
    <pose>Unspecified</pose>
    <truncated>0</truncated>
    <difficult>0</difficult>
    <bndbox>
      <xmin>100</xmin>
      <ymin>36</ymin>
      <xmax>120</xmax>
      <ymax>77</ymax>
    </bndbox>
  </object>
  <object>
    <name>5</name>
    <pose>Unspecified</pose>
    <truncated>0</truncated>
    <difficult>0</difficult>
    <bndbox>
      <xmin>122</xmin>
      <ymin>38</ymin>
      <xmax>143</xmax>
      <ymax>79</ymax>
    </bndbox>
  </object>
  <object>
    <name>7</name>
    <pose>Unspecified</pose>
    <truncated>0</truncated>
    <difficult>0</difficult>
    <bndbox>
      <xmin>146</xmin>
      <ymin>39</ymin>
      <xmax>167</xmax>
      <ymax>80</ymax>
    </bndbox>
  </object>
</annotation>
