<annotation>
  <folder>LP</folder>
  <filename>050445975_P_T05</filename>
  <path>D:\SAT_LPR_DATA_2\T05_not_done\LP\050445975_P_T05.jpg</path>
  <source>
    <database>Unknown</database>
  </source>
  <size>
    <width>199</width>
    <height>115</height>
    <depth>1</depth>
  </size>
  <segmented>0</segmented>
  <object>
    <name>9</name>
    <pose>Unspecified</pose>
    <truncated>0</truncated>
    <difficult>0</difficult>
    <bndbox>
      <xmin>11</xmin>
      <ymin>37</ymin>
      <xmax>34</xmax>
      <ymax>82</ymax>
    </bndbox>
  </object>
  <object>
    <name>7</name>
    <pose>Unspecified</pose>
    <truncated>0</truncated>
    <difficult>0</difficult>
    <bndbox>
      <xmin>37</xmin>
      <ymin>39</ymin>
      <xmax>59</xmax>
      <ymax>83</ymax>
    </bndbox>
  </object>
  <object>
    <name>&#51312;</name>
    <pose>Unspecified</pose>
    <truncated>0</truncated>
    <difficult>0</difficult>
    <bndbox>
      <xmin>61</xmin>
      <ymin>48</ymin>
      <xmax>83</xmax>
      <ymax>85</ymax>
    </bndbox>
  </object>
  <object>
    <name>9</name>
    <pose>Unspecified</pose>
    <truncated>0</truncated>
    <difficult>0</difficult>
    <bndbox>
      <xmin>88</xmin>
      <ymin>40</ymin>
      <xmax>111</xmax>
      <ymax>85</ymax>
    </bndbox>
  </object>
  <object>
    <name>5</name>
    <pose>Unspecified</pose>
    <truncated>0</truncated>
    <difficult>0</difficult>
    <bndbox>
      <xmin>113</xmin>
      <ymin>43</ymin>
      <xmax>136</xmax>
      <ymax>87</ymax>
    </bndbox>
  </object>
  <object>
    <name>0</name>
    <pose>Unspecified</pose>
    <truncated>0</truncated>
    <difficult>0</difficult>
    <bndbox>
      <xmin>138</xmin>
      <ymin>42</ymin>
      <xmax>161</xmax>
      <ymax>87</ymax>
    </bndbox>
  </object>
  <object>
    <name>3</name>
    <pose>Unspecified</pose>
    <truncated>0</truncated>
    <difficult>0</difficult>
    <bndbox>
      <xmin>163</xmin>
      <ymin>45</ymin>
      <xmax>186</xmax>
      <ymax>90</ymax>
    </bndbox>
  </object>
</annotation>
