<annotation>
  <folder>LP</folder>
  <filename>051201127_P_T05</filename>
  <path>D:\SAT_LPR_DATA_2\T05_not_done\LP\051201127_P_T05.jpg</path>
  <source>
    <database>Unknown</database>
  </source>
  <size>
    <width>226</width>
    <height>144</height>
    <depth>1</depth>
  </size>
  <segmented>0</segmented>
  <object>
    <name>8</name>
    <pose>Unspecified</pose>
    <truncated>0</truncated>
    <difficult>0</difficult>
    <bndbox>
      <xmin>16</xmin>
      <ymin>50</ymin>
      <xmax>42</xmax>
      <ymax>105</ymax>
    </bndbox>
  </object>
  <object>
    <name>0</name>
    <pose>Unspecified</pose>
    <truncated>0</truncated>
    <difficult>0</difficult>
    <bndbox>
      <xmin>44</xmin>
      <ymin>53</ymin>
      <xmax>68</xmax>
      <ymax>106</ymax>
    </bndbox>
  </object>
  <object>
    <name>&#49548;</name>
    <pose>Unspecified</pose>
    <truncated>0</truncated>
    <difficult>0</difficult>
    <bndbox>
      <xmin>72</xmin>
      <ymin>64</ymin>
      <xmax>96</xmax>
      <ymax>108</ymax>
    </bndbox>
  </object>
  <object>
    <name>0</name>
    <pose>Unspecified</pose>
    <truncated>0</truncated>
    <difficult>0</difficult>
    <bndbox>
      <xmin>102</xmin>
      <ymin>56</ymin>
      <xmax>126</xmax>
      <ymax>110</ymax>
    </bndbox>
  </object>
  <object>
    <name>3</name>
    <pose>Unspecified</pose>
    <truncated>0</truncated>
    <difficult>0</difficult>
    <bndbox>
      <xmin>130</xmin>
      <ymin>58</ymin>
      <xmax>154</xmax>
      <ymax>111</ymax>
    </bndbox>
  </object>
  <object>
    <name>7</name>
    <pose>Unspecified</pose>
    <truncated>0</truncated>
    <difficult>0</difficult>
    <bndbox>
      <xmin>158</xmin>
      <ymin>59</ymin>
      <xmax>185</xmax>
      <ymax>113</ymax>
    </bndbox>
  </object>
  <object>
    <name>3</name>
    <pose>Unspecified</pose>
    <truncated>0</truncated>
    <difficult>0</difficult>
    <bndbox>
      <xmin>186</xmin>
      <ymin>61</ymin>
      <xmax>212</xmax>
      <ymax>116</ymax>
    </bndbox>
  </object>
</annotation>
