<annotation>
  <folder>LP</folder>
  <filename>051310947_P_T13</filename>
  <path>C:\Users\sat\Desktop\SAT_LPR_DATA_2\T13_not_done\LP\051310947_P_T13.jpg</path>
  <source>
    <database>Unknown</database>
  </source>
  <size>
    <width>289</width>
    <height>129</height>
    <depth>1</depth>
  </size>
  <segmented>0</segmented>
  <object>
    <name>&#44305;&#51452;_D</name>
    <pose>Unspecified</pose>
    <truncated>0</truncated>
    <difficult>0</difficult>
    <bndbox>
      <xmin>71</xmin>
      <ymin>16</ymin>
      <xmax>200</xmax>
      <ymax>68</ymax>
    </bndbox>
  </object>
  <object>
    <name>0</name>
    <pose>Unspecified</pose>
    <truncated>0</truncated>
    <difficult>0</difficult>
    <bndbox>
      <xmin>20</xmin>
      <ymin>65</ymin>
      <xmax>57</xmax>
      <ymax>104</ymax>
    </bndbox>
  </object>
  <object>
    <name>6</name>
    <pose>Unspecified</pose>
    <truncated>0</truncated>
    <difficult>0</difficult>
    <bndbox>
      <xmin>58</xmin>
      <ymin>67</ymin>
      <xmax>91</xmax>
      <ymax>107</ymax>
    </bndbox>
  </object>
  <object>
    <name>&#46972;</name>
    <pose>Unspecified</pose>
    <truncated>0</truncated>
    <difficult>0</difficult>
    <bndbox>
      <xmin>92</xmin>
      <ymin>74</ymin>
      <xmax>119</xmax>
      <ymax>107</ymax>
    </bndbox>
  </object>
  <object>
    <name>3</name>
    <pose>Unspecified</pose>
    <truncated>0</truncated>
    <difficult>0</difficult>
    <bndbox>
      <xmin>120</xmin>
      <ymin>72</ymin>
      <xmax>155</xmax>
      <ymax>113</ymax>
    </bndbox>
  </object>
  <object>
    <name>0</name>
    <pose>Unspecified</pose>
    <truncated>0</truncated>
    <difficult>0</difficult>
    <bndbox>
      <xmin>156</xmin>
      <ymin>74</ymin>
      <xmax>193</xmax>
      <ymax>112</ymax>
    </bndbox>
  </object>
  <object>
    <name>0</name>
    <pose>Unspecified</pose>
    <truncated>0</truncated>
    <difficult>0</difficult>
    <bndbox>
      <xmin>193</xmin>
      <ymin>76</ymin>
      <xmax>231</xmax>
      <ymax>116</ymax>
    </bndbox>
  </object>
  <object>
    <name>7</name>
    <pose>Unspecified</pose>
    <truncated>0</truncated>
    <difficult>0</difficult>
    <bndbox>
      <xmin>231</xmin>
      <ymin>78</ymin>
      <xmax>264</xmax>
      <ymax>120</ymax>
    </bndbox>
  </object>
</annotation>
