<annotation>
  <folder>LP</folder>
  <filename>051323_P_T18</filename>
  <path>D:\ALBA\2.SAT_LPR_DATA\T18_not_done\LP\051323_P_T18.jpg</path>
  <source>
    <database>Unknown</database>
  </source>
  <size>
    <width>273</width>
    <height>149</height>
    <depth>1</depth>
  </size>
  <segmented>0</segmented>
  <object>
    <name>&#49436;&#50872;_O</name>
    <pose>Unspecified</pose>
    <truncated>0</truncated>
    <difficult>0</difficult>
    <bndbox>
      <xmin>73</xmin>
      <ymin>14</ymin>
      <xmax>139</xmax>
      <ymax>50</ymax>
    </bndbox>
  </object>
  <object>
    <name>7</name>
    <pose>Unspecified</pose>
    <truncated>0</truncated>
    <difficult>0</difficult>
    <bndbox>
      <xmin>142</xmin>
      <ymin>15</ymin>
      <xmax>169</xmax>
      <ymax>53</ymax>
    </bndbox>
  </object>
  <object>
    <name>0</name>
    <pose>Unspecified</pose>
    <truncated>0</truncated>
    <difficult>0</difficult>
    <bndbox>
      <xmin>172</xmin>
      <ymin>18</ymin>
      <xmax>199</xmax>
      <ymax>53</ymax>
    </bndbox>
  </object>
  <object>
    <name>&#54728;</name>
    <pose>Unspecified</pose>
    <truncated>0</truncated>
    <difficult>0</difficult>
    <bndbox>
      <xmin>23</xmin>
      <ymin>53</ymin>
      <xmax>65</xmax>
      <ymax>104</ymax>
    </bndbox>
  </object>
  <object>
    <name>9</name>
    <pose>Unspecified</pose>
    <truncated>0</truncated>
    <difficult>0</difficult>
    <bndbox>
      <xmin>80</xmin>
      <ymin>56</ymin>
      <xmax>121</xmax>
      <ymax>132</ymax>
    </bndbox>
  </object>
  <object>
    <name>8</name>
    <pose>Unspecified</pose>
    <truncated>0</truncated>
    <difficult>0</difficult>
    <bndbox>
      <xmin>125</xmin>
      <ymin>58</ymin>
      <xmax>167</xmax>
      <ymax>132</ymax>
    </bndbox>
  </object>
  <object>
    <name>0</name>
    <pose>Unspecified</pose>
    <truncated>0</truncated>
    <difficult>0</difficult>
    <bndbox>
      <xmin>167</xmin>
      <ymin>60</ymin>
      <xmax>210</xmax>
      <ymax>134</ymax>
    </bndbox>
  </object>
  <object>
    <name>6</name>
    <pose>Unspecified</pose>
    <truncated>0</truncated>
    <difficult>0</difficult>
    <bndbox>
      <xmin>213</xmin>
      <ymin>59</ymin>
      <xmax>255</xmax>
      <ymax>135</ymax>
    </bndbox>
  </object>
</annotation>
