<annotation>
  <folder>LP</folder>
  <filename>051502364_P_T05</filename>
  <path>D:\SAT_LPR_DATA_2\T05_not_done\LP\051502364_P_T05.jpg</path>
  <source>
    <database>Unknown</database>
  </source>
  <size>
    <width>234</width>
    <height>142</height>
    <depth>1</depth>
  </size>
  <segmented>0</segmented>
  <object>
    <name>8</name>
    <pose>Unspecified</pose>
    <truncated>0</truncated>
    <difficult>0</difficult>
    <bndbox>
      <xmin>20</xmin>
      <ymin>47</ymin>
      <xmax>46</xmax>
      <ymax>102</ymax>
    </bndbox>
  </object>
  <object>
    <name>0</name>
    <pose>Unspecified</pose>
    <truncated>0</truncated>
    <difficult>0</difficult>
    <bndbox>
      <xmin>48</xmin>
      <ymin>50</ymin>
      <xmax>73</xmax>
      <ymax>103</ymax>
    </bndbox>
  </object>
  <object>
    <name>&#49548;</name>
    <pose>Unspecified</pose>
    <truncated>0</truncated>
    <difficult>0</difficult>
    <bndbox>
      <xmin>74</xmin>
      <ymin>61</ymin>
      <xmax>100</xmax>
      <ymax>105</ymax>
    </bndbox>
  </object>
  <object>
    <name>0</name>
    <pose>Unspecified</pose>
    <truncated>0</truncated>
    <difficult>0</difficult>
    <bndbox>
      <xmin>106</xmin>
      <ymin>53</ymin>
      <xmax>130</xmax>
      <ymax>107</ymax>
    </bndbox>
  </object>
  <object>
    <name>3</name>
    <pose>Unspecified</pose>
    <truncated>0</truncated>
    <difficult>0</difficult>
    <bndbox>
      <xmin>133</xmin>
      <ymin>54</ymin>
      <xmax>159</xmax>
      <ymax>109</ymax>
    </bndbox>
  </object>
  <object>
    <name>7</name>
    <pose>Unspecified</pose>
    <truncated>0</truncated>
    <difficult>0</difficult>
    <bndbox>
      <xmin>162</xmin>
      <ymin>55</ymin>
      <xmax>187</xmax>
      <ymax>111</ymax>
    </bndbox>
  </object>
  <object>
    <name>3</name>
    <pose>Unspecified</pose>
    <truncated>0</truncated>
    <difficult>0</difficult>
    <bndbox>
      <xmin>191</xmin>
      <ymin>57</ymin>
      <xmax>217</xmax>
      <ymax>113</ymax>
    </bndbox>
  </object>
</annotation>
