<annotation>
  <folder>LP</folder>
  <filename>051717599_P_T05</filename>
  <path>D:\SAT_LPR_DATA_2\T05_not_done\LP\051717599_P_T05.jpg</path>
  <source>
    <database>Unknown</database>
  </source>
  <size>
    <width>215</width>
    <height>129</height>
    <depth>1</depth>
  </size>
  <segmented>0</segmented>
  <object>
    <name>8</name>
    <pose>Unspecified</pose>
    <truncated>0</truncated>
    <difficult>0</difficult>
    <bndbox>
      <xmin>19</xmin>
      <ymin>42</ymin>
      <xmax>43</xmax>
      <ymax>93</ymax>
    </bndbox>
  </object>
  <object>
    <name>0</name>
    <pose>Unspecified</pose>
    <truncated>0</truncated>
    <difficult>0</difficult>
    <bndbox>
      <xmin>44</xmin>
      <ymin>43</ymin>
      <xmax>67</xmax>
      <ymax>94</ymax>
    </bndbox>
  </object>
  <object>
    <name>&#49548;</name>
    <pose>Unspecified</pose>
    <truncated>0</truncated>
    <difficult>0</difficult>
    <bndbox>
      <xmin>71</xmin>
      <ymin>53</ymin>
      <xmax>92</xmax>
      <ymax>94</ymax>
    </bndbox>
  </object>
  <object>
    <name>0</name>
    <pose>Unspecified</pose>
    <truncated>0</truncated>
    <difficult>0</difficult>
    <bndbox>
      <xmin>96</xmin>
      <ymin>43</ymin>
      <xmax>119</xmax>
      <ymax>94</ymax>
    </bndbox>
  </object>
  <object>
    <name>2</name>
    <pose>Unspecified</pose>
    <truncated>0</truncated>
    <difficult>0</difficult>
    <bndbox>
      <xmin>122</xmin>
      <ymin>44</ymin>
      <xmax>146</xmax>
      <ymax>95</ymax>
    </bndbox>
  </object>
  <object>
    <name>3</name>
    <pose>Unspecified</pose>
    <truncated>0</truncated>
    <difficult>0</difficult>
    <bndbox>
      <xmin>147</xmin>
      <ymin>45</ymin>
      <xmax>170</xmax>
      <ymax>96</ymax>
    </bndbox>
  </object>
  <object>
    <name>2</name>
    <pose>Unspecified</pose>
    <truncated>0</truncated>
    <difficult>0</difficult>
    <bndbox>
      <xmin>174</xmin>
      <ymin>44</ymin>
      <xmax>198</xmax>
      <ymax>97</ymax>
    </bndbox>
  </object>
</annotation>
