<annotation>
  <folder>LP</folder>
  <filename>051733349_P_T13</filename>
  <path>C:\Users\sat\Desktop\SAT_LPR_DATA_2\T13_not_done\LP\051733349_P_T13.jpg</path>
  <source>
    <database>Unknown</database>
  </source>
  <size>
    <width>291</width>
    <height>138</height>
    <depth>1</depth>
  </size>
  <segmented>0</segmented>
  <object>
    <name>&#51204;&#45224;_D</name>
    <pose>Unspecified</pose>
    <truncated>0</truncated>
    <difficult>0</difficult>
    <bndbox>
      <xmin>72</xmin>
      <ymin>20</ymin>
      <xmax>214</xmax>
      <ymax>61</ymax>
    </bndbox>
  </object>
  <object>
    <name>0</name>
    <pose>Unspecified</pose>
    <truncated>0</truncated>
    <difficult>0</difficult>
    <bndbox>
      <xmin>24</xmin>
      <ymin>70</ymin>
      <xmax>56</xmax>
      <ymax>119</ymax>
    </bndbox>
  </object>
  <object>
    <name>6</name>
    <pose>Unspecified</pose>
    <truncated>0</truncated>
    <difficult>0</difficult>
    <bndbox>
      <xmin>59</xmin>
      <ymin>71</ymin>
      <xmax>92</xmax>
      <ymax>120</ymax>
    </bndbox>
  </object>
  <object>
    <name>&#47560;</name>
    <pose>Unspecified</pose>
    <truncated>0</truncated>
    <difficult>0</difficult>
    <bndbox>
      <xmin>94</xmin>
      <ymin>75</ymin>
      <xmax>124</xmax>
      <ymax>113</ymax>
    </bndbox>
  </object>
  <object>
    <name>4</name>
    <pose>Unspecified</pose>
    <truncated>0</truncated>
    <difficult>0</difficult>
    <bndbox>
      <xmin>126</xmin>
      <ymin>70</ymin>
      <xmax>159</xmax>
      <ymax>119</ymax>
    </bndbox>
  </object>
  <object>
    <name>2</name>
    <pose>Unspecified</pose>
    <truncated>0</truncated>
    <difficult>0</difficult>
    <bndbox>
      <xmin>164</xmin>
      <ymin>70</ymin>
      <xmax>198</xmax>
      <ymax>120</ymax>
    </bndbox>
  </object>
  <object>
    <name>5</name>
    <pose>Unspecified</pose>
    <truncated>0</truncated>
    <difficult>0</difficult>
    <bndbox>
      <xmin>201</xmin>
      <ymin>70</ymin>
      <xmax>233</xmax>
      <ymax>120</ymax>
    </bndbox>
  </object>
  <object>
    <name>8</name>
    <pose>Unspecified</pose>
    <truncated>0</truncated>
    <difficult>0</difficult>
    <bndbox>
      <xmin>238</xmin>
      <ymin>68</ymin>
      <xmax>271</xmax>
      <ymax>119</ymax>
    </bndbox>
  </object>
</annotation>
