<annotation>
  <folder>LP</folder>
  <filename>051716909_P_T05</filename>
  <path>D:\SAT_LPR_DATA_2\T05_not_done\LP\051716909_P_T05.jpg</path>
  <source>
    <database>Unknown</database>
  </source>
  <size>
    <width>221</width>
    <height>130</height>
    <depth>1</depth>
  </size>
  <segmented>0</segmented>
  <object>
    <name>8</name>
    <pose>Unspecified</pose>
    <truncated>0</truncated>
    <difficult>0</difficult>
    <bndbox>
      <xmin>11</xmin>
      <ymin>38</ymin>
      <xmax>36</xmax>
      <ymax>91</ymax>
    </bndbox>
  </object>
  <object>
    <name>7</name>
    <pose>Unspecified</pose>
    <truncated>0</truncated>
    <difficult>0</difficult>
    <bndbox>
      <xmin>38</xmin>
      <ymin>40</ymin>
      <xmax>64</xmax>
      <ymax>92</ymax>
    </bndbox>
  </object>
  <object>
    <name>&#49436;</name>
    <pose>Unspecified</pose>
    <truncated>0</truncated>
    <difficult>0</difficult>
    <bndbox>
      <xmin>67</xmin>
      <ymin>51</ymin>
      <xmax>92</xmax>
      <ymax>95</ymax>
    </bndbox>
  </object>
  <object>
    <name>1</name>
    <pose>Unspecified</pose>
    <truncated>0</truncated>
    <difficult>0</difficult>
    <bndbox>
      <xmin>98</xmin>
      <ymin>42</ymin>
      <xmax>123</xmax>
      <ymax>97</ymax>
    </bndbox>
  </object>
  <object>
    <name>4</name>
    <pose>Unspecified</pose>
    <truncated>0</truncated>
    <difficult>0</difficult>
    <bndbox>
      <xmin>124</xmin>
      <ymin>43</ymin>
      <xmax>152</xmax>
      <ymax>98</ymax>
    </bndbox>
  </object>
  <object>
    <name>2</name>
    <pose>Unspecified</pose>
    <truncated>0</truncated>
    <difficult>0</difficult>
    <bndbox>
      <xmin>155</xmin>
      <ymin>44</ymin>
      <xmax>180</xmax>
      <ymax>99</ymax>
    </bndbox>
  </object>
  <object>
    <name>8</name>
    <pose>Unspecified</pose>
    <truncated>0</truncated>
    <difficult>0</difficult>
    <bndbox>
      <xmin>184</xmin>
      <ymin>45</ymin>
      <xmax>210</xmax>
      <ymax>101</ymax>
    </bndbox>
  </object>
</annotation>
