<annotation>
  <folder>LP</folder>
  <filename>052014758_P_T05</filename>
  <path>D:\SAT_LPR_DATA_2\T05_not_done\LP\052014758_P_T05.jpg</path>
  <source>
    <database>Unknown</database>
  </source>
  <size>
    <width>191</width>
    <height>104</height>
    <depth>1</depth>
  </size>
  <segmented>0</segmented>
  <object>
    <name>8</name>
    <pose>Unspecified</pose>
    <truncated>0</truncated>
    <difficult>0</difficult>
    <bndbox>
      <xmin>7</xmin>
      <ymin>31</ymin>
      <xmax>30</xmax>
      <ymax>77</ymax>
    </bndbox>
  </object>
  <object>
    <name>5</name>
    <pose>Unspecified</pose>
    <truncated>0</truncated>
    <difficult>0</difficult>
    <bndbox>
      <xmin>33</xmin>
      <ymin>34</ymin>
      <xmax>54</xmax>
      <ymax>78</ymax>
    </bndbox>
  </object>
  <object>
    <name>&#44032;</name>
    <pose>Unspecified</pose>
    <truncated>0</truncated>
    <difficult>0</difficult>
    <bndbox>
      <xmin>57</xmin>
      <ymin>44</ymin>
      <xmax>79</xmax>
      <ymax>80</ymax>
    </bndbox>
  </object>
  <object>
    <name>4</name>
    <pose>Unspecified</pose>
    <truncated>0</truncated>
    <difficult>0</difficult>
    <bndbox>
      <xmin>82</xmin>
      <ymin>37</ymin>
      <xmax>106</xmax>
      <ymax>82</ymax>
    </bndbox>
  </object>
  <object>
    <name>1</name>
    <pose>Unspecified</pose>
    <truncated>0</truncated>
    <difficult>0</difficult>
    <bndbox>
      <xmin>109</xmin>
      <ymin>39</ymin>
      <xmax>133</xmax>
      <ymax>84</ymax>
    </bndbox>
  </object>
  <object>
    <name>8</name>
    <pose>Unspecified</pose>
    <truncated>0</truncated>
    <difficult>0</difficult>
    <bndbox>
      <xmin>133</xmin>
      <ymin>39</ymin>
      <xmax>157</xmax>
      <ymax>85</ymax>
    </bndbox>
  </object>
  <object>
    <name>6</name>
    <pose>Unspecified</pose>
    <truncated>0</truncated>
    <difficult>0</difficult>
    <bndbox>
      <xmin>159</xmin>
      <ymin>41</ymin>
      <xmax>182</xmax>
      <ymax>87</ymax>
    </bndbox>
  </object>
</annotation>
