<annotation>
  <folder>LP</folder>
  <filename>052115811_P_T05</filename>
  <path>D:\SAT_LPR_DATA_2\T05_not_done\LP\052115811_P_T05.jpg</path>
  <source>
    <database>Unknown</database>
  </source>
  <size>
    <width>231</width>
    <height>107</height>
    <depth>1</depth>
  </size>
  <segmented>0</segmented>
  <object>
    <name>9</name>
    <pose>Unspecified</pose>
    <truncated>0</truncated>
    <difficult>0</difficult>
    <bndbox>
      <xmin>13</xmin>
      <ymin>33</ymin>
      <xmax>37</xmax>
      <ymax>82</ymax>
    </bndbox>
  </object>
  <object>
    <name>8</name>
    <pose>Unspecified</pose>
    <truncated>0</truncated>
    <difficult>0</difficult>
    <bndbox>
      <xmin>41</xmin>
      <ymin>33</ymin>
      <xmax>68</xmax>
      <ymax>84</ymax>
    </bndbox>
  </object>
  <object>
    <name>&#45572;</name>
    <pose>Unspecified</pose>
    <truncated>0</truncated>
    <difficult>0</difficult>
    <bndbox>
      <xmin>69</xmin>
      <ymin>43</ymin>
      <xmax>95</xmax>
      <ymax>84</ymax>
    </bndbox>
  </object>
  <object>
    <name>7</name>
    <pose>Unspecified</pose>
    <truncated>0</truncated>
    <difficult>0</difficult>
    <bndbox>
      <xmin>98</xmin>
      <ymin>35</ymin>
      <xmax>123</xmax>
      <ymax>84</ymax>
    </bndbox>
  </object>
  <object>
    <name>0</name>
    <pose>Unspecified</pose>
    <truncated>0</truncated>
    <difficult>0</difficult>
    <bndbox>
      <xmin>128</xmin>
      <ymin>34</ymin>
      <xmax>155</xmax>
      <ymax>84</ymax>
    </bndbox>
  </object>
  <object>
    <name>5</name>
    <pose>Unspecified</pose>
    <truncated>0</truncated>
    <difficult>0</difficult>
    <bndbox>
      <xmin>159</xmin>
      <ymin>35</ymin>
      <xmax>184</xmax>
      <ymax>85</ymax>
    </bndbox>
  </object>
  <object>
    <name>6</name>
    <pose>Unspecified</pose>
    <truncated>0</truncated>
    <difficult>0</difficult>
    <bndbox>
      <xmin>188</xmin>
      <ymin>35</ymin>
      <xmax>213</xmax>
      <ymax>85</ymax>
    </bndbox>
  </object>
</annotation>
