<annotation>
  <folder>LP</folder>
  <filename>052211611_P_T05</filename>
  <path>D:\SAT_LPR_DATA_2\T05_not_done\LP\052211611_P_T05.jpg</path>
  <source>
    <database>Unknown</database>
  </source>
  <size>
    <width>237</width>
    <height>121</height>
    <depth>1</depth>
  </size>
  <segmented>0</segmented>
  <object>
    <name>9</name>
    <pose>Unspecified</pose>
    <truncated>0</truncated>
    <difficult>0</difficult>
    <bndbox>
      <xmin>15</xmin>
      <ymin>41</ymin>
      <xmax>41</xmax>
      <ymax>92</ymax>
    </bndbox>
  </object>
  <object>
    <name>5</name>
    <pose>Unspecified</pose>
    <truncated>0</truncated>
    <difficult>0</difficult>
    <bndbox>
      <xmin>46</xmin>
      <ymin>41</ymin>
      <xmax>72</xmax>
      <ymax>92</ymax>
    </bndbox>
  </object>
  <object>
    <name>&#48260;</name>
    <pose>Unspecified</pose>
    <truncated>0</truncated>
    <difficult>0</difficult>
    <bndbox>
      <xmin>74</xmin>
      <ymin>51</ymin>
      <xmax>101</xmax>
      <ymax>92</ymax>
    </bndbox>
  </object>
  <object>
    <name>3</name>
    <pose>Unspecified</pose>
    <truncated>0</truncated>
    <difficult>0</difficult>
    <bndbox>
      <xmin>106</xmin>
      <ymin>41</ymin>
      <xmax>132</xmax>
      <ymax>93</ymax>
    </bndbox>
  </object>
  <object>
    <name>0</name>
    <pose>Unspecified</pose>
    <truncated>0</truncated>
    <difficult>0</difficult>
    <bndbox>
      <xmin>136</xmin>
      <ymin>40</ymin>
      <xmax>162</xmax>
      <ymax>92</ymax>
    </bndbox>
  </object>
  <object>
    <name>7</name>
    <pose>Unspecified</pose>
    <truncated>0</truncated>
    <difficult>0</difficult>
    <bndbox>
      <xmin>165</xmin>
      <ymin>41</ymin>
      <xmax>191</xmax>
      <ymax>92</ymax>
    </bndbox>
  </object>
  <object>
    <name>9</name>
    <pose>Unspecified</pose>
    <truncated>0</truncated>
    <difficult>0</difficult>
    <bndbox>
      <xmin>194</xmin>
      <ymin>40</ymin>
      <xmax>220</xmax>
      <ymax>93</ymax>
    </bndbox>
  </object>
</annotation>
