<annotation>
  <folder>LP</folder>
  <filename>052328313_P_T04</filename>
  <path>D:\ALBA\SAT_LPR_DATA_2\T04_not_done\LP\052328313_P_T04.jpg</path>
  <source>
    <database>Unknown</database>
  </source>
  <size>
    <width>231</width>
    <height>66</height>
    <depth>1</depth>
  </size>
  <segmented>0</segmented>
  <object>
    <name>&#50872;&#49328;_V</name>
    <pose>Unspecified</pose>
    <truncated>0</truncated>
    <difficult>0</difficult>
    <bndbox>
      <xmin>16</xmin>
      <ymin>9</ymin>
      <xmax>38</xmax>
      <ymax>49</ymax>
    </bndbox>
  </object>
  <object>
    <name>9</name>
    <pose>Unspecified</pose>
    <truncated>0</truncated>
    <difficult>0</difficult>
    <bndbox>
      <xmin>38</xmin>
      <ymin>10</ymin>
      <xmax>59</xmax>
      <ymax>50</ymax>
    </bndbox>
  </object>
  <object>
    <name>9</name>
    <pose>Unspecified</pose>
    <truncated>0</truncated>
    <difficult>0</difficult>
    <bndbox>
      <xmin>61</xmin>
      <ymin>11</ymin>
      <xmax>82</xmax>
      <ymax>51</ymax>
    </bndbox>
  </object>
  <object>
    <name>&#48148;</name>
    <pose>Unspecified</pose>
    <truncated>0</truncated>
    <difficult>0</difficult>
    <bndbox>
      <xmin>84</xmin>
      <ymin>15</ymin>
      <xmax>107</xmax>
      <ymax>49</ymax>
    </bndbox>
  </object>
  <object>
    <name>2</name>
    <pose>Unspecified</pose>
    <truncated>0</truncated>
    <difficult>0</difficult>
    <bndbox>
      <xmin>115</xmin>
      <ymin>13</ymin>
      <xmax>137</xmax>
      <ymax>53</ymax>
    </bndbox>
  </object>
  <object>
    <name>3</name>
    <pose>Unspecified</pose>
    <truncated>0</truncated>
    <difficult>0</difficult>
    <bndbox>
      <xmin>139</xmin>
      <ymin>14</ymin>
      <xmax>161</xmax>
      <ymax>55</ymax>
    </bndbox>
  </object>
  <object>
    <name>2</name>
    <pose>Unspecified</pose>
    <truncated>0</truncated>
    <difficult>0</difficult>
    <bndbox>
      <xmin>164</xmin>
      <ymin>14</ymin>
      <xmax>187</xmax>
      <ymax>56</ymax>
    </bndbox>
  </object>
  <object>
    <name>1</name>
    <pose>Unspecified</pose>
    <truncated>0</truncated>
    <difficult>0</difficult>
    <bndbox>
      <xmin>190</xmin>
      <ymin>15</ymin>
      <xmax>211</xmax>
      <ymax>56</ymax>
    </bndbox>
  </object>
</annotation>
