<annotation>
  <folder>LP</folder>
  <filename>052455553_P_T05</filename>
  <path>D:\SAT_LPR_DATA_2\T05_not_done\LP\052455553_P_T05.jpg</path>
  <source>
    <database>Unknown</database>
  </source>
  <size>
    <width>214</width>
    <height>129</height>
    <depth>1</depth>
  </size>
  <segmented>0</segmented>
  <object>
    <name>9</name>
    <pose>Unspecified</pose>
    <truncated>0</truncated>
    <difficult>0</difficult>
    <bndbox>
      <xmin>13</xmin>
      <ymin>41</ymin>
      <xmax>38</xmax>
      <ymax>93</ymax>
    </bndbox>
  </object>
  <object>
    <name>7</name>
    <pose>Unspecified</pose>
    <truncated>0</truncated>
    <difficult>0</difficult>
    <bndbox>
      <xmin>40</xmin>
      <ymin>42</ymin>
      <xmax>64</xmax>
      <ymax>93</ymax>
    </bndbox>
  </object>
  <object>
    <name>&#47784;</name>
    <pose>Unspecified</pose>
    <truncated>0</truncated>
    <difficult>0</difficult>
    <bndbox>
      <xmin>66</xmin>
      <ymin>52</ymin>
      <xmax>91</xmax>
      <ymax>95</ymax>
    </bndbox>
  </object>
  <object>
    <name>9</name>
    <pose>Unspecified</pose>
    <truncated>0</truncated>
    <difficult>0</difficult>
    <bndbox>
      <xmin>95</xmin>
      <ymin>43</ymin>
      <xmax>120</xmax>
      <ymax>96</ymax>
    </bndbox>
  </object>
  <object>
    <name>6</name>
    <pose>Unspecified</pose>
    <truncated>0</truncated>
    <difficult>0</difficult>
    <bndbox>
      <xmin>123</xmin>
      <ymin>44</ymin>
      <xmax>147</xmax>
      <ymax>97</ymax>
    </bndbox>
  </object>
  <object>
    <name>4</name>
    <pose>Unspecified</pose>
    <truncated>0</truncated>
    <difficult>0</difficult>
    <bndbox>
      <xmin>149</xmin>
      <ymin>44</ymin>
      <xmax>175</xmax>
      <ymax>99</ymax>
    </bndbox>
  </object>
  <object>
    <name>9</name>
    <pose>Unspecified</pose>
    <truncated>0</truncated>
    <difficult>0</difficult>
    <bndbox>
      <xmin>177</xmin>
      <ymin>44</ymin>
      <xmax>202</xmax>
      <ymax>97</ymax>
    </bndbox>
  </object>
</annotation>
