<annotation>
  <folder>LP</folder>
  <filename>052500254_P_T05</filename>
  <path>D:\SAT_LPR_DATA_2\T05_not_done\LP\052500254_P_T05.jpg</path>
  <source>
    <database>Unknown</database>
  </source>
  <size>
    <width>177</width>
    <height>106</height>
    <depth>1</depth>
  </size>
  <segmented>0</segmented>
  <object>
    <name>8</name>
    <pose>Unspecified</pose>
    <truncated>0</truncated>
    <difficult>0</difficult>
    <bndbox>
      <xmin>6</xmin>
      <ymin>28</ymin>
      <xmax>26</xmax>
      <ymax>69</ymax>
    </bndbox>
  </object>
  <object>
    <name>4</name>
    <pose>Unspecified</pose>
    <truncated>0</truncated>
    <difficult>0</difficult>
    <bndbox>
      <xmin>27</xmin>
      <ymin>31</ymin>
      <xmax>49</xmax>
      <ymax>72</ymax>
    </bndbox>
  </object>
  <object>
    <name>&#45572;</name>
    <pose>Unspecified</pose>
    <truncated>0</truncated>
    <difficult>0</difficult>
    <bndbox>
      <xmin>51</xmin>
      <ymin>40</ymin>
      <xmax>71</xmax>
      <ymax>73</ymax>
    </bndbox>
  </object>
  <object>
    <name>1</name>
    <pose>Unspecified</pose>
    <truncated>0</truncated>
    <difficult>0</difficult>
    <bndbox>
      <xmin>76</xmin>
      <ymin>36</ymin>
      <xmax>96</xmax>
      <ymax>76</ymax>
    </bndbox>
  </object>
  <object>
    <name>5</name>
    <pose>Unspecified</pose>
    <truncated>0</truncated>
    <difficult>0</difficult>
    <bndbox>
      <xmin>99</xmin>
      <ymin>37</ymin>
      <xmax>120</xmax>
      <ymax>79</ymax>
    </bndbox>
  </object>
  <object>
    <name>8</name>
    <pose>Unspecified</pose>
    <truncated>0</truncated>
    <difficult>0</difficult>
    <bndbox>
      <xmin>122</xmin>
      <ymin>39</ymin>
      <xmax>144</xmax>
      <ymax>82</ymax>
    </bndbox>
  </object>
  <object>
    <name>0</name>
    <pose>Unspecified</pose>
    <truncated>0</truncated>
    <difficult>0</difficult>
    <bndbox>
      <xmin>146</xmin>
      <ymin>42</ymin>
      <xmax>168</xmax>
      <ymax>84</ymax>
    </bndbox>
  </object>
</annotation>
