<annotation>
  <folder>LP</folder>
  <filename>052505300_P_T05</filename>
  <path>D:\SAT_LPR_DATA_2\T05_not_done\LP\052505300_P_T05.jpg</path>
  <source>
    <database>Unknown</database>
  </source>
  <size>
    <width>225</width>
    <height>115</height>
    <depth>1</depth>
  </size>
  <segmented>0</segmented>
  <object>
    <name>9</name>
    <pose>Unspecified</pose>
    <truncated>0</truncated>
    <difficult>0</difficult>
    <bndbox>
      <xmin>16</xmin>
      <ymin>40</ymin>
      <xmax>40</xmax>
      <ymax>91</ymax>
    </bndbox>
  </object>
  <object>
    <name>0</name>
    <pose>Unspecified</pose>
    <truncated>0</truncated>
    <difficult>0</difficult>
    <bndbox>
      <xmin>44</xmin>
      <ymin>40</ymin>
      <xmax>68</xmax>
      <ymax>91</ymax>
    </bndbox>
  </object>
  <object>
    <name>&#45320;</name>
    <pose>Unspecified</pose>
    <truncated>0</truncated>
    <difficult>0</difficult>
    <bndbox>
      <xmin>70</xmin>
      <ymin>48</ymin>
      <xmax>97</xmax>
      <ymax>90</ymax>
    </bndbox>
  </object>
  <object>
    <name>6</name>
    <pose>Unspecified</pose>
    <truncated>0</truncated>
    <difficult>0</difficult>
    <bndbox>
      <xmin>102</xmin>
      <ymin>40</ymin>
      <xmax>126</xmax>
      <ymax>91</ymax>
    </bndbox>
  </object>
  <object>
    <name>7</name>
    <pose>Unspecified</pose>
    <truncated>0</truncated>
    <difficult>0</difficult>
    <bndbox>
      <xmin>128</xmin>
      <ymin>39</ymin>
      <xmax>153</xmax>
      <ymax>91</ymax>
    </bndbox>
  </object>
  <object>
    <name>5</name>
    <pose>Unspecified</pose>
    <truncated>0</truncated>
    <difficult>0</difficult>
    <bndbox>
      <xmin>159</xmin>
      <ymin>39</ymin>
      <xmax>183</xmax>
      <ymax>91</ymax>
    </bndbox>
  </object>
  <object>
    <name>8</name>
    <pose>Unspecified</pose>
    <truncated>0</truncated>
    <difficult>0</difficult>
    <bndbox>
      <xmin>185</xmin>
      <ymin>38</ymin>
      <xmax>212</xmax>
      <ymax>91</ymax>
    </bndbox>
  </object>
</annotation>
