<annotation>
  <folder>LP</folder>
  <filename>052830622_P_T04</filename>
  <path>D:\ALBA\2.SAT_LPR_DATA\T04_not_done\LP\052830622_P_T04.jpg</path>
  <source>
    <database>Unknown</database>
  </source>
  <size>
    <width>218</width>
    <height>59</height>
    <depth>1</depth>
  </size>
  <segmented>0</segmented>
  <object>
    <name>&#50872;&#49328;_V</name>
    <pose>Unspecified</pose>
    <truncated>0</truncated>
    <difficult>0</difficult>
    <bndbox>
      <xmin>15</xmin>
      <ymin>9</ymin>
      <xmax>38</xmax>
      <ymax>44</ymax>
    </bndbox>
  </object>
  <object>
    <name>8</name>
    <pose>Unspecified</pose>
    <truncated>0</truncated>
    <difficult>0</difficult>
    <bndbox>
      <xmin>40</xmin>
      <ymin>10</ymin>
      <xmax>59</xmax>
      <ymax>44</ymax>
    </bndbox>
  </object>
  <object>
    <name>1</name>
    <pose>Unspecified</pose>
    <truncated>0</truncated>
    <difficult>0</difficult>
    <bndbox>
      <xmin>62</xmin>
      <ymin>10</ymin>
      <xmax>77</xmax>
      <ymax>46</ymax>
    </bndbox>
  </object>
  <object>
    <name>&#50500;</name>
    <pose>Unspecified</pose>
    <truncated>0</truncated>
    <difficult>0</difficult>
    <bndbox>
      <xmin>83</xmin>
      <ymin>13</ymin>
      <xmax>105</xmax>
      <ymax>44</ymax>
    </bndbox>
  </object>
  <object>
    <name>9</name>
    <pose>Unspecified</pose>
    <truncated>0</truncated>
    <difficult>0</difficult>
    <bndbox>
      <xmin>112</xmin>
      <ymin>12</ymin>
      <xmax>133</xmax>
      <ymax>47</ymax>
    </bndbox>
  </object>
  <object>
    <name>6</name>
    <pose>Unspecified</pose>
    <truncated>0</truncated>
    <difficult>0</difficult>
    <bndbox>
      <xmin>136</xmin>
      <ymin>14</ymin>
      <xmax>156</xmax>
      <ymax>47</ymax>
    </bndbox>
  </object>
  <object>
    <name>1</name>
    <pose>Unspecified</pose>
    <truncated>0</truncated>
    <difficult>0</difficult>
    <bndbox>
      <xmin>159</xmin>
      <ymin>14</ymin>
      <xmax>174</xmax>
      <ymax>49</ymax>
    </bndbox>
  </object>
  <object>
    <name>7</name>
    <pose>Unspecified</pose>
    <truncated>0</truncated>
    <difficult>0</difficult>
    <bndbox>
      <xmin>179</xmin>
      <ymin>15</ymin>
      <xmax>202</xmax>
      <ymax>50</ymax>
    </bndbox>
  </object>
</annotation>
