<annotation>
  <folder>LP</folder>
  <filename>052814581_P_T03</filename>
  <path>D:\ALBA\2.SAT_LPR_DATA\T03_not_done\LP\052814581_P_T03.jpg</path>
  <source>
    <database>Unknown</database>
  </source>
  <size>
    <width>239</width>
    <height>127</height>
    <depth>1</depth>
  </size>
  <segmented>0</segmented>
  <object>
    <name>&#51204;&#45224;_H</name>
    <pose>Unspecified</pose>
    <truncated>0</truncated>
    <difficult>0</difficult>
    <bndbox>
      <xmin>64</xmin>
      <ymin>14</ymin>
      <xmax>113</xmax>
      <ymax>45</ymax>
    </bndbox>
  </object>
  <object>
    <name>8</name>
    <pose>Unspecified</pose>
    <truncated>0</truncated>
    <difficult>0</difficult>
    <bndbox>
      <xmin>125</xmin>
      <ymin>13</ymin>
      <xmax>148</xmax>
      <ymax>45</ymax>
    </bndbox>
  </object>
  <object>
    <name>4</name>
    <pose>Unspecified</pose>
    <truncated>0</truncated>
    <difficult>0</difficult>
    <bndbox>
      <xmin>150</xmin>
      <ymin>13</ymin>
      <xmax>174</xmax>
      <ymax>44</ymax>
    </bndbox>
  </object>
  <object>
    <name>&#48176;</name>
    <pose>Unspecified</pose>
    <truncated>0</truncated>
    <difficult>0</difficult>
    <bndbox>
      <xmin>21</xmin>
      <ymin>55</ymin>
      <xmax>60</xmax>
      <ymax>100</ymax>
    </bndbox>
  </object>
  <object>
    <name>1</name>
    <pose>Unspecified</pose>
    <truncated>0</truncated>
    <difficult>0</difficult>
    <bndbox>
      <xmin>65</xmin>
      <ymin>55</ymin>
      <xmax>90</xmax>
      <ymax>116</ymax>
    </bndbox>
  </object>
  <object>
    <name>0</name>
    <pose>Unspecified</pose>
    <truncated>0</truncated>
    <difficult>0</difficult>
    <bndbox>
      <xmin>103</xmin>
      <ymin>55</ymin>
      <xmax>137</xmax>
      <ymax>113</ymax>
    </bndbox>
  </object>
  <object>
    <name>1</name>
    <pose>Unspecified</pose>
    <truncated>0</truncated>
    <difficult>0</difficult>
    <bndbox>
      <xmin>146</xmin>
      <ymin>54</ymin>
      <xmax>173</xmax>
      <ymax>114</ymax>
    </bndbox>
  </object>
  <object>
    <name>9</name>
    <pose>Unspecified</pose>
    <truncated>0</truncated>
    <difficult>0</difficult>
    <bndbox>
      <xmin>183</xmin>
      <ymin>52</ymin>
      <xmax>219</xmax>
      <ymax>114</ymax>
    </bndbox>
  </object>
</annotation>
