<annotation>
  <folder>LP</folder>
  <filename>052946023_P_T05</filename>
  <path>D:\SAT_LPR_DATA_2\T05_not_done\LP\052946023_P_T05.jpg</path>
  <source>
    <database>Unknown</database>
  </source>
  <size>
    <width>195</width>
    <height>101</height>
    <depth>1</depth>
  </size>
  <segmented>0</segmented>
  <object>
    <name>8</name>
    <pose>Unspecified</pose>
    <truncated>0</truncated>
    <difficult>0</difficult>
    <bndbox>
      <xmin>11</xmin>
      <ymin>36</ymin>
      <xmax>32</xmax>
      <ymax>81</ymax>
    </bndbox>
  </object>
  <object>
    <name>4</name>
    <pose>Unspecified</pose>
    <truncated>0</truncated>
    <difficult>0</difficult>
    <bndbox>
      <xmin>35</xmin>
      <ymin>39</ymin>
      <xmax>57</xmax>
      <ymax>82</ymax>
    </bndbox>
  </object>
  <object>
    <name>&#45572;</name>
    <pose>Unspecified</pose>
    <truncated>0</truncated>
    <difficult>0</difficult>
    <bndbox>
      <xmin>60</xmin>
      <ymin>47</ymin>
      <xmax>80</xmax>
      <ymax>83</ymax>
    </bndbox>
  </object>
  <object>
    <name>1</name>
    <pose>Unspecified</pose>
    <truncated>0</truncated>
    <difficult>0</difficult>
    <bndbox>
      <xmin>88</xmin>
      <ymin>40</ymin>
      <xmax>110</xmax>
      <ymax>84</ymax>
    </bndbox>
  </object>
  <object>
    <name>5</name>
    <pose>Unspecified</pose>
    <truncated>0</truncated>
    <difficult>0</difficult>
    <bndbox>
      <xmin>112</xmin>
      <ymin>42</ymin>
      <xmax>134</xmax>
      <ymax>85</ymax>
    </bndbox>
  </object>
  <object>
    <name>1</name>
    <pose>Unspecified</pose>
    <truncated>0</truncated>
    <difficult>0</difficult>
    <bndbox>
      <xmin>138</xmin>
      <ymin>42</ymin>
      <xmax>159</xmax>
      <ymax>86</ymax>
    </bndbox>
  </object>
  <object>
    <name>6</name>
    <pose>Unspecified</pose>
    <truncated>0</truncated>
    <difficult>0</difficult>
    <bndbox>
      <xmin>161</xmin>
      <ymin>44</ymin>
      <xmax>184</xmax>
      <ymax>88</ymax>
    </bndbox>
  </object>
</annotation>
