<annotation>
  <folder>LP</folder>
  <filename>052947929_P_T13</filename>
  <path>C:\Users\sat\Desktop\SAT_LPR_DATA_2\T13_not_done\LP\052947929_P_T13.jpg</path>
  <source>
    <database>Unknown</database>
  </source>
  <size>
    <width>289</width>
    <height>141</height>
    <depth>1</depth>
  </size>
  <segmented>0</segmented>
  <object>
    <name>&#51204;&#45224;_D</name>
    <pose>Unspecified</pose>
    <truncated>0</truncated>
    <difficult>0</difficult>
    <bndbox>
      <xmin>71</xmin>
      <ymin>20</ymin>
      <xmax>211</xmax>
      <ymax>61</ymax>
    </bndbox>
  </object>
  <object>
    <name>0</name>
    <pose>Unspecified</pose>
    <truncated>0</truncated>
    <difficult>0</difficult>
    <bndbox>
      <xmin>22</xmin>
      <ymin>70</ymin>
      <xmax>55</xmax>
      <ymax>119</ymax>
    </bndbox>
  </object>
  <object>
    <name>6</name>
    <pose>Unspecified</pose>
    <truncated>0</truncated>
    <difficult>0</difficult>
    <bndbox>
      <xmin>58</xmin>
      <ymin>70</ymin>
      <xmax>91</xmax>
      <ymax>120</ymax>
    </bndbox>
  </object>
  <object>
    <name>&#47560;</name>
    <pose>Unspecified</pose>
    <truncated>0</truncated>
    <difficult>0</difficult>
    <bndbox>
      <xmin>92</xmin>
      <ymin>76</ymin>
      <xmax>123</xmax>
      <ymax>111</ymax>
    </bndbox>
  </object>
  <object>
    <name>4</name>
    <pose>Unspecified</pose>
    <truncated>0</truncated>
    <difficult>0</difficult>
    <bndbox>
      <xmin>126</xmin>
      <ymin>69</ymin>
      <xmax>157</xmax>
      <ymax>118</ymax>
    </bndbox>
  </object>
  <object>
    <name>2</name>
    <pose>Unspecified</pose>
    <truncated>0</truncated>
    <difficult>0</difficult>
    <bndbox>
      <xmin>162</xmin>
      <ymin>70</ymin>
      <xmax>196</xmax>
      <ymax>119</ymax>
    </bndbox>
  </object>
  <object>
    <name>5</name>
    <pose>Unspecified</pose>
    <truncated>0</truncated>
    <difficult>0</difficult>
    <bndbox>
      <xmin>199</xmin>
      <ymin>70</ymin>
      <xmax>232</xmax>
      <ymax>119</ymax>
    </bndbox>
  </object>
  <object>
    <name>8</name>
    <pose>Unspecified</pose>
    <truncated>0</truncated>
    <difficult>0</difficult>
    <bndbox>
      <xmin>235</xmin>
      <ymin>69</ymin>
      <xmax>269</xmax>
      <ymax>120</ymax>
    </bndbox>
  </object>
</annotation>
