<annotation>
  <folder>LP</folder>
  <filename>053054620_P_T14</filename>
  <path>D:\ALBA\SAT_LPR_DATA_2\T14_not_done\LP\053054620_P_T14.jpg</path>
  <source>
    <database>Unknown</database>
  </source>
  <size>
    <width>269</width>
    <height>142</height>
    <depth>1</depth>
  </size>
  <segmented>0</segmented>
  <object>
    <name>&#50689;</name>
    <pose>Unspecified</pose>
    <truncated>0</truncated>
    <difficult>0</difficult>
    <bndbox>
      <xmin>16</xmin>
      <ymin>21</ymin>
      <xmax>54</xmax>
      <ymax>66</ymax>
    </bndbox>
  </object>
  <object>
    <name>&#51204;&#45224;_D</name>
    <pose>Unspecified</pose>
    <truncated>0</truncated>
    <difficult>0</difficult>
    <bndbox>
      <xmin>61</xmin>
      <ymin>22</ymin>
      <xmax>193</xmax>
      <ymax>63</ymax>
    </bndbox>
  </object>
  <object>
    <name>0</name>
    <pose>Unspecified</pose>
    <truncated>0</truncated>
    <difficult>0</difficult>
    <bndbox>
      <xmin>22</xmin>
      <ymin>70</ymin>
      <xmax>50</xmax>
      <ymax>119</ymax>
    </bndbox>
  </object>
  <object>
    <name>6</name>
    <pose>Unspecified</pose>
    <truncated>0</truncated>
    <difficult>0</difficult>
    <bndbox>
      <xmin>53</xmin>
      <ymin>71</ymin>
      <xmax>84</xmax>
      <ymax>120</ymax>
    </bndbox>
  </object>
  <object>
    <name>&#48148;</name>
    <pose>Unspecified</pose>
    <truncated>0</truncated>
    <difficult>0</difficult>
    <bndbox>
      <xmin>86</xmin>
      <ymin>75</ymin>
      <xmax>112</xmax>
      <ymax>120</ymax>
    </bndbox>
  </object>
  <object>
    <name>5</name>
    <pose>Unspecified</pose>
    <truncated>0</truncated>
    <difficult>0</difficult>
    <bndbox>
      <xmin>118</xmin>
      <ymin>71</ymin>
      <xmax>148</xmax>
      <ymax>123</ymax>
    </bndbox>
  </object>
  <object>
    <name>1</name>
    <pose>Unspecified</pose>
    <truncated>0</truncated>
    <difficult>0</difficult>
    <bndbox>
      <xmin>153</xmin>
      <ymin>71</ymin>
      <xmax>180</xmax>
      <ymax>123</ymax>
    </bndbox>
  </object>
  <object>
    <name>7</name>
    <pose>Unspecified</pose>
    <truncated>0</truncated>
    <difficult>0</difficult>
    <bndbox>
      <xmin>183</xmin>
      <ymin>71</ymin>
      <xmax>211</xmax>
      <ymax>123</ymax>
    </bndbox>
  </object>
  <object>
    <name>8</name>
    <pose>Unspecified</pose>
    <truncated>0</truncated>
    <difficult>0</difficult>
    <bndbox>
      <xmin>218</xmin>
      <ymin>74</ymin>
      <xmax>251</xmax>
      <ymax>124</ymax>
    </bndbox>
  </object>
</annotation>
