<annotation>
  <folder>LP</folder>
  <filename>053153551_P_T05</filename>
  <path>D:\SAT_LPR_DATA_2\T05_not_done\LP\053153551_P_T05.jpg</path>
  <source>
    <database>Unknown</database>
  </source>
  <size>
    <width>206</width>
    <height>114</height>
    <depth>1</depth>
  </size>
  <segmented>0</segmented>
  <object>
    <name>8</name>
    <pose>Unspecified</pose>
    <truncated>0</truncated>
    <difficult>0</difficult>
    <bndbox>
      <xmin>12</xmin>
      <ymin>37</ymin>
      <xmax>34</xmax>
      <ymax>81</ymax>
    </bndbox>
  </object>
  <object>
    <name>7</name>
    <pose>Unspecified</pose>
    <truncated>0</truncated>
    <difficult>0</difficult>
    <bndbox>
      <xmin>38</xmin>
      <ymin>38</ymin>
      <xmax>60</xmax>
      <ymax>82</ymax>
    </bndbox>
  </object>
  <object>
    <name>&#44032;</name>
    <pose>Unspecified</pose>
    <truncated>0</truncated>
    <difficult>0</difficult>
    <bndbox>
      <xmin>62</xmin>
      <ymin>47</ymin>
      <xmax>84</xmax>
      <ymax>84</ymax>
    </bndbox>
  </object>
  <object>
    <name>9</name>
    <pose>Unspecified</pose>
    <truncated>0</truncated>
    <difficult>0</difficult>
    <bndbox>
      <xmin>89</xmin>
      <ymin>39</ymin>
      <xmax>112</xmax>
      <ymax>84</ymax>
    </bndbox>
  </object>
  <object>
    <name>5</name>
    <pose>Unspecified</pose>
    <truncated>0</truncated>
    <difficult>0</difficult>
    <bndbox>
      <xmin>115</xmin>
      <ymin>41</ymin>
      <xmax>136</xmax>
      <ymax>86</ymax>
    </bndbox>
  </object>
  <object>
    <name>4</name>
    <pose>Unspecified</pose>
    <truncated>0</truncated>
    <difficult>0</difficult>
    <bndbox>
      <xmin>138</xmin>
      <ymin>42</ymin>
      <xmax>163</xmax>
      <ymax>87</ymax>
    </bndbox>
  </object>
  <object>
    <name>4</name>
    <pose>Unspecified</pose>
    <truncated>0</truncated>
    <difficult>0</difficult>
    <bndbox>
      <xmin>164</xmin>
      <ymin>43</ymin>
      <xmax>188</xmax>
      <ymax>88</ymax>
    </bndbox>
  </object>
</annotation>
