<annotation>
  <folder>LP</folder>
  <filename>053248516_P_T03</filename>
  <path>D:\ALBA\2.SAT_LPR_DATA\T03_not_done\LP\053248516_P_T03.jpg</path>
  <source>
    <database>Unknown</database>
  </source>
  <size>
    <width>244</width>
    <height>130</height>
    <depth>1</depth>
  </size>
  <segmented>0</segmented>
  <object>
    <name>&#51204;&#45224;_H</name>
    <pose>Unspecified</pose>
    <truncated>0</truncated>
    <difficult>0</difficult>
    <bndbox>
      <xmin>63</xmin>
      <ymin>12</ymin>
      <xmax>114</xmax>
      <ymax>45</ymax>
    </bndbox>
  </object>
  <object>
    <name>8</name>
    <pose>Unspecified</pose>
    <truncated>0</truncated>
    <difficult>0</difficult>
    <bndbox>
      <xmin>126</xmin>
      <ymin>13</ymin>
      <xmax>148</xmax>
      <ymax>43</ymax>
    </bndbox>
  </object>
  <object>
    <name>4</name>
    <pose>Unspecified</pose>
    <truncated>0</truncated>
    <difficult>0</difficult>
    <bndbox>
      <xmin>151</xmin>
      <ymin>11</ymin>
      <xmax>175</xmax>
      <ymax>43</ymax>
    </bndbox>
  </object>
  <object>
    <name>&#48176;</name>
    <pose>Unspecified</pose>
    <truncated>0</truncated>
    <difficult>0</difficult>
    <bndbox>
      <xmin>21</xmin>
      <ymin>54</ymin>
      <xmax>60</xmax>
      <ymax>100</ymax>
    </bndbox>
  </object>
  <object>
    <name>1</name>
    <pose>Unspecified</pose>
    <truncated>0</truncated>
    <difficult>0</difficult>
    <bndbox>
      <xmin>65</xmin>
      <ymin>54</ymin>
      <xmax>90</xmax>
      <ymax>114</ymax>
    </bndbox>
  </object>
  <object>
    <name>0</name>
    <pose>Unspecified</pose>
    <truncated>0</truncated>
    <difficult>0</difficult>
    <bndbox>
      <xmin>102</xmin>
      <ymin>53</ymin>
      <xmax>138</xmax>
      <ymax>114</ymax>
    </bndbox>
  </object>
  <object>
    <name>1</name>
    <pose>Unspecified</pose>
    <truncated>0</truncated>
    <difficult>0</difficult>
    <bndbox>
      <xmin>144</xmin>
      <ymin>52</ymin>
      <xmax>172</xmax>
      <ymax>113</ymax>
    </bndbox>
  </object>
  <object>
    <name>9</name>
    <pose>Unspecified</pose>
    <truncated>0</truncated>
    <difficult>0</difficult>
    <bndbox>
      <xmin>183</xmin>
      <ymin>51</ymin>
      <xmax>221</xmax>
      <ymax>113</ymax>
    </bndbox>
  </object>
</annotation>
