<annotation>
  <folder>LP</folder>
  <filename>053349274_P_T17</filename>
  <path>D:\SAT_LPR_DATA_2\T17_not_done\LP\053349274_P_T17.jpg</path>
  <source>
    <database>Unknown</database>
  </source>
  <size>
    <width>168</width>
    <height>106</height>
    <depth>1</depth>
  </size>
  <segmented>0</segmented>
  <object>
    <name>0</name>
    <pose>Unspecified</pose>
    <truncated>0</truncated>
    <difficult>0</difficult>
    <bndbox>
      <xmin>43</xmin>
      <ymin>14</ymin>
      <xmax>66</xmax>
      <ymax>37</ymax>
    </bndbox>
  </object>
  <object>
    <name>7</name>
    <pose>Unspecified</pose>
    <truncated>0</truncated>
    <difficult>0</difficult>
    <bndbox>
      <xmin>66</xmin>
      <ymin>14</ymin>
      <xmax>88</xmax>
      <ymax>38</ymax>
    </bndbox>
  </object>
  <object>
    <name>&#46160;</name>
    <pose>Unspecified</pose>
    <truncated>0</truncated>
    <difficult>0</difficult>
    <bndbox>
      <xmin>91</xmin>
      <ymin>17</ymin>
      <xmax>113</xmax>
      <ymax>39</ymax>
    </bndbox>
  </object>
  <object>
    <name>4</name>
    <pose>Unspecified</pose>
    <truncated>0</truncated>
    <difficult>0</difficult>
    <bndbox>
      <xmin>18</xmin>
      <ymin>39</ymin>
      <xmax>47</xmax>
      <ymax>87</ymax>
    </bndbox>
  </object>
  <object>
    <name>2</name>
    <pose>Unspecified</pose>
    <truncated>0</truncated>
    <difficult>0</difficult>
    <bndbox>
      <xmin>49</xmin>
      <ymin>40</ymin>
      <xmax>83</xmax>
      <ymax>91</ymax>
    </bndbox>
  </object>
  <object>
    <name>1</name>
    <pose>Unspecified</pose>
    <truncated>0</truncated>
    <difficult>0</difficult>
    <bndbox>
      <xmin>87</xmin>
      <ymin>44</ymin>
      <xmax>114</xmax>
      <ymax>92</ymax>
    </bndbox>
  </object>
  <object>
    <name>1</name>
    <pose>Unspecified</pose>
    <truncated>0</truncated>
    <difficult>0</difficult>
    <bndbox>
      <xmin>122</xmin>
      <ymin>46</ymin>
      <xmax>150</xmax>
      <ymax>94</ymax>
    </bndbox>
  </object>
</annotation>
