<annotation>
  <folder>LP</folder>
  <filename>053450633_P_T03</filename>
  <path>D:\ALBA\2.SAT_LPR_DATA\T03_not_done\LP\053450633_P_T03.jpg</path>
  <source>
    <database>Unknown</database>
  </source>
  <size>
    <width>237</width>
    <height>130</height>
    <depth>1</depth>
  </size>
  <segmented>0</segmented>
  <object>
    <name>&#51204;&#45224;_H</name>
    <pose>Unspecified</pose>
    <truncated>0</truncated>
    <difficult>0</difficult>
    <bndbox>
      <xmin>63</xmin>
      <ymin>19</ymin>
      <xmax>113</xmax>
      <ymax>50</ymax>
    </bndbox>
  </object>
  <object>
    <name>8</name>
    <pose>Unspecified</pose>
    <truncated>0</truncated>
    <difficult>0</difficult>
    <bndbox>
      <xmin>125</xmin>
      <ymin>18</ymin>
      <xmax>147</xmax>
      <ymax>49</ymax>
    </bndbox>
  </object>
  <object>
    <name>4</name>
    <pose>Unspecified</pose>
    <truncated>0</truncated>
    <difficult>0</difficult>
    <bndbox>
      <xmin>149</xmin>
      <ymin>17</ymin>
      <xmax>173</xmax>
      <ymax>49</ymax>
    </bndbox>
  </object>
  <object>
    <name>&#48176;</name>
    <pose>Unspecified</pose>
    <truncated>0</truncated>
    <difficult>0</difficult>
    <bndbox>
      <xmin>20</xmin>
      <ymin>61</ymin>
      <xmax>59</xmax>
      <ymax>106</ymax>
    </bndbox>
  </object>
  <object>
    <name>1</name>
    <pose>Unspecified</pose>
    <truncated>0</truncated>
    <difficult>0</difficult>
    <bndbox>
      <xmin>63</xmin>
      <ymin>58</ymin>
      <xmax>89</xmax>
      <ymax>119</ymax>
    </bndbox>
  </object>
  <object>
    <name>0</name>
    <pose>Unspecified</pose>
    <truncated>0</truncated>
    <difficult>0</difficult>
    <bndbox>
      <xmin>102</xmin>
      <ymin>60</ymin>
      <xmax>137</xmax>
      <ymax>118</ymax>
    </bndbox>
  </object>
  <object>
    <name>1</name>
    <pose>Unspecified</pose>
    <truncated>0</truncated>
    <difficult>0</difficult>
    <bndbox>
      <xmin>145</xmin>
      <ymin>57</ymin>
      <xmax>170</xmax>
      <ymax>118</ymax>
    </bndbox>
  </object>
  <object>
    <name>9</name>
    <pose>Unspecified</pose>
    <truncated>0</truncated>
    <difficult>0</difficult>
    <bndbox>
      <xmin>181</xmin>
      <ymin>57</ymin>
      <xmax>218</xmax>
      <ymax>118</ymax>
    </bndbox>
  </object>
</annotation>
