<annotation>
  <folder>LP</folder>
  <filename>053509197_P_T05</filename>
  <path>D:\SAT_LPR_DATA_2\T05_not_done\LP\053509197_P_T05.jpg</path>
  <source>
    <database>Unknown</database>
  </source>
  <size>
    <width>234</width>
    <height>120</height>
    <depth>1</depth>
  </size>
  <segmented>0</segmented>
  <object>
    <name>9</name>
    <pose>Unspecified</pose>
    <truncated>0</truncated>
    <difficult>0</difficult>
    <bndbox>
      <xmin>16</xmin>
      <ymin>39</ymin>
      <xmax>42</xmax>
      <ymax>89</ymax>
    </bndbox>
  </object>
  <object>
    <name>5</name>
    <pose>Unspecified</pose>
    <truncated>0</truncated>
    <difficult>0</difficult>
    <bndbox>
      <xmin>47</xmin>
      <ymin>40</ymin>
      <xmax>72</xmax>
      <ymax>91</ymax>
    </bndbox>
  </object>
  <object>
    <name>&#48260;</name>
    <pose>Unspecified</pose>
    <truncated>0</truncated>
    <difficult>0</difficult>
    <bndbox>
      <xmin>73</xmin>
      <ymin>48</ymin>
      <xmax>102</xmax>
      <ymax>88</ymax>
    </bndbox>
  </object>
  <object>
    <name>3</name>
    <pose>Unspecified</pose>
    <truncated>0</truncated>
    <difficult>0</difficult>
    <bndbox>
      <xmin>106</xmin>
      <ymin>39</ymin>
      <xmax>132</xmax>
      <ymax>90</ymax>
    </bndbox>
  </object>
  <object>
    <name>0</name>
    <pose>Unspecified</pose>
    <truncated>0</truncated>
    <difficult>0</difficult>
    <bndbox>
      <xmin>135</xmin>
      <ymin>38</ymin>
      <xmax>162</xmax>
      <ymax>90</ymax>
    </bndbox>
  </object>
  <object>
    <name>7</name>
    <pose>Unspecified</pose>
    <truncated>0</truncated>
    <difficult>0</difficult>
    <bndbox>
      <xmin>164</xmin>
      <ymin>38</ymin>
      <xmax>191</xmax>
      <ymax>90</ymax>
    </bndbox>
  </object>
  <object>
    <name>9</name>
    <pose>Unspecified</pose>
    <truncated>0</truncated>
    <difficult>0</difficult>
    <bndbox>
      <xmin>193</xmin>
      <ymin>38</ymin>
      <xmax>219</xmax>
      <ymax>90</ymax>
    </bndbox>
  </object>
</annotation>
