<annotation>
  <folder>LP</folder>
  <filename>053656245_P_T05</filename>
  <path>D:\SAT_LPR_DATA_2\T05_not_done\LP\053656245_P_T05.jpg</path>
  <source>
    <database>Unknown</database>
  </source>
  <size>
    <width>212</width>
    <height>130</height>
    <depth>1</depth>
  </size>
  <segmented>0</segmented>
  <object>
    <name>9</name>
    <pose>Unspecified</pose>
    <truncated>0</truncated>
    <difficult>0</difficult>
    <bndbox>
      <xmin>8</xmin>
      <ymin>44</ymin>
      <xmax>32</xmax>
      <ymax>97</ymax>
    </bndbox>
  </object>
  <object>
    <name>5</name>
    <pose>Unspecified</pose>
    <truncated>0</truncated>
    <difficult>0</difficult>
    <bndbox>
      <xmin>36</xmin>
      <ymin>47</ymin>
      <xmax>59</xmax>
      <ymax>98</ymax>
    </bndbox>
  </object>
  <object>
    <name>&#49436;</name>
    <pose>Unspecified</pose>
    <truncated>0</truncated>
    <difficult>0</difficult>
    <bndbox>
      <xmin>62</xmin>
      <ymin>57</ymin>
      <xmax>87</xmax>
      <ymax>101</ymax>
    </bndbox>
  </object>
  <object>
    <name>0</name>
    <pose>Unspecified</pose>
    <truncated>0</truncated>
    <difficult>0</difficult>
    <bndbox>
      <xmin>92</xmin>
      <ymin>48</ymin>
      <xmax>116</xmax>
      <ymax>101</ymax>
    </bndbox>
  </object>
  <object>
    <name>2</name>
    <pose>Unspecified</pose>
    <truncated>0</truncated>
    <difficult>0</difficult>
    <bndbox>
      <xmin>119</xmin>
      <ymin>49</ymin>
      <xmax>145</xmax>
      <ymax>104</ymax>
    </bndbox>
  </object>
  <object>
    <name>1</name>
    <pose>Unspecified</pose>
    <truncated>0</truncated>
    <difficult>0</difficult>
    <bndbox>
      <xmin>148</xmin>
      <ymin>51</ymin>
      <xmax>172</xmax>
      <ymax>103</ymax>
    </bndbox>
  </object>
  <object>
    <name>2</name>
    <pose>Unspecified</pose>
    <truncated>0</truncated>
    <difficult>0</difficult>
    <bndbox>
      <xmin>176</xmin>
      <ymin>51</ymin>
      <xmax>202</xmax>
      <ymax>107</ymax>
    </bndbox>
  </object>
</annotation>
