<annotation>
  <folder>LP</folder>
  <filename>053610324_P_T17</filename>
  <path>D:\SAT_LPR_DATA_2\T17_not_done\LP\053610324_P_T17.jpg</path>
  <source>
    <database>Unknown</database>
  </source>
  <size>
    <width>209</width>
    <height>118</height>
    <depth>1</depth>
  </size>
  <segmented>0</segmented>
  <object>
    <name>9</name>
    <pose>Unspecified</pose>
    <truncated>0</truncated>
    <difficult>0</difficult>
    <bndbox>
      <xmin>47</xmin>
      <ymin>8</ymin>
      <xmax>73</xmax>
      <ymax>42</ymax>
    </bndbox>
  </object>
  <object>
    <name>5</name>
    <pose>Unspecified</pose>
    <truncated>0</truncated>
    <difficult>0</difficult>
    <bndbox>
      <xmin>81</xmin>
      <ymin>8</ymin>
      <xmax>109</xmax>
      <ymax>42</ymax>
    </bndbox>
  </object>
  <object>
    <name>&#44256;</name>
    <pose>Unspecified</pose>
    <truncated>0</truncated>
    <difficult>0</difficult>
    <bndbox>
      <xmin>116</xmin>
      <ymin>8</ymin>
      <xmax>146</xmax>
      <ymax>41</ymax>
    </bndbox>
  </object>
  <object>
    <name>8</name>
    <pose>Unspecified</pose>
    <truncated>0</truncated>
    <difficult>0</difficult>
    <bndbox>
      <xmin>23</xmin>
      <ymin>48</ymin>
      <xmax>58</xmax>
      <ymax>103</ymax>
    </bndbox>
  </object>
  <object>
    <name>1</name>
    <pose>Unspecified</pose>
    <truncated>0</truncated>
    <difficult>0</difficult>
    <bndbox>
      <xmin>67</xmin>
      <ymin>49</ymin>
      <xmax>98</xmax>
      <ymax>104</ymax>
    </bndbox>
  </object>
  <object>
    <name>9</name>
    <pose>Unspecified</pose>
    <truncated>0</truncated>
    <difficult>0</difficult>
    <bndbox>
      <xmin>108</xmin>
      <ymin>49</ymin>
      <xmax>143</xmax>
      <ymax>105</ymax>
    </bndbox>
  </object>
  <object>
    <name>8</name>
    <pose>Unspecified</pose>
    <truncated>0</truncated>
    <difficult>0</difficult>
    <bndbox>
      <xmin>154</xmin>
      <ymin>49</ymin>
      <xmax>191</xmax>
      <ymax>106</ymax>
    </bndbox>
  </object>
</annotation>
