<annotation>
  <folder>LP</folder>
  <filename>053728528_P_T05</filename>
  <path>D:\SAT_LPR_DATA_2\T05_not_done\LP\053728528_P_T05.jpg</path>
  <source>
    <database>Unknown</database>
  </source>
  <size>
    <width>182</width>
    <height>115</height>
    <depth>1</depth>
  </size>
  <segmented>0</segmented>
  <object>
    <name>8</name>
    <pose>Unspecified</pose>
    <truncated>0</truncated>
    <difficult>0</difficult>
    <bndbox>
      <xmin>12</xmin>
      <ymin>37</ymin>
      <xmax>32</xmax>
      <ymax>78</ymax>
    </bndbox>
  </object>
  <object>
    <name>9</name>
    <pose>Unspecified</pose>
    <truncated>0</truncated>
    <difficult>0</difficult>
    <bndbox>
      <xmin>35</xmin>
      <ymin>40</ymin>
      <xmax>55</xmax>
      <ymax>81</ymax>
    </bndbox>
  </object>
  <object>
    <name>&#47784;</name>
    <pose>Unspecified</pose>
    <truncated>0</truncated>
    <difficult>0</difficult>
    <bndbox>
      <xmin>56</xmin>
      <ymin>49</ymin>
      <xmax>77</xmax>
      <ymax>84</ymax>
    </bndbox>
  </object>
  <object>
    <name>3</name>
    <pose>Unspecified</pose>
    <truncated>0</truncated>
    <difficult>0</difficult>
    <bndbox>
      <xmin>80</xmin>
      <ymin>46</ymin>
      <xmax>101</xmax>
      <ymax>87</ymax>
    </bndbox>
  </object>
  <object>
    <name>3</name>
    <pose>Unspecified</pose>
    <truncated>0</truncated>
    <difficult>0</difficult>
    <bndbox>
      <xmin>104</xmin>
      <ymin>48</ymin>
      <xmax>124</xmax>
      <ymax>90</ymax>
    </bndbox>
  </object>
  <object>
    <name>2</name>
    <pose>Unspecified</pose>
    <truncated>0</truncated>
    <difficult>0</difficult>
    <bndbox>
      <xmin>127</xmin>
      <ymin>50</ymin>
      <xmax>147</xmax>
      <ymax>93</ymax>
    </bndbox>
  </object>
  <object>
    <name>5</name>
    <pose>Unspecified</pose>
    <truncated>0</truncated>
    <difficult>0</difficult>
    <bndbox>
      <xmin>150</xmin>
      <ymin>53</ymin>
      <xmax>172</xmax>
      <ymax>95</ymax>
    </bndbox>
  </object>
</annotation>
