<annotation>
  <folder>LP</folder>
  <filename>053730683_P_T05</filename>
  <path>D:\SAT_LPR_DATA_2\T05_not_done\LP\053730683_P_T05.jpg</path>
  <source>
    <database>Unknown</database>
  </source>
  <size>
    <width>173</width>
    <height>103</height>
    <depth>1</depth>
  </size>
  <segmented>0</segmented>
  <object>
    <name>9</name>
    <pose>Unspecified</pose>
    <truncated>0</truncated>
    <difficult>0</difficult>
    <bndbox>
      <xmin>14</xmin>
      <ymin>32</ymin>
      <xmax>32</xmax>
      <ymax>72</ymax>
    </bndbox>
  </object>
  <object>
    <name>3</name>
    <pose>Unspecified</pose>
    <truncated>0</truncated>
    <difficult>0</difficult>
    <bndbox>
      <xmin>35</xmin>
      <ymin>34</ymin>
      <xmax>53</xmax>
      <ymax>74</ymax>
    </bndbox>
  </object>
  <object>
    <name>&#47336;</name>
    <pose>Unspecified</pose>
    <truncated>0</truncated>
    <difficult>0</difficult>
    <bndbox>
      <xmin>56</xmin>
      <ymin>42</ymin>
      <xmax>74</xmax>
      <ymax>73</ymax>
    </bndbox>
  </object>
  <object>
    <name>4</name>
    <pose>Unspecified</pose>
    <truncated>0</truncated>
    <difficult>0</difficult>
    <bndbox>
      <xmin>78</xmin>
      <ymin>36</ymin>
      <xmax>97</xmax>
      <ymax>75</ymax>
    </bndbox>
  </object>
  <object>
    <name>1</name>
    <pose>Unspecified</pose>
    <truncated>0</truncated>
    <difficult>0</difficult>
    <bndbox>
      <xmin>99</xmin>
      <ymin>37</ymin>
      <xmax>118</xmax>
      <ymax>76</ymax>
    </bndbox>
  </object>
  <object>
    <name>3</name>
    <pose>Unspecified</pose>
    <truncated>0</truncated>
    <difficult>0</difficult>
    <bndbox>
      <xmin>121</xmin>
      <ymin>37</ymin>
      <xmax>139</xmax>
      <ymax>77</ymax>
    </bndbox>
  </object>
  <object>
    <name>8</name>
    <pose>Unspecified</pose>
    <truncated>0</truncated>
    <difficult>0</difficult>
    <bndbox>
      <xmin>141</xmin>
      <ymin>37</ymin>
      <xmax>161</xmax>
      <ymax>79</ymax>
    </bndbox>
  </object>
</annotation>
