<annotation>
  <folder>LP</folder>
  <filename>053738472_P_T05</filename>
  <path>D:\SAT_LPR_DATA_2\T05_not_done\LP\053738472_P_T05.jpg</path>
  <source>
    <database>Unknown</database>
  </source>
  <size>
    <width>295</width>
    <height>144</height>
    <depth>1</depth>
  </size>
  <segmented>0</segmented>
  <object>
    <name>9</name>
    <pose>Unspecified</pose>
    <truncated>0</truncated>
    <difficult>0</difficult>
    <bndbox>
      <xmin>19</xmin>
      <ymin>50</ymin>
      <xmax>51</xmax>
      <ymax>115</ymax>
    </bndbox>
  </object>
  <object>
    <name>3</name>
    <pose>Unspecified</pose>
    <truncated>0</truncated>
    <difficult>0</difficult>
    <bndbox>
      <xmin>56</xmin>
      <ymin>51</ymin>
      <xmax>87</xmax>
      <ymax>114</ymax>
    </bndbox>
  </object>
  <object>
    <name>&#44396;</name>
    <pose>Unspecified</pose>
    <truncated>0</truncated>
    <difficult>0</difficult>
    <bndbox>
      <xmin>92</xmin>
      <ymin>61</ymin>
      <xmax>124</xmax>
      <ymax>114</ymax>
    </bndbox>
  </object>
  <object>
    <name>9</name>
    <pose>Unspecified</pose>
    <truncated>0</truncated>
    <difficult>0</difficult>
    <bndbox>
      <xmin>131</xmin>
      <ymin>48</ymin>
      <xmax>163</xmax>
      <ymax>114</ymax>
    </bndbox>
  </object>
  <object>
    <name>7</name>
    <pose>Unspecified</pose>
    <truncated>0</truncated>
    <difficult>0</difficult>
    <bndbox>
      <xmin>167</xmin>
      <ymin>48</ymin>
      <xmax>198</xmax>
      <ymax>113</ymax>
    </bndbox>
  </object>
  <object>
    <name>7</name>
    <pose>Unspecified</pose>
    <truncated>0</truncated>
    <difficult>0</difficult>
    <bndbox>
      <xmin>204</xmin>
      <ymin>48</ymin>
      <xmax>235</xmax>
      <ymax>112</ymax>
    </bndbox>
  </object>
  <object>
    <name>8</name>
    <pose>Unspecified</pose>
    <truncated>0</truncated>
    <difficult>0</difficult>
    <bndbox>
      <xmin>241</xmin>
      <ymin>46</ymin>
      <xmax>273</xmax>
      <ymax>113</ymax>
    </bndbox>
  </object>
</annotation>
