<annotation>
  <folder>LP</folder>
  <filename>053743294_P_T03</filename>
  <path>D:\ALBA\2.SAT_LPR_DATA\T03_not_done\LP\053743294_P_T03.jpg</path>
  <source>
    <database>Unknown</database>
  </source>
  <size>
    <width>240</width>
    <height>128</height>
    <depth>1</depth>
  </size>
  <segmented>0</segmented>
  <object>
    <name>&#51204;&#45224;_H</name>
    <pose>Unspecified</pose>
    <truncated>0</truncated>
    <difficult>0</difficult>
    <bndbox>
      <xmin>65</xmin>
      <ymin>13</ymin>
      <xmax>114</xmax>
      <ymax>44</ymax>
    </bndbox>
  </object>
  <object>
    <name>8</name>
    <pose>Unspecified</pose>
    <truncated>0</truncated>
    <difficult>0</difficult>
    <bndbox>
      <xmin>126</xmin>
      <ymin>12</ymin>
      <xmax>149</xmax>
      <ymax>43</ymax>
    </bndbox>
  </object>
  <object>
    <name>4</name>
    <pose>Unspecified</pose>
    <truncated>0</truncated>
    <difficult>0</difficult>
    <bndbox>
      <xmin>151</xmin>
      <ymin>13</ymin>
      <xmax>174</xmax>
      <ymax>43</ymax>
    </bndbox>
  </object>
  <object>
    <name>&#48176;</name>
    <pose>Unspecified</pose>
    <truncated>0</truncated>
    <difficult>0</difficult>
    <bndbox>
      <xmin>22</xmin>
      <ymin>54</ymin>
      <xmax>61</xmax>
      <ymax>99</ymax>
    </bndbox>
  </object>
  <object>
    <name>1</name>
    <pose>Unspecified</pose>
    <truncated>0</truncated>
    <difficult>0</difficult>
    <bndbox>
      <xmin>65</xmin>
      <ymin>54</ymin>
      <xmax>91</xmax>
      <ymax>114</ymax>
    </bndbox>
  </object>
  <object>
    <name>0</name>
    <pose>Unspecified</pose>
    <truncated>0</truncated>
    <difficult>0</difficult>
    <bndbox>
      <xmin>102</xmin>
      <ymin>53</ymin>
      <xmax>138</xmax>
      <ymax>113</ymax>
    </bndbox>
  </object>
  <object>
    <name>1</name>
    <pose>Unspecified</pose>
    <truncated>0</truncated>
    <difficult>0</difficult>
    <bndbox>
      <xmin>146</xmin>
      <ymin>52</ymin>
      <xmax>172</xmax>
      <ymax>112</ymax>
    </bndbox>
  </object>
  <object>
    <name>9</name>
    <pose>Unspecified</pose>
    <truncated>0</truncated>
    <difficult>0</difficult>
    <bndbox>
      <xmin>183</xmin>
      <ymin>51</ymin>
      <xmax>220</xmax>
      <ymax>113</ymax>
    </bndbox>
  </object>
</annotation>
