<annotation>
  <folder>LP</folder>
  <filename>053835408_P_T05</filename>
  <path>D:\SAT_LPR_DATA_2\T05_not_done\LP\053835408_P_T05.jpg</path>
  <source>
    <database>Unknown</database>
  </source>
  <size>
    <width>211</width>
    <height>132</height>
    <depth>1</depth>
  </size>
  <segmented>0</segmented>
  <object>
    <name>8</name>
    <pose>Unspecified</pose>
    <truncated>0</truncated>
    <difficult>0</difficult>
    <bndbox>
      <xmin>12</xmin>
      <ymin>42</ymin>
      <xmax>35</xmax>
      <ymax>94</ymax>
    </bndbox>
  </object>
  <object>
    <name>7</name>
    <pose>Unspecified</pose>
    <truncated>0</truncated>
    <difficult>0</difficult>
    <bndbox>
      <xmin>38</xmin>
      <ymin>44</ymin>
      <xmax>62</xmax>
      <ymax>95</ymax>
    </bndbox>
  </object>
  <object>
    <name>&#49436;</name>
    <pose>Unspecified</pose>
    <truncated>0</truncated>
    <difficult>0</difficult>
    <bndbox>
      <xmin>66</xmin>
      <ymin>55</ymin>
      <xmax>89</xmax>
      <ymax>98</ymax>
    </bndbox>
  </object>
  <object>
    <name>1</name>
    <pose>Unspecified</pose>
    <truncated>0</truncated>
    <difficult>0</difficult>
    <bndbox>
      <xmin>95</xmin>
      <ymin>46</ymin>
      <xmax>120</xmax>
      <ymax>98</ymax>
    </bndbox>
  </object>
  <object>
    <name>4</name>
    <pose>Unspecified</pose>
    <truncated>0</truncated>
    <difficult>0</difficult>
    <bndbox>
      <xmin>121</xmin>
      <ymin>48</ymin>
      <xmax>147</xmax>
      <ymax>102</ymax>
    </bndbox>
  </object>
  <object>
    <name>2</name>
    <pose>Unspecified</pose>
    <truncated>0</truncated>
    <difficult>0</difficult>
    <bndbox>
      <xmin>151</xmin>
      <ymin>48</ymin>
      <xmax>175</xmax>
      <ymax>103</ymax>
    </bndbox>
  </object>
  <object>
    <name>8</name>
    <pose>Unspecified</pose>
    <truncated>0</truncated>
    <difficult>0</difficult>
    <bndbox>
      <xmin>179</xmin>
      <ymin>50</ymin>
      <xmax>204</xmax>
      <ymax>104</ymax>
    </bndbox>
  </object>
</annotation>
