<annotation>
  <folder>LP</folder>
  <filename>053836142_P_T05</filename>
  <path>D:\SAT_LPR_DATA_2\T05_not_done\LP\053836142_P_T05.jpg</path>
  <source>
    <database>Unknown</database>
  </source>
  <size>
    <width>181</width>
    <height>104</height>
    <depth>1</depth>
  </size>
  <segmented>0</segmented>
  <object>
    <name>8</name>
    <pose>Unspecified</pose>
    <truncated>0</truncated>
    <difficult>0</difficult>
    <bndbox>
      <xmin>12</xmin>
      <ymin>30</ymin>
      <xmax>33</xmax>
      <ymax>72</ymax>
    </bndbox>
  </object>
  <object>
    <name>1</name>
    <pose>Unspecified</pose>
    <truncated>0</truncated>
    <difficult>0</difficult>
    <bndbox>
      <xmin>36</xmin>
      <ymin>32</ymin>
      <xmax>56</xmax>
      <ymax>74</ymax>
    </bndbox>
  </object>
  <object>
    <name>&#48512;</name>
    <pose>Unspecified</pose>
    <truncated>0</truncated>
    <difficult>0</difficult>
    <bndbox>
      <xmin>58</xmin>
      <ymin>41</ymin>
      <xmax>78</xmax>
      <ymax>75</ymax>
    </bndbox>
  </object>
  <object>
    <name>8</name>
    <pose>Unspecified</pose>
    <truncated>0</truncated>
    <difficult>0</difficult>
    <bndbox>
      <xmin>82</xmin>
      <ymin>35</ymin>
      <xmax>103</xmax>
      <ymax>78</ymax>
    </bndbox>
  </object>
  <object>
    <name>9</name>
    <pose>Unspecified</pose>
    <truncated>0</truncated>
    <difficult>0</difficult>
    <bndbox>
      <xmin>105</xmin>
      <ymin>37</ymin>
      <xmax>127</xmax>
      <ymax>79</ymax>
    </bndbox>
  </object>
  <object>
    <name>9</name>
    <pose>Unspecified</pose>
    <truncated>0</truncated>
    <difficult>0</difficult>
    <bndbox>
      <xmin>129</xmin>
      <ymin>39</ymin>
      <xmax>151</xmax>
      <ymax>80</ymax>
    </bndbox>
  </object>
  <object>
    <name>1</name>
    <pose>Unspecified</pose>
    <truncated>0</truncated>
    <difficult>0</difficult>
    <bndbox>
      <xmin>155</xmin>
      <ymin>40</ymin>
      <xmax>175</xmax>
      <ymax>83</ymax>
    </bndbox>
  </object>
</annotation>
