<annotation>
  <folder>LP</folder>
  <filename>053940483_P_T05</filename>
  <path>D:\SAT_LPR_DATA_2\T05_not_done\LP\053940483_P_T05.jpg</path>
  <source>
    <database>Unknown</database>
  </source>
  <size>
    <width>186</width>
    <height>108</height>
    <depth>1</depth>
  </size>
  <segmented>0</segmented>
  <object>
    <name>9</name>
    <pose>Unspecified</pose>
    <truncated>0</truncated>
    <difficult>0</difficult>
    <bndbox>
      <xmin>11</xmin>
      <ymin>33</ymin>
      <xmax>32</xmax>
      <ymax>75</ymax>
    </bndbox>
  </object>
  <object>
    <name>4</name>
    <pose>Unspecified</pose>
    <truncated>0</truncated>
    <difficult>0</difficult>
    <bndbox>
      <xmin>32</xmin>
      <ymin>35</ymin>
      <xmax>55</xmax>
      <ymax>78</ymax>
    </bndbox>
  </object>
  <object>
    <name>&#48512;</name>
    <pose>Unspecified</pose>
    <truncated>0</truncated>
    <difficult>0</difficult>
    <bndbox>
      <xmin>58</xmin>
      <ymin>45</ymin>
      <xmax>79</xmax>
      <ymax>80</ymax>
    </bndbox>
  </object>
  <object>
    <name>8</name>
    <pose>Unspecified</pose>
    <truncated>0</truncated>
    <difficult>0</difficult>
    <bndbox>
      <xmin>83</xmin>
      <ymin>40</ymin>
      <xmax>105</xmax>
      <ymax>82</ymax>
    </bndbox>
  </object>
  <object>
    <name>9</name>
    <pose>Unspecified</pose>
    <truncated>0</truncated>
    <difficult>0</difficult>
    <bndbox>
      <xmin>108</xmin>
      <ymin>41</ymin>
      <xmax>130</xmax>
      <ymax>84</ymax>
    </bndbox>
  </object>
  <object>
    <name>1</name>
    <pose>Unspecified</pose>
    <truncated>0</truncated>
    <difficult>0</difficult>
    <bndbox>
      <xmin>133</xmin>
      <ymin>44</ymin>
      <xmax>154</xmax>
      <ymax>87</ymax>
    </bndbox>
  </object>
  <object>
    <name>9</name>
    <pose>Unspecified</pose>
    <truncated>0</truncated>
    <difficult>0</difficult>
    <bndbox>
      <xmin>156</xmin>
      <ymin>45</ymin>
      <xmax>180</xmax>
      <ymax>88</ymax>
    </bndbox>
  </object>
</annotation>
