<annotation>
  <folder>LP</folder>
  <filename>054025736_P_T05</filename>
  <path>D:\SAT_LPR_DATA_2\T05_not_done\LP\054025736_P_T05.jpg</path>
  <source>
    <database>Unknown</database>
  </source>
  <size>
    <width>190</width>
    <height>118</height>
    <depth>1</depth>
  </size>
  <segmented>0</segmented>
  <object>
    <name>8</name>
    <pose>Unspecified</pose>
    <truncated>0</truncated>
    <difficult>0</difficult>
    <bndbox>
      <xmin>14</xmin>
      <ymin>38</ymin>
      <xmax>35</xmax>
      <ymax>81</ymax>
    </bndbox>
  </object>
  <object>
    <name>9</name>
    <pose>Unspecified</pose>
    <truncated>0</truncated>
    <difficult>0</difficult>
    <bndbox>
      <xmin>38</xmin>
      <ymin>41</ymin>
      <xmax>59</xmax>
      <ymax>83</ymax>
    </bndbox>
  </object>
  <object>
    <name>&#47784;</name>
    <pose>Unspecified</pose>
    <truncated>0</truncated>
    <difficult>0</difficult>
    <bndbox>
      <xmin>60</xmin>
      <ymin>51</ymin>
      <xmax>81</xmax>
      <ymax>87</ymax>
    </bndbox>
  </object>
  <object>
    <name>3</name>
    <pose>Unspecified</pose>
    <truncated>0</truncated>
    <difficult>0</difficult>
    <bndbox>
      <xmin>86</xmin>
      <ymin>47</ymin>
      <xmax>106</xmax>
      <ymax>89</ymax>
    </bndbox>
  </object>
  <object>
    <name>3</name>
    <pose>Unspecified</pose>
    <truncated>0</truncated>
    <difficult>0</difficult>
    <bndbox>
      <xmin>108</xmin>
      <ymin>49</ymin>
      <xmax>130</xmax>
      <ymax>92</ymax>
    </bndbox>
  </object>
  <object>
    <name>2</name>
    <pose>Unspecified</pose>
    <truncated>0</truncated>
    <difficult>0</difficult>
    <bndbox>
      <xmin>133</xmin>
      <ymin>51</ymin>
      <xmax>155</xmax>
      <ymax>96</ymax>
    </bndbox>
  </object>
  <object>
    <name>5</name>
    <pose>Unspecified</pose>
    <truncated>0</truncated>
    <difficult>0</difficult>
    <bndbox>
      <xmin>157</xmin>
      <ymin>55</ymin>
      <xmax>178</xmax>
      <ymax>98</ymax>
    </bndbox>
  </object>
</annotation>
