<annotation>
  <folder>LP</folder>
  <filename>054126799_P_T05</filename>
  <path>D:\SAT_LPR_DATA_2\T05_not_done\LP\054126799_P_T05.jpg</path>
  <source>
    <database>Unknown</database>
  </source>
  <size>
    <width>227</width>
    <height>126</height>
    <depth>1</depth>
  </size>
  <segmented>0</segmented>
  <object>
    <name>9</name>
    <pose>Unspecified</pose>
    <truncated>0</truncated>
    <difficult>0</difficult>
    <bndbox>
      <xmin>15</xmin>
      <ymin>43</ymin>
      <xmax>39</xmax>
      <ymax>93</ymax>
    </bndbox>
  </object>
  <object>
    <name>7</name>
    <pose>Unspecified</pose>
    <truncated>0</truncated>
    <difficult>0</difficult>
    <bndbox>
      <xmin>41</xmin>
      <ymin>44</ymin>
      <xmax>67</xmax>
      <ymax>93</ymax>
    </bndbox>
  </object>
  <object>
    <name>&#47084;</name>
    <pose>Unspecified</pose>
    <truncated>0</truncated>
    <difficult>0</difficult>
    <bndbox>
      <xmin>70</xmin>
      <ymin>53</ymin>
      <xmax>96</xmax>
      <ymax>93</ymax>
    </bndbox>
  </object>
  <object>
    <name>2</name>
    <pose>Unspecified</pose>
    <truncated>0</truncated>
    <difficult>0</difficult>
    <bndbox>
      <xmin>102</xmin>
      <ymin>44</ymin>
      <xmax>126</xmax>
      <ymax>95</ymax>
    </bndbox>
  </object>
  <object>
    <name>5</name>
    <pose>Unspecified</pose>
    <truncated>0</truncated>
    <difficult>0</difficult>
    <bndbox>
      <xmin>131</xmin>
      <ymin>44</ymin>
      <xmax>156</xmax>
      <ymax>95</ymax>
    </bndbox>
  </object>
  <object>
    <name>4</name>
    <pose>Unspecified</pose>
    <truncated>0</truncated>
    <difficult>0</difficult>
    <bndbox>
      <xmin>159</xmin>
      <ymin>44</ymin>
      <xmax>186</xmax>
      <ymax>97</ymax>
    </bndbox>
  </object>
  <object>
    <name>9</name>
    <pose>Unspecified</pose>
    <truncated>0</truncated>
    <difficult>0</difficult>
    <bndbox>
      <xmin>188</xmin>
      <ymin>44</ymin>
      <xmax>214</xmax>
      <ymax>96</ymax>
    </bndbox>
  </object>
</annotation>
