<annotation>
  <folder>LP</folder>
  <filename>054149993_P_T05</filename>
  <path>D:\SAT_LPR_DATA_2\T05_not_done\LP\054149993_P_T05.jpg</path>
  <source>
    <database>Unknown</database>
  </source>
  <size>
    <width>220</width>
    <height>125</height>
    <depth>1</depth>
  </size>
  <segmented>0</segmented>
  <object>
    <name>8</name>
    <pose>Unspecified</pose>
    <truncated>0</truncated>
    <difficult>0</difficult>
    <bndbox>
      <xmin>9</xmin>
      <ymin>38</ymin>
      <xmax>31</xmax>
      <ymax>90</ymax>
    </bndbox>
  </object>
  <object>
    <name>7</name>
    <pose>Unspecified</pose>
    <truncated>0</truncated>
    <difficult>0</difficult>
    <bndbox>
      <xmin>36</xmin>
      <ymin>39</ymin>
      <xmax>61</xmax>
      <ymax>90</ymax>
    </bndbox>
  </object>
  <object>
    <name>&#44256;</name>
    <pose>Unspecified</pose>
    <truncated>0</truncated>
    <difficult>0</difficult>
    <bndbox>
      <xmin>62</xmin>
      <ymin>49</ymin>
      <xmax>83</xmax>
      <ymax>92</ymax>
    </bndbox>
  </object>
  <object>
    <name>1</name>
    <pose>Unspecified</pose>
    <truncated>0</truncated>
    <difficult>0</difficult>
    <bndbox>
      <xmin>92</xmin>
      <ymin>41</ymin>
      <xmax>119</xmax>
      <ymax>92</ymax>
    </bndbox>
  </object>
  <object>
    <name>5</name>
    <pose>Unspecified</pose>
    <truncated>0</truncated>
    <difficult>0</difficult>
    <bndbox>
      <xmin>120</xmin>
      <ymin>41</ymin>
      <xmax>142</xmax>
      <ymax>94</ymax>
    </bndbox>
  </object>
  <object>
    <name>3</name>
    <pose>Unspecified</pose>
    <truncated>0</truncated>
    <difficult>0</difficult>
    <bndbox>
      <xmin>147</xmin>
      <ymin>42</ymin>
      <xmax>169</xmax>
      <ymax>94</ymax>
    </bndbox>
  </object>
  <object>
    <name>1</name>
    <pose>Unspecified</pose>
    <truncated>0</truncated>
    <difficult>0</difficult>
    <bndbox>
      <xmin>178</xmin>
      <ymin>43</ymin>
      <xmax>203</xmax>
      <ymax>94</ymax>
    </bndbox>
  </object>
</annotation>
