<annotation>
  <folder>LP</folder>
  <filename>054104747_P_T05</filename>
  <path>D:\SAT_LPR_DATA_2\T05_not_done\LP\054104747_P_T05.jpg</path>
  <source>
    <database>Unknown</database>
  </source>
  <size>
    <width>210</width>
    <height>111</height>
    <depth>1</depth>
  </size>
  <segmented>0</segmented>
  <object>
    <name>9</name>
    <pose>Unspecified</pose>
    <truncated>0</truncated>
    <difficult>0</difficult>
    <bndbox>
      <xmin>13</xmin>
      <ymin>32</ymin>
      <xmax>36</xmax>
      <ymax>82</ymax>
    </bndbox>
  </object>
  <object>
    <name>7</name>
    <pose>Unspecified</pose>
    <truncated>0</truncated>
    <difficult>0</difficult>
    <bndbox>
      <xmin>38</xmin>
      <ymin>33</ymin>
      <xmax>62</xmax>
      <ymax>84</ymax>
    </bndbox>
  </object>
  <object>
    <name>&#48260;</name>
    <pose>Unspecified</pose>
    <truncated>0</truncated>
    <difficult>0</difficult>
    <bndbox>
      <xmin>65</xmin>
      <ymin>44</ymin>
      <xmax>90</xmax>
      <ymax>85</ymax>
    </bndbox>
  </object>
  <object>
    <name>1</name>
    <pose>Unspecified</pose>
    <truncated>0</truncated>
    <difficult>0</difficult>
    <bndbox>
      <xmin>94</xmin>
      <ymin>35</ymin>
      <xmax>119</xmax>
      <ymax>86</ymax>
    </bndbox>
  </object>
  <object>
    <name>4</name>
    <pose>Unspecified</pose>
    <truncated>0</truncated>
    <difficult>0</difficult>
    <bndbox>
      <xmin>120</xmin>
      <ymin>36</ymin>
      <xmax>146</xmax>
      <ymax>89</ymax>
    </bndbox>
  </object>
  <object>
    <name>4</name>
    <pose>Unspecified</pose>
    <truncated>0</truncated>
    <difficult>0</difficult>
    <bndbox>
      <xmin>148</xmin>
      <ymin>38</ymin>
      <xmax>173</xmax>
      <ymax>89</ymax>
    </bndbox>
  </object>
  <object>
    <name>6</name>
    <pose>Unspecified</pose>
    <truncated>0</truncated>
    <difficult>0</difficult>
    <bndbox>
      <xmin>175</xmin>
      <ymin>38</ymin>
      <xmax>200</xmax>
      <ymax>91</ymax>
    </bndbox>
  </object>
</annotation>
