<annotation>
  <folder>LP</folder>
  <filename>054223656_P_T05</filename>
  <path>D:\SAT_LPR_DATA_2\T05_not_done\LP\054223656_P_T05.jpg</path>
  <source>
    <database>Unknown</database>
  </source>
  <size>
    <width>219</width>
    <height>124</height>
    <depth>1</depth>
  </size>
  <segmented>0</segmented>
  <object>
    <name>8</name>
    <pose>Unspecified</pose>
    <truncated>0</truncated>
    <difficult>0</difficult>
    <bndbox>
      <xmin>11</xmin>
      <ymin>39</ymin>
      <xmax>35</xmax>
      <ymax>93</ymax>
    </bndbox>
  </object>
  <object>
    <name>7</name>
    <pose>Unspecified</pose>
    <truncated>0</truncated>
    <difficult>0</difficult>
    <bndbox>
      <xmin>38</xmin>
      <ymin>41</ymin>
      <xmax>63</xmax>
      <ymax>94</ymax>
    </bndbox>
  </object>
  <object>
    <name>&#49436;</name>
    <pose>Unspecified</pose>
    <truncated>0</truncated>
    <difficult>0</difficult>
    <bndbox>
      <xmin>66</xmin>
      <ymin>53</ymin>
      <xmax>91</xmax>
      <ymax>96</ymax>
    </bndbox>
  </object>
  <object>
    <name>1</name>
    <pose>Unspecified</pose>
    <truncated>0</truncated>
    <difficult>0</difficult>
    <bndbox>
      <xmin>97</xmin>
      <ymin>44</ymin>
      <xmax>122</xmax>
      <ymax>98</ymax>
    </bndbox>
  </object>
  <object>
    <name>4</name>
    <pose>Unspecified</pose>
    <truncated>0</truncated>
    <difficult>0</difficult>
    <bndbox>
      <xmin>123</xmin>
      <ymin>46</ymin>
      <xmax>150</xmax>
      <ymax>100</ymax>
    </bndbox>
  </object>
  <object>
    <name>2</name>
    <pose>Unspecified</pose>
    <truncated>0</truncated>
    <difficult>0</difficult>
    <bndbox>
      <xmin>154</xmin>
      <ymin>46</ymin>
      <xmax>178</xmax>
      <ymax>101</ymax>
    </bndbox>
  </object>
  <object>
    <name>8</name>
    <pose>Unspecified</pose>
    <truncated>0</truncated>
    <difficult>0</difficult>
    <bndbox>
      <xmin>182</xmin>
      <ymin>47</ymin>
      <xmax>208</xmax>
      <ymax>104</ymax>
    </bndbox>
  </object>
</annotation>
