<annotation>
  <folder>LP</folder>
  <filename>054329859_P_T05</filename>
  <path>D:\SAT_LPR_DATA_2\T05_not_done\LP\054329859_P_T05.jpg</path>
  <source>
    <database>Unknown</database>
  </source>
  <size>
    <width>186</width>
    <height>115</height>
    <depth>1</depth>
  </size>
  <segmented>0</segmented>
  <object>
    <name>8</name>
    <pose>Unspecified</pose>
    <truncated>0</truncated>
    <difficult>0</difficult>
    <bndbox>
      <xmin>13</xmin>
      <ymin>33</ymin>
      <xmax>35</xmax>
      <ymax>76</ymax>
    </bndbox>
  </object>
  <object>
    <name>9</name>
    <pose>Unspecified</pose>
    <truncated>0</truncated>
    <difficult>0</difficult>
    <bndbox>
      <xmin>37</xmin>
      <ymin>36</ymin>
      <xmax>58</xmax>
      <ymax>78</ymax>
    </bndbox>
  </object>
  <object>
    <name>&#47784;</name>
    <pose>Unspecified</pose>
    <truncated>0</truncated>
    <difficult>0</difficult>
    <bndbox>
      <xmin>60</xmin>
      <ymin>46</ymin>
      <xmax>80</xmax>
      <ymax>83</ymax>
    </bndbox>
  </object>
  <object>
    <name>3</name>
    <pose>Unspecified</pose>
    <truncated>0</truncated>
    <difficult>0</difficult>
    <bndbox>
      <xmin>85</xmin>
      <ymin>42</ymin>
      <xmax>106</xmax>
      <ymax>84</ymax>
    </bndbox>
  </object>
  <object>
    <name>3</name>
    <pose>Unspecified</pose>
    <truncated>0</truncated>
    <difficult>0</difficult>
    <bndbox>
      <xmin>107</xmin>
      <ymin>45</ymin>
      <xmax>129</xmax>
      <ymax>87</ymax>
    </bndbox>
  </object>
  <object>
    <name>2</name>
    <pose>Unspecified</pose>
    <truncated>0</truncated>
    <difficult>0</difficult>
    <bndbox>
      <xmin>133</xmin>
      <ymin>46</ymin>
      <xmax>153</xmax>
      <ymax>91</ymax>
    </bndbox>
  </object>
  <object>
    <name>5</name>
    <pose>Unspecified</pose>
    <truncated>0</truncated>
    <difficult>0</difficult>
    <bndbox>
      <xmin>156</xmin>
      <ymin>50</ymin>
      <xmax>178</xmax>
      <ymax>93</ymax>
    </bndbox>
  </object>
</annotation>
