<annotation>
  <folder>LP</folder>
  <filename>054443761_P_T05</filename>
  <path>D:\SAT_LPR_DATA_2\T05_not_done\LP\054443761_P_T05.jpg</path>
  <source>
    <database>Unknown</database>
  </source>
  <size>
    <width>210</width>
    <height>126</height>
    <depth>1</depth>
  </size>
  <segmented>0</segmented>
  <object>
    <name>8</name>
    <pose>Unspecified</pose>
    <truncated>0</truncated>
    <difficult>0</difficult>
    <bndbox>
      <xmin>8</xmin>
      <ymin>40</ymin>
      <xmax>32</xmax>
      <ymax>92</ymax>
    </bndbox>
  </object>
  <object>
    <name>7</name>
    <pose>Unspecified</pose>
    <truncated>0</truncated>
    <difficult>0</difficult>
    <bndbox>
      <xmin>35</xmin>
      <ymin>41</ymin>
      <xmax>59</xmax>
      <ymax>93</ymax>
    </bndbox>
  </object>
  <object>
    <name>&#49436;</name>
    <pose>Unspecified</pose>
    <truncated>0</truncated>
    <difficult>0</difficult>
    <bndbox>
      <xmin>63</xmin>
      <ymin>53</ymin>
      <xmax>87</xmax>
      <ymax>95</ymax>
    </bndbox>
  </object>
  <object>
    <name>1</name>
    <pose>Unspecified</pose>
    <truncated>0</truncated>
    <difficult>0</difficult>
    <bndbox>
      <xmin>93</xmin>
      <ymin>44</ymin>
      <xmax>118</xmax>
      <ymax>97</ymax>
    </bndbox>
  </object>
  <object>
    <name>4</name>
    <pose>Unspecified</pose>
    <truncated>0</truncated>
    <difficult>0</difficult>
    <bndbox>
      <xmin>118</xmin>
      <ymin>46</ymin>
      <xmax>145</xmax>
      <ymax>99</ymax>
    </bndbox>
  </object>
  <object>
    <name>2</name>
    <pose>Unspecified</pose>
    <truncated>0</truncated>
    <difficult>0</difficult>
    <bndbox>
      <xmin>148</xmin>
      <ymin>46</ymin>
      <xmax>172</xmax>
      <ymax>99</ymax>
    </bndbox>
  </object>
  <object>
    <name>8</name>
    <pose>Unspecified</pose>
    <truncated>0</truncated>
    <difficult>0</difficult>
    <bndbox>
      <xmin>176</xmin>
      <ymin>47</ymin>
      <xmax>202</xmax>
      <ymax>102</ymax>
    </bndbox>
  </object>
</annotation>
