<annotation>
  <folder>LP</folder>
  <filename>054401273_P_T13</filename>
  <path>C:\Users\sat\Desktop\SAT_LPR_DATA_2\T13_not_done\LP\054401273_P_T13.jpg</path>
  <source>
    <database>Unknown</database>
  </source>
  <size>
    <width>305</width>
    <height>128</height>
    <depth>1</depth>
  </size>
  <segmented>0</segmented>
  <object>
    <name>&#44305;&#51452;_D</name>
    <pose>Unspecified</pose>
    <truncated>0</truncated>
    <difficult>0</difficult>
    <bndbox>
      <xmin>76</xmin>
      <ymin>18</ymin>
      <xmax>209</xmax>
      <ymax>63</ymax>
    </bndbox>
  </object>
  <object>
    <name>0</name>
    <pose>Unspecified</pose>
    <truncated>0</truncated>
    <difficult>0</difficult>
    <bndbox>
      <xmin>25</xmin>
      <ymin>71</ymin>
      <xmax>61</xmax>
      <ymax>112</ymax>
    </bndbox>
  </object>
  <object>
    <name>6</name>
    <pose>Unspecified</pose>
    <truncated>0</truncated>
    <difficult>0</difficult>
    <bndbox>
      <xmin>62</xmin>
      <ymin>72</ymin>
      <xmax>97</xmax>
      <ymax>112</ymax>
    </bndbox>
  </object>
  <object>
    <name>&#46972;</name>
    <pose>Unspecified</pose>
    <truncated>0</truncated>
    <difficult>0</difficult>
    <bndbox>
      <xmin>98</xmin>
      <ymin>77</ymin>
      <xmax>126</xmax>
      <ymax>110</ymax>
    </bndbox>
  </object>
  <object>
    <name>3</name>
    <pose>Unspecified</pose>
    <truncated>0</truncated>
    <difficult>0</difficult>
    <bndbox>
      <xmin>127</xmin>
      <ymin>72</ymin>
      <xmax>166</xmax>
      <ymax>113</ymax>
    </bndbox>
  </object>
  <object>
    <name>0</name>
    <pose>Unspecified</pose>
    <truncated>0</truncated>
    <difficult>0</difficult>
    <bndbox>
      <xmin>166</xmin>
      <ymin>73</ymin>
      <xmax>204</xmax>
      <ymax>113</ymax>
    </bndbox>
  </object>
  <object>
    <name>0</name>
    <pose>Unspecified</pose>
    <truncated>0</truncated>
    <difficult>0</difficult>
    <bndbox>
      <xmin>205</xmin>
      <ymin>72</ymin>
      <xmax>244</xmax>
      <ymax>116</ymax>
    </bndbox>
  </object>
  <object>
    <name>7</name>
    <pose>Unspecified</pose>
    <truncated>0</truncated>
    <difficult>0</difficult>
    <bndbox>
      <xmin>245</xmin>
      <ymin>71</ymin>
      <xmax>278</xmax>
      <ymax>114</ymax>
    </bndbox>
  </object>
</annotation>
