<annotation>
  <folder>LP</folder>
  <filename>054503747_P_T05</filename>
  <path>D:\SAT_LPR_DATA_2\T05_not_done\LP\054503747_P_T05.jpg</path>
  <source>
    <database>Unknown</database>
  </source>
  <size>
    <width>184</width>
    <height>106</height>
    <depth>1</depth>
  </size>
  <segmented>0</segmented>
  <object>
    <name>9</name>
    <pose>Unspecified</pose>
    <truncated>0</truncated>
    <difficult>0</difficult>
    <bndbox>
      <xmin>8</xmin>
      <ymin>35</ymin>
      <xmax>29</xmax>
      <ymax>76</ymax>
    </bndbox>
  </object>
  <object>
    <name>4</name>
    <pose>Unspecified</pose>
    <truncated>0</truncated>
    <difficult>0</difficult>
    <bndbox>
      <xmin>30</xmin>
      <ymin>36</ymin>
      <xmax>51</xmax>
      <ymax>78</ymax>
    </bndbox>
  </object>
  <object>
    <name>&#50864;</name>
    <pose>Unspecified</pose>
    <truncated>0</truncated>
    <difficult>0</difficult>
    <bndbox>
      <xmin>54</xmin>
      <ymin>45</ymin>
      <xmax>74</xmax>
      <ymax>79</ymax>
    </bndbox>
  </object>
  <object>
    <name>3</name>
    <pose>Unspecified</pose>
    <truncated>0</truncated>
    <difficult>0</difficult>
    <bndbox>
      <xmin>79</xmin>
      <ymin>40</ymin>
      <xmax>99</xmax>
      <ymax>82</ymax>
    </bndbox>
  </object>
  <object>
    <name>2</name>
    <pose>Unspecified</pose>
    <truncated>0</truncated>
    <difficult>0</difficult>
    <bndbox>
      <xmin>103</xmin>
      <ymin>41</ymin>
      <xmax>123</xmax>
      <ymax>84</ymax>
    </bndbox>
  </object>
  <object>
    <name>3</name>
    <pose>Unspecified</pose>
    <truncated>0</truncated>
    <difficult>0</difficult>
    <bndbox>
      <xmin>126</xmin>
      <ymin>43</ymin>
      <xmax>146</xmax>
      <ymax>86</ymax>
    </bndbox>
  </object>
  <object>
    <name>2</name>
    <pose>Unspecified</pose>
    <truncated>0</truncated>
    <difficult>0</difficult>
    <bndbox>
      <xmin>150</xmin>
      <ymin>44</ymin>
      <xmax>171</xmax>
      <ymax>88</ymax>
    </bndbox>
  </object>
</annotation>
