<annotation>
  <folder>LP</folder>
  <filename>054755369_P_T05</filename>
  <path>D:\SAT_LPR_DATA_2\T05_not_done\LP\054755369_P_T05.jpg</path>
  <source>
    <database>Unknown</database>
  </source>
  <size>
    <width>199</width>
    <height>108</height>
    <depth>1</depth>
  </size>
  <segmented>0</segmented>
  <object>
    <name>8</name>
    <pose>Unspecified</pose>
    <truncated>0</truncated>
    <difficult>0</difficult>
    <bndbox>
      <xmin>13</xmin>
      <ymin>33</ymin>
      <xmax>35</xmax>
      <ymax>77</ymax>
    </bndbox>
  </object>
  <object>
    <name>1</name>
    <pose>Unspecified</pose>
    <truncated>0</truncated>
    <difficult>0</difficult>
    <bndbox>
      <xmin>40</xmin>
      <ymin>35</ymin>
      <xmax>61</xmax>
      <ymax>78</ymax>
    </bndbox>
  </object>
  <object>
    <name>&#44256;</name>
    <pose>Unspecified</pose>
    <truncated>0</truncated>
    <difficult>0</difficult>
    <bndbox>
      <xmin>62</xmin>
      <ymin>43</ymin>
      <xmax>84</xmax>
      <ymax>80</ymax>
    </bndbox>
  </object>
  <object>
    <name>2</name>
    <pose>Unspecified</pose>
    <truncated>0</truncated>
    <difficult>0</difficult>
    <bndbox>
      <xmin>89</xmin>
      <ymin>36</ymin>
      <xmax>111</xmax>
      <ymax>81</ymax>
    </bndbox>
  </object>
  <object>
    <name>2</name>
    <pose>Unspecified</pose>
    <truncated>0</truncated>
    <difficult>0</difficult>
    <bndbox>
      <xmin>114</xmin>
      <ymin>37</ymin>
      <xmax>136</xmax>
      <ymax>81</ymax>
    </bndbox>
  </object>
  <object>
    <name>3</name>
    <pose>Unspecified</pose>
    <truncated>0</truncated>
    <difficult>0</difficult>
    <bndbox>
      <xmin>139</xmin>
      <ymin>39</ymin>
      <xmax>161</xmax>
      <ymax>84</ymax>
    </bndbox>
  </object>
  <object>
    <name>5</name>
    <pose>Unspecified</pose>
    <truncated>0</truncated>
    <difficult>0</difficult>
    <bndbox>
      <xmin>164</xmin>
      <ymin>40</ymin>
      <xmax>187</xmax>
      <ymax>85</ymax>
    </bndbox>
  </object>
</annotation>
