<annotation>
  <folder>LP</folder>
  <filename>054940671_P_T05</filename>
  <path>D:\SAT_LPR_DATA_2\T05_not_done\LP\054940671_P_T05.jpg</path>
  <source>
    <database>Unknown</database>
  </source>
  <size>
    <width>194</width>
    <height>118</height>
    <depth>1</depth>
  </size>
  <segmented>0</segmented>
  <object>
    <name>8</name>
    <pose>Unspecified</pose>
    <truncated>0</truncated>
    <difficult>0</difficult>
    <bndbox>
      <xmin>11</xmin>
      <ymin>33</ymin>
      <xmax>33</xmax>
      <ymax>78</ymax>
    </bndbox>
  </object>
  <object>
    <name>3</name>
    <pose>Unspecified</pose>
    <truncated>0</truncated>
    <difficult>0</difficult>
    <bndbox>
      <xmin>35</xmin>
      <ymin>36</ymin>
      <xmax>57</xmax>
      <ymax>79</ymax>
    </bndbox>
  </object>
  <object>
    <name>&#44032;</name>
    <pose>Unspecified</pose>
    <truncated>0</truncated>
    <difficult>0</difficult>
    <bndbox>
      <xmin>60</xmin>
      <ymin>45</ymin>
      <xmax>81</xmax>
      <ymax>81</ymax>
    </bndbox>
  </object>
  <object>
    <name>5</name>
    <pose>Unspecified</pose>
    <truncated>0</truncated>
    <difficult>0</difficult>
    <bndbox>
      <xmin>87</xmin>
      <ymin>39</ymin>
      <xmax>109</xmax>
      <ymax>83</ymax>
    </bndbox>
  </object>
  <object>
    <name>5</name>
    <pose>Unspecified</pose>
    <truncated>0</truncated>
    <difficult>0</difficult>
    <bndbox>
      <xmin>112</xmin>
      <ymin>40</ymin>
      <xmax>133</xmax>
      <ymax>85</ymax>
    </bndbox>
  </object>
  <object>
    <name>9</name>
    <pose>Unspecified</pose>
    <truncated>0</truncated>
    <difficult>0</difficult>
    <bndbox>
      <xmin>137</xmin>
      <ymin>41</ymin>
      <xmax>160</xmax>
      <ymax>85</ymax>
    </bndbox>
  </object>
  <object>
    <name>6</name>
    <pose>Unspecified</pose>
    <truncated>0</truncated>
    <difficult>0</difficult>
    <bndbox>
      <xmin>162</xmin>
      <ymin>43</ymin>
      <xmax>185</xmax>
      <ymax>88</ymax>
    </bndbox>
  </object>
</annotation>
