<annotation>
  <folder>LP</folder>
  <filename>054926691_P_T05</filename>
  <path>D:\SAT_LPR_DATA_2\T05_not_done\LP\054926691_P_T05.jpg</path>
  <source>
    <database>Unknown</database>
  </source>
  <size>
    <width>199</width>
    <height>117</height>
    <depth>1</depth>
  </size>
  <segmented>0</segmented>
  <object>
    <name>8</name>
    <pose>Unspecified</pose>
    <truncated>0</truncated>
    <difficult>0</difficult>
    <bndbox>
      <xmin>14</xmin>
      <ymin>36</ymin>
      <xmax>36</xmax>
      <ymax>81</ymax>
    </bndbox>
  </object>
  <object>
    <name>1</name>
    <pose>Unspecified</pose>
    <truncated>0</truncated>
    <difficult>0</difficult>
    <bndbox>
      <xmin>40</xmin>
      <ymin>38</ymin>
      <xmax>60</xmax>
      <ymax>82</ymax>
    </bndbox>
  </object>
  <object>
    <name>&#44256;</name>
    <pose>Unspecified</pose>
    <truncated>0</truncated>
    <difficult>0</difficult>
    <bndbox>
      <xmin>62</xmin>
      <ymin>47</ymin>
      <xmax>84</xmax>
      <ymax>83</ymax>
    </bndbox>
  </object>
  <object>
    <name>2</name>
    <pose>Unspecified</pose>
    <truncated>0</truncated>
    <difficult>0</difficult>
    <bndbox>
      <xmin>90</xmin>
      <ymin>40</ymin>
      <xmax>110</xmax>
      <ymax>84</ymax>
    </bndbox>
  </object>
  <object>
    <name>2</name>
    <pose>Unspecified</pose>
    <truncated>0</truncated>
    <difficult>0</difficult>
    <bndbox>
      <xmin>114</xmin>
      <ymin>41</ymin>
      <xmax>135</xmax>
      <ymax>86</ymax>
    </bndbox>
  </object>
  <object>
    <name>3</name>
    <pose>Unspecified</pose>
    <truncated>0</truncated>
    <difficult>0</difficult>
    <bndbox>
      <xmin>139</xmin>
      <ymin>43</ymin>
      <xmax>161</xmax>
      <ymax>87</ymax>
    </bndbox>
  </object>
  <object>
    <name>5</name>
    <pose>Unspecified</pose>
    <truncated>0</truncated>
    <difficult>0</difficult>
    <bndbox>
      <xmin>165</xmin>
      <ymin>44</ymin>
      <xmax>187</xmax>
      <ymax>88</ymax>
    </bndbox>
  </object>
</annotation>
