<annotation>
  <folder>LP</folder>
  <filename>054952649_P_T05</filename>
  <path>D:\SAT_LPR_DATA_2\T05_not_done\LP\054952649_P_T05.jpg</path>
  <source>
    <database>Unknown</database>
  </source>
  <size>
    <width>180</width>
    <height>114</height>
    <depth>1</depth>
  </size>
  <segmented>0</segmented>
  <object>
    <name>8</name>
    <pose>Unspecified</pose>
    <truncated>0</truncated>
    <difficult>0</difficult>
    <bndbox>
      <xmin>9</xmin>
      <ymin>37</ymin>
      <xmax>30</xmax>
      <ymax>79</ymax>
    </bndbox>
  </object>
  <object>
    <name>1</name>
    <pose>Unspecified</pose>
    <truncated>0</truncated>
    <difficult>0</difficult>
    <bndbox>
      <xmin>33</xmin>
      <ymin>39</ymin>
      <xmax>53</xmax>
      <ymax>81</ymax>
    </bndbox>
  </object>
  <object>
    <name>&#48512;</name>
    <pose>Unspecified</pose>
    <truncated>0</truncated>
    <difficult>0</difficult>
    <bndbox>
      <xmin>54</xmin>
      <ymin>48</ymin>
      <xmax>75</xmax>
      <ymax>83</ymax>
    </bndbox>
  </object>
  <object>
    <name>8</name>
    <pose>Unspecified</pose>
    <truncated>0</truncated>
    <difficult>0</difficult>
    <bndbox>
      <xmin>79</xmin>
      <ymin>43</ymin>
      <xmax>100</xmax>
      <ymax>85</ymax>
    </bndbox>
  </object>
  <object>
    <name>9</name>
    <pose>Unspecified</pose>
    <truncated>0</truncated>
    <difficult>0</difficult>
    <bndbox>
      <xmin>102</xmin>
      <ymin>45</ymin>
      <xmax>124</xmax>
      <ymax>86</ymax>
    </bndbox>
  </object>
  <object>
    <name>9</name>
    <pose>Unspecified</pose>
    <truncated>0</truncated>
    <difficult>0</difficult>
    <bndbox>
      <xmin>126</xmin>
      <ymin>46</ymin>
      <xmax>148</xmax>
      <ymax>89</ymax>
    </bndbox>
  </object>
  <object>
    <name>1</name>
    <pose>Unspecified</pose>
    <truncated>0</truncated>
    <difficult>0</difficult>
    <bndbox>
      <xmin>151</xmin>
      <ymin>49</ymin>
      <xmax>173</xmax>
      <ymax>90</ymax>
    </bndbox>
  </object>
</annotation>
