<annotation>
  <folder>LP</folder>
  <filename>055056473_P_T05</filename>
  <path>D:\SAT_LPR_DATA_2\T05_not_done\LP\055056473_P_T05.jpg</path>
  <source>
    <database>Unknown</database>
  </source>
  <size>
    <width>212</width>
    <height>129</height>
    <depth>1</depth>
  </size>
  <segmented>0</segmented>
  <object>
    <name>8</name>
    <pose>Unspecified</pose>
    <truncated>0</truncated>
    <difficult>0</difficult>
    <bndbox>
      <xmin>9</xmin>
      <ymin>37</ymin>
      <xmax>33</xmax>
      <ymax>90</ymax>
    </bndbox>
  </object>
  <object>
    <name>3</name>
    <pose>Unspecified</pose>
    <truncated>0</truncated>
    <difficult>0</difficult>
    <bndbox>
      <xmin>35</xmin>
      <ymin>40</ymin>
      <xmax>59</xmax>
      <ymax>92</ymax>
    </bndbox>
  </object>
  <object>
    <name>&#49548;</name>
    <pose>Unspecified</pose>
    <truncated>0</truncated>
    <difficult>0</difficult>
    <bndbox>
      <xmin>63</xmin>
      <ymin>52</ymin>
      <xmax>88</xmax>
      <ymax>94</ymax>
    </bndbox>
  </object>
  <object>
    <name>6</name>
    <pose>Unspecified</pose>
    <truncated>0</truncated>
    <difficult>0</difficult>
    <bndbox>
      <xmin>92</xmin>
      <ymin>45</ymin>
      <xmax>117</xmax>
      <ymax>97</ymax>
    </bndbox>
  </object>
  <object>
    <name>8</name>
    <pose>Unspecified</pose>
    <truncated>0</truncated>
    <difficult>0</difficult>
    <bndbox>
      <xmin>119</xmin>
      <ymin>48</ymin>
      <xmax>143</xmax>
      <ymax>100</ymax>
    </bndbox>
  </object>
  <object>
    <name>1</name>
    <pose>Unspecified</pose>
    <truncated>0</truncated>
    <difficult>0</difficult>
    <bndbox>
      <xmin>148</xmin>
      <ymin>50</ymin>
      <xmax>172</xmax>
      <ymax>103</ymax>
    </bndbox>
  </object>
  <object>
    <name>3</name>
    <pose>Unspecified</pose>
    <truncated>0</truncated>
    <difficult>0</difficult>
    <bndbox>
      <xmin>174</xmin>
      <ymin>53</ymin>
      <xmax>199</xmax>
      <ymax>106</ymax>
    </bndbox>
  </object>
</annotation>
