<annotation>
  <folder>LP</folder>
  <filename>055252098_P_T05</filename>
  <path>D:\SAT_LPR_DATA_2\T05_not_done\LP\055252098_P_T05.jpg</path>
  <source>
    <database>Unknown</database>
  </source>
  <size>
    <width>172</width>
    <height>106</height>
    <depth>1</depth>
  </size>
  <segmented>0</segmented>
  <object>
    <name>9</name>
    <pose>Unspecified</pose>
    <truncated>0</truncated>
    <difficult>0</difficult>
    <bndbox>
      <xmin>11</xmin>
      <ymin>37</ymin>
      <xmax>30</xmax>
      <ymax>79</ymax>
    </bndbox>
  </object>
  <object>
    <name>2</name>
    <pose>Unspecified</pose>
    <truncated>0</truncated>
    <difficult>0</difficult>
    <bndbox>
      <xmin>33</xmin>
      <ymin>37</ymin>
      <xmax>51</xmax>
      <ymax>79</ymax>
    </bndbox>
  </object>
  <object>
    <name>&#45572;</name>
    <pose>Unspecified</pose>
    <truncated>0</truncated>
    <difficult>0</difficult>
    <bndbox>
      <xmin>54</xmin>
      <ymin>46</ymin>
      <xmax>74</xmax>
      <ymax>79</ymax>
    </bndbox>
  </object>
  <object>
    <name>5</name>
    <pose>Unspecified</pose>
    <truncated>0</truncated>
    <difficult>0</difficult>
    <bndbox>
      <xmin>77</xmin>
      <ymin>39</ymin>
      <xmax>97</xmax>
      <ymax>81</ymax>
    </bndbox>
  </object>
  <object>
    <name>9</name>
    <pose>Unspecified</pose>
    <truncated>0</truncated>
    <difficult>0</difficult>
    <bndbox>
      <xmin>98</xmin>
      <ymin>39</ymin>
      <xmax>118</xmax>
      <ymax>81</ymax>
    </bndbox>
  </object>
  <object>
    <name>2</name>
    <pose>Unspecified</pose>
    <truncated>0</truncated>
    <difficult>0</difficult>
    <bndbox>
      <xmin>121</xmin>
      <ymin>39</ymin>
      <xmax>140</xmax>
      <ymax>83</ymax>
    </bndbox>
  </object>
  <object>
    <name>6</name>
    <pose>Unspecified</pose>
    <truncated>0</truncated>
    <difficult>0</difficult>
    <bndbox>
      <xmin>142</xmin>
      <ymin>40</ymin>
      <xmax>162</xmax>
      <ymax>83</ymax>
    </bndbox>
  </object>
</annotation>
