<annotation>
  <folder>LP</folder>
  <filename>055241500_P_T03</filename>
  <path>D:\ALBA\2.SAT_LPR_DATA\T03_not_done\LP\055241500_P_T03.jpg</path>
  <source>
    <database>Unknown</database>
  </source>
  <size>
    <width>238</width>
    <height>127</height>
    <depth>1</depth>
  </size>
  <segmented>0</segmented>
  <object>
    <name>&#51204;&#45224;_H</name>
    <pose>Unspecified</pose>
    <truncated>0</truncated>
    <difficult>0</difficult>
    <bndbox>
      <xmin>63</xmin>
      <ymin>12</ymin>
      <xmax>113</xmax>
      <ymax>45</ymax>
    </bndbox>
  </object>
  <object>
    <name>8</name>
    <pose>Unspecified</pose>
    <truncated>0</truncated>
    <difficult>0</difficult>
    <bndbox>
      <xmin>125</xmin>
      <ymin>14</ymin>
      <xmax>145</xmax>
      <ymax>43</ymax>
    </bndbox>
  </object>
  <object>
    <name>4</name>
    <pose>Unspecified</pose>
    <truncated>0</truncated>
    <difficult>0</difficult>
    <bndbox>
      <xmin>149</xmin>
      <ymin>13</ymin>
      <xmax>172</xmax>
      <ymax>44</ymax>
    </bndbox>
  </object>
  <object>
    <name>&#48176;</name>
    <pose>Unspecified</pose>
    <truncated>0</truncated>
    <difficult>0</difficult>
    <bndbox>
      <xmin>22</xmin>
      <ymin>54</ymin>
      <xmax>59</xmax>
      <ymax>100</ymax>
    </bndbox>
  </object>
  <object>
    <name>1</name>
    <pose>Unspecified</pose>
    <truncated>0</truncated>
    <difficult>0</difficult>
    <bndbox>
      <xmin>64</xmin>
      <ymin>54</ymin>
      <xmax>90</xmax>
      <ymax>113</ymax>
    </bndbox>
  </object>
  <object>
    <name>0</name>
    <pose>Unspecified</pose>
    <truncated>0</truncated>
    <difficult>0</difficult>
    <bndbox>
      <xmin>101</xmin>
      <ymin>53</ymin>
      <xmax>136</xmax>
      <ymax>113</ymax>
    </bndbox>
  </object>
  <object>
    <name>1</name>
    <pose>Unspecified</pose>
    <truncated>0</truncated>
    <difficult>0</difficult>
    <bndbox>
      <xmin>143</xmin>
      <ymin>53</ymin>
      <xmax>170</xmax>
      <ymax>112</ymax>
    </bndbox>
  </object>
  <object>
    <name>9</name>
    <pose>Unspecified</pose>
    <truncated>0</truncated>
    <difficult>0</difficult>
    <bndbox>
      <xmin>180</xmin>
      <ymin>51</ymin>
      <xmax>217</xmax>
      <ymax>113</ymax>
    </bndbox>
  </object>
</annotation>
