<annotation>
  <folder>LP</folder>
  <filename>055213142_P_T05</filename>
  <path>D:\SAT_LPR_DATA_2\T05_not_done\LP\055213142_P_T05.jpg</path>
  <source>
    <database>Unknown</database>
  </source>
  <size>
    <width>176</width>
    <height>115</height>
    <depth>1</depth>
  </size>
  <segmented>0</segmented>
  <object>
    <name>8</name>
    <pose>Unspecified</pose>
    <truncated>0</truncated>
    <difficult>0</difficult>
    <bndbox>
      <xmin>9</xmin>
      <ymin>33</ymin>
      <xmax>29</xmax>
      <ymax>74</ymax>
    </bndbox>
  </object>
  <object>
    <name>9</name>
    <pose>Unspecified</pose>
    <truncated>0</truncated>
    <difficult>0</difficult>
    <bndbox>
      <xmin>31</xmin>
      <ymin>36</ymin>
      <xmax>51</xmax>
      <ymax>76</ymax>
    </bndbox>
  </object>
  <object>
    <name>&#47784;</name>
    <pose>Unspecified</pose>
    <truncated>0</truncated>
    <difficult>0</difficult>
    <bndbox>
      <xmin>52</xmin>
      <ymin>45</ymin>
      <xmax>72</xmax>
      <ymax>79</ymax>
    </bndbox>
  </object>
  <object>
    <name>3</name>
    <pose>Unspecified</pose>
    <truncated>0</truncated>
    <difficult>0</difficult>
    <bndbox>
      <xmin>77</xmin>
      <ymin>41</ymin>
      <xmax>96</xmax>
      <ymax>82</ymax>
    </bndbox>
  </object>
  <object>
    <name>3</name>
    <pose>Unspecified</pose>
    <truncated>0</truncated>
    <difficult>0</difficult>
    <bndbox>
      <xmin>100</xmin>
      <ymin>43</ymin>
      <xmax>120</xmax>
      <ymax>85</ymax>
    </bndbox>
  </object>
  <object>
    <name>2</name>
    <pose>Unspecified</pose>
    <truncated>0</truncated>
    <difficult>0</difficult>
    <bndbox>
      <xmin>123</xmin>
      <ymin>45</ymin>
      <xmax>142</xmax>
      <ymax>88</ymax>
    </bndbox>
  </object>
  <object>
    <name>5</name>
    <pose>Unspecified</pose>
    <truncated>0</truncated>
    <difficult>0</difficult>
    <bndbox>
      <xmin>145</xmin>
      <ymin>48</ymin>
      <xmax>165</xmax>
      <ymax>90</ymax>
    </bndbox>
  </object>
</annotation>
