<annotation>
  <folder>LP</folder>
  <filename>055258950_P_T05</filename>
  <path>D:\SAT_LPR_DATA_2\T05_not_done\LP\055258950_P_T05.jpg</path>
  <source>
    <database>Unknown</database>
  </source>
  <size>
    <width>189</width>
    <height>111</height>
    <depth>1</depth>
  </size>
  <segmented>0</segmented>
  <object>
    <name>8</name>
    <pose>Unspecified</pose>
    <truncated>0</truncated>
    <difficult>0</difficult>
    <bndbox>
      <xmin>13</xmin>
      <ymin>34</ymin>
      <xmax>33</xmax>
      <ymax>76</ymax>
    </bndbox>
  </object>
  <object>
    <name>8</name>
    <pose>Unspecified</pose>
    <truncated>0</truncated>
    <difficult>0</difficult>
    <bndbox>
      <xmin>35</xmin>
      <ymin>36</ymin>
      <xmax>56</xmax>
      <ymax>78</ymax>
    </bndbox>
  </object>
  <object>
    <name>&#47784;</name>
    <pose>Unspecified</pose>
    <truncated>0</truncated>
    <difficult>0</difficult>
    <bndbox>
      <xmin>58</xmin>
      <ymin>45</ymin>
      <xmax>78</xmax>
      <ymax>80</ymax>
    </bndbox>
  </object>
  <object>
    <name>4</name>
    <pose>Unspecified</pose>
    <truncated>0</truncated>
    <difficult>0</difficult>
    <bndbox>
      <xmin>82</xmin>
      <ymin>40</ymin>
      <xmax>105</xmax>
      <ymax>82</ymax>
    </bndbox>
  </object>
  <object>
    <name>9</name>
    <pose>Unspecified</pose>
    <truncated>0</truncated>
    <difficult>0</difficult>
    <bndbox>
      <xmin>107</xmin>
      <ymin>41</ymin>
      <xmax>128</xmax>
      <ymax>82</ymax>
    </bndbox>
  </object>
  <object>
    <name>9</name>
    <pose>Unspecified</pose>
    <truncated>0</truncated>
    <difficult>0</difficult>
    <bndbox>
      <xmin>131</xmin>
      <ymin>42</ymin>
      <xmax>152</xmax>
      <ymax>84</ymax>
    </bndbox>
  </object>
  <object>
    <name>9</name>
    <pose>Unspecified</pose>
    <truncated>0</truncated>
    <difficult>0</difficult>
    <bndbox>
      <xmin>154</xmin>
      <ymin>44</ymin>
      <xmax>176</xmax>
      <ymax>85</ymax>
    </bndbox>
  </object>
</annotation>
