<annotation>
  <folder>LP</folder>
  <filename>055335_P_T18</filename>
  <path>D:\ALBA\2.SAT_LPR_DATA\T18_not_done\LP\055335_P_T18.jpg</path>
  <source>
    <database>Unknown</database>
  </source>
  <size>
    <width>272</width>
    <height>152</height>
    <depth>1</depth>
  </size>
  <segmented>0</segmented>
  <object>
    <name>&#49436;&#50872;_O</name>
    <pose>Unspecified</pose>
    <truncated>0</truncated>
    <difficult>0</difficult>
    <bndbox>
      <xmin>74</xmin>
      <ymin>15</ymin>
      <xmax>136</xmax>
      <ymax>49</ymax>
    </bndbox>
  </object>
  <object>
    <name>3</name>
    <pose>Unspecified</pose>
    <truncated>0</truncated>
    <difficult>0</difficult>
    <bndbox>
      <xmin>142</xmin>
      <ymin>16</ymin>
      <xmax>170</xmax>
      <ymax>53</ymax>
    </bndbox>
  </object>
  <object>
    <name>5</name>
    <pose>Unspecified</pose>
    <truncated>0</truncated>
    <difficult>0</difficult>
    <bndbox>
      <xmin>174</xmin>
      <ymin>17</ymin>
      <xmax>200</xmax>
      <ymax>54</ymax>
    </bndbox>
  </object>
  <object>
    <name>&#54728;</name>
    <pose>Unspecified</pose>
    <truncated>0</truncated>
    <difficult>0</difficult>
    <bndbox>
      <xmin>18</xmin>
      <ymin>52</ymin>
      <xmax>66</xmax>
      <ymax>106</ymax>
    </bndbox>
  </object>
  <object>
    <name>4</name>
    <pose>Unspecified</pose>
    <truncated>0</truncated>
    <difficult>0</difficult>
    <bndbox>
      <xmin>78</xmin>
      <ymin>55</ymin>
      <xmax>120</xmax>
      <ymax>134</ymax>
    </bndbox>
  </object>
  <object>
    <name>9</name>
    <pose>Unspecified</pose>
    <truncated>0</truncated>
    <difficult>0</difficult>
    <bndbox>
      <xmin>123</xmin>
      <ymin>59</ymin>
      <xmax>164</xmax>
      <ymax>137</ymax>
    </bndbox>
  </object>
  <object>
    <name>7</name>
    <pose>Unspecified</pose>
    <truncated>0</truncated>
    <difficult>0</difficult>
    <bndbox>
      <xmin>167</xmin>
      <ymin>59</ymin>
      <xmax>211</xmax>
      <ymax>137</ymax>
    </bndbox>
  </object>
  <object>
    <name>2</name>
    <pose>Unspecified</pose>
    <truncated>0</truncated>
    <difficult>0</difficult>
    <bndbox>
      <xmin>214</xmin>
      <ymin>61</ymin>
      <xmax>255</xmax>
      <ymax>142</ymax>
    </bndbox>
  </object>
</annotation>
