<annotation>
  <folder>LP</folder>
  <filename>055537764_P_T05</filename>
  <path>D:\SAT_LPR_DATA_2\T05_not_done\LP\055537764_P_T05.jpg</path>
  <source>
    <database>Unknown</database>
  </source>
  <size>
    <width>224</width>
    <height>129</height>
    <depth>1</depth>
  </size>
  <segmented>0</segmented>
  <object>
    <name>8</name>
    <pose>Unspecified</pose>
    <truncated>0</truncated>
    <difficult>0</difficult>
    <bndbox>
      <xmin>19</xmin>
      <ymin>42</ymin>
      <xmax>44</xmax>
      <ymax>93</ymax>
    </bndbox>
  </object>
  <object>
    <name>4</name>
    <pose>Unspecified</pose>
    <truncated>0</truncated>
    <difficult>0</difficult>
    <bndbox>
      <xmin>43</xmin>
      <ymin>43</ymin>
      <xmax>71</xmax>
      <ymax>95</ymax>
    </bndbox>
  </object>
  <object>
    <name>&#48512;</name>
    <pose>Unspecified</pose>
    <truncated>0</truncated>
    <difficult>0</difficult>
    <bndbox>
      <xmin>71</xmin>
      <ymin>54</ymin>
      <xmax>96</xmax>
      <ymax>96</ymax>
    </bndbox>
  </object>
  <object>
    <name>9</name>
    <pose>Unspecified</pose>
    <truncated>0</truncated>
    <difficult>0</difficult>
    <bndbox>
      <xmin>98</xmin>
      <ymin>46</ymin>
      <xmax>123</xmax>
      <ymax>97</ymax>
    </bndbox>
  </object>
  <object>
    <name>0</name>
    <pose>Unspecified</pose>
    <truncated>0</truncated>
    <difficult>0</difficult>
    <bndbox>
      <xmin>125</xmin>
      <ymin>48</ymin>
      <xmax>150</xmax>
      <ymax>100</ymax>
    </bndbox>
  </object>
  <object>
    <name>7</name>
    <pose>Unspecified</pose>
    <truncated>0</truncated>
    <difficult>0</difficult>
    <bndbox>
      <xmin>151</xmin>
      <ymin>49</ymin>
      <xmax>175</xmax>
      <ymax>102</ymax>
    </bndbox>
  </object>
  <object>
    <name>6</name>
    <pose>Unspecified</pose>
    <truncated>0</truncated>
    <difficult>0</difficult>
    <bndbox>
      <xmin>179</xmin>
      <ymin>52</ymin>
      <xmax>204</xmax>
      <ymax>104</ymax>
    </bndbox>
  </object>
</annotation>
