<annotation>
  <folder>LP</folder>
  <filename>055546644_P_T05</filename>
  <path>D:\SAT_LPR_DATA_2\T05_not_done\LP\055546644_P_T05.jpg</path>
  <source>
    <database>Unknown</database>
  </source>
  <size>
    <width>228</width>
    <height>112</height>
    <depth>1</depth>
  </size>
  <segmented>0</segmented>
  <object>
    <name>9</name>
    <pose>Unspecified</pose>
    <truncated>0</truncated>
    <difficult>0</difficult>
    <bndbox>
      <xmin>13</xmin>
      <ymin>39</ymin>
      <xmax>36</xmax>
      <ymax>90</ymax>
    </bndbox>
  </object>
  <object>
    <name>7</name>
    <pose>Unspecified</pose>
    <truncated>0</truncated>
    <difficult>0</difficult>
    <bndbox>
      <xmin>40</xmin>
      <ymin>40</ymin>
      <xmax>63</xmax>
      <ymax>90</ymax>
    </bndbox>
  </object>
  <object>
    <name>&#45208;</name>
    <pose>Unspecified</pose>
    <truncated>0</truncated>
    <difficult>0</difficult>
    <bndbox>
      <xmin>68</xmin>
      <ymin>49</ymin>
      <xmax>94</xmax>
      <ymax>90</ymax>
    </bndbox>
  </object>
  <object>
    <name>9</name>
    <pose>Unspecified</pose>
    <truncated>0</truncated>
    <difficult>0</difficult>
    <bndbox>
      <xmin>98</xmin>
      <ymin>39</ymin>
      <xmax>124</xmax>
      <ymax>91</ymax>
    </bndbox>
  </object>
  <object>
    <name>9</name>
    <pose>Unspecified</pose>
    <truncated>0</truncated>
    <difficult>0</difficult>
    <bndbox>
      <xmin>127</xmin>
      <ymin>39</ymin>
      <xmax>154</xmax>
      <ymax>91</ymax>
    </bndbox>
  </object>
  <object>
    <name>6</name>
    <pose>Unspecified</pose>
    <truncated>0</truncated>
    <difficult>0</difficult>
    <bndbox>
      <xmin>159</xmin>
      <ymin>39</ymin>
      <xmax>186</xmax>
      <ymax>90</ymax>
    </bndbox>
  </object>
  <object>
    <name>4</name>
    <pose>Unspecified</pose>
    <truncated>0</truncated>
    <difficult>0</difficult>
    <bndbox>
      <xmin>190</xmin>
      <ymin>39</ymin>
      <xmax>216</xmax>
      <ymax>90</ymax>
    </bndbox>
  </object>
</annotation>
