<annotation>
  <folder>LP</folder>
  <filename>055630000_P_T05</filename>
  <path>D:\SAT_LPR_DATA_2\T05_not_done\LP\055630000_P_T05.jpg</path>
  <source>
    <database>Unknown</database>
  </source>
  <size>
    <width>243</width>
    <height>123</height>
    <depth>1</depth>
  </size>
  <segmented>0</segmented>
  <object>
    <name>9</name>
    <pose>Unspecified</pose>
    <truncated>0</truncated>
    <difficult>0</difficult>
    <bndbox>
      <xmin>18</xmin>
      <ymin>43</ymin>
      <xmax>45</xmax>
      <ymax>99</ymax>
    </bndbox>
  </object>
  <object>
    <name>7</name>
    <pose>Unspecified</pose>
    <truncated>0</truncated>
    <difficult>0</difficult>
    <bndbox>
      <xmin>47</xmin>
      <ymin>42</ymin>
      <xmax>73</xmax>
      <ymax>97</ymax>
    </bndbox>
  </object>
  <object>
    <name>&#45208;</name>
    <pose>Unspecified</pose>
    <truncated>0</truncated>
    <difficult>0</difficult>
    <bndbox>
      <xmin>77</xmin>
      <ymin>51</ymin>
      <xmax>106</xmax>
      <ymax>96</ymax>
    </bndbox>
  </object>
  <object>
    <name>0</name>
    <pose>Unspecified</pose>
    <truncated>0</truncated>
    <difficult>0</difficult>
    <bndbox>
      <xmin>111</xmin>
      <ymin>38</ymin>
      <xmax>141</xmax>
      <ymax>95</ymax>
    </bndbox>
  </object>
  <object>
    <name>5</name>
    <pose>Unspecified</pose>
    <truncated>0</truncated>
    <difficult>0</difficult>
    <bndbox>
      <xmin>143</xmin>
      <ymin>37</ymin>
      <xmax>171</xmax>
      <ymax>95</ymax>
    </bndbox>
  </object>
  <object>
    <name>0</name>
    <pose>Unspecified</pose>
    <truncated>0</truncated>
    <difficult>0</difficult>
    <bndbox>
      <xmin>172</xmin>
      <ymin>35</ymin>
      <xmax>202</xmax>
      <ymax>92</ymax>
    </bndbox>
  </object>
  <object>
    <name>0</name>
    <pose>Unspecified</pose>
    <truncated>0</truncated>
    <difficult>0</difficult>
    <bndbox>
      <xmin>203</xmin>
      <ymin>33</ymin>
      <xmax>233</xmax>
      <ymax>91</ymax>
    </bndbox>
  </object>
</annotation>
