<annotation>
  <folder>LP</folder>
  <filename>055646160_P_T05</filename>
  <path>D:\SAT_LPR_DATA_2\T05_not_done\LP\055646160_P_T05.jpg</path>
  <source>
    <database>Unknown</database>
  </source>
  <size>
    <width>212</width>
    <height>119</height>
    <depth>1</depth>
  </size>
  <segmented>0</segmented>
  <object>
    <name>8</name>
    <pose>Unspecified</pose>
    <truncated>0</truncated>
    <difficult>0</difficult>
    <bndbox>
      <xmin>11</xmin>
      <ymin>39</ymin>
      <xmax>34</xmax>
      <ymax>91</ymax>
    </bndbox>
  </object>
  <object>
    <name>4</name>
    <pose>Unspecified</pose>
    <truncated>0</truncated>
    <difficult>0</difficult>
    <bndbox>
      <xmin>37</xmin>
      <ymin>40</ymin>
      <xmax>62</xmax>
      <ymax>93</ymax>
    </bndbox>
  </object>
  <object>
    <name>&#47336;</name>
    <pose>Unspecified</pose>
    <truncated>0</truncated>
    <difficult>0</difficult>
    <bndbox>
      <xmin>64</xmin>
      <ymin>50</ymin>
      <xmax>87</xmax>
      <ymax>92</ymax>
    </bndbox>
  </object>
  <object>
    <name>5</name>
    <pose>Unspecified</pose>
    <truncated>0</truncated>
    <difficult>0</difficult>
    <bndbox>
      <xmin>93</xmin>
      <ymin>42</ymin>
      <xmax>117</xmax>
      <ymax>93</ymax>
    </bndbox>
  </object>
  <object>
    <name>7</name>
    <pose>Unspecified</pose>
    <truncated>0</truncated>
    <difficult>0</difficult>
    <bndbox>
      <xmin>119</xmin>
      <ymin>42</ymin>
      <xmax>145</xmax>
      <ymax>95</ymax>
    </bndbox>
  </object>
  <object>
    <name>1</name>
    <pose>Unspecified</pose>
    <truncated>0</truncated>
    <difficult>0</difficult>
    <bndbox>
      <xmin>149</xmin>
      <ymin>43</ymin>
      <xmax>174</xmax>
      <ymax>95</ymax>
    </bndbox>
  </object>
  <object>
    <name>6</name>
    <pose>Unspecified</pose>
    <truncated>0</truncated>
    <difficult>0</difficult>
    <bndbox>
      <xmin>176</xmin>
      <ymin>43</ymin>
      <xmax>202</xmax>
      <ymax>96</ymax>
    </bndbox>
  </object>
</annotation>
