<annotation>
  <folder>LP</folder>
  <filename>055755758_P_T05</filename>
  <path>D:\SAT_LPR_DATA_2\T05_not_done\LP\055755758_P_T05.jpg</path>
  <source>
    <database>Unknown</database>
  </source>
  <size>
    <width>235</width>
    <height>121</height>
    <depth>1</depth>
  </size>
  <segmented>0</segmented>
  <object>
    <name>9</name>
    <pose>Unspecified</pose>
    <truncated>0</truncated>
    <difficult>0</difficult>
    <bndbox>
      <xmin>20</xmin>
      <ymin>45</ymin>
      <xmax>47</xmax>
      <ymax>92</ymax>
    </bndbox>
  </object>
  <object>
    <name>5</name>
    <pose>Unspecified</pose>
    <truncated>0</truncated>
    <difficult>0</difficult>
    <bndbox>
      <xmin>50</xmin>
      <ymin>44</ymin>
      <xmax>77</xmax>
      <ymax>93</ymax>
    </bndbox>
  </object>
  <object>
    <name>&#51312;</name>
    <pose>Unspecified</pose>
    <truncated>0</truncated>
    <difficult>0</difficult>
    <bndbox>
      <xmin>78</xmin>
      <ymin>52</ymin>
      <xmax>105</xmax>
      <ymax>93</ymax>
    </bndbox>
  </object>
  <object>
    <name>1</name>
    <pose>Unspecified</pose>
    <truncated>0</truncated>
    <difficult>0</difficult>
    <bndbox>
      <xmin>105</xmin>
      <ymin>43</ymin>
      <xmax>134</xmax>
      <ymax>92</ymax>
    </bndbox>
  </object>
  <object>
    <name>5</name>
    <pose>Unspecified</pose>
    <truncated>0</truncated>
    <difficult>0</difficult>
    <bndbox>
      <xmin>136</xmin>
      <ymin>42</ymin>
      <xmax>162</xmax>
      <ymax>92</ymax>
    </bndbox>
  </object>
  <object>
    <name>7</name>
    <pose>Unspecified</pose>
    <truncated>0</truncated>
    <difficult>0</difficult>
    <bndbox>
      <xmin>162</xmin>
      <ymin>41</ymin>
      <xmax>186</xmax>
      <ymax>90</ymax>
    </bndbox>
  </object>
  <object>
    <name>7</name>
    <pose>Unspecified</pose>
    <truncated>0</truncated>
    <difficult>0</difficult>
    <bndbox>
      <xmin>188</xmin>
      <ymin>40</ymin>
      <xmax>215</xmax>
      <ymax>90</ymax>
    </bndbox>
  </object>
</annotation>
