<annotation>
  <folder>LP</folder>
  <filename>055748024_P_T05</filename>
  <path>D:\SAT_LPR_DATA_2\T05_not_done\LP\055748024_P_T05.jpg</path>
  <source>
    <database>Unknown</database>
  </source>
  <size>
    <width>176</width>
    <height>106</height>
    <depth>1</depth>
  </size>
  <segmented>0</segmented>
  <object>
    <name>9</name>
    <pose>Unspecified</pose>
    <truncated>0</truncated>
    <difficult>0</difficult>
    <bndbox>
      <xmin>12</xmin>
      <ymin>34</ymin>
      <xmax>32</xmax>
      <ymax>73</ymax>
    </bndbox>
  </object>
  <object>
    <name>5</name>
    <pose>Unspecified</pose>
    <truncated>0</truncated>
    <difficult>0</difficult>
    <bndbox>
      <xmin>34</xmin>
      <ymin>37</ymin>
      <xmax>54</xmax>
      <ymax>76</ymax>
    </bndbox>
  </object>
  <object>
    <name>&#49688;</name>
    <pose>Unspecified</pose>
    <truncated>0</truncated>
    <difficult>0</difficult>
    <bndbox>
      <xmin>56</xmin>
      <ymin>45</ymin>
      <xmax>75</xmax>
      <ymax>78</ymax>
    </bndbox>
  </object>
  <object>
    <name>8</name>
    <pose>Unspecified</pose>
    <truncated>0</truncated>
    <difficult>0</difficult>
    <bndbox>
      <xmin>80</xmin>
      <ymin>41</ymin>
      <xmax>101</xmax>
      <ymax>82</ymax>
    </bndbox>
  </object>
  <object>
    <name>2</name>
    <pose>Unspecified</pose>
    <truncated>0</truncated>
    <difficult>0</difficult>
    <bndbox>
      <xmin>103</xmin>
      <ymin>44</ymin>
      <xmax>122</xmax>
      <ymax>85</ymax>
    </bndbox>
  </object>
  <object>
    <name>2</name>
    <pose>Unspecified</pose>
    <truncated>0</truncated>
    <difficult>0</difficult>
    <bndbox>
      <xmin>125</xmin>
      <ymin>47</ymin>
      <xmax>144</xmax>
      <ymax>88</ymax>
    </bndbox>
  </object>
  <object>
    <name>6</name>
    <pose>Unspecified</pose>
    <truncated>0</truncated>
    <difficult>0</difficult>
    <bndbox>
      <xmin>147</xmin>
      <ymin>51</ymin>
      <xmax>167</xmax>
      <ymax>91</ymax>
    </bndbox>
  </object>
</annotation>
