<annotation>
  <folder>LP</folder>
  <filename>055730845_P_T05</filename>
  <path>D:\SAT_LPR_DATA_2\T05_not_done\LP\055730845_P_T05.jpg</path>
  <source>
    <database>Unknown</database>
  </source>
  <size>
    <width>197</width>
    <height>105</height>
    <depth>1</depth>
  </size>
  <segmented>0</segmented>
  <object>
    <name>9</name>
    <pose>Unspecified</pose>
    <truncated>0</truncated>
    <difficult>0</difficult>
    <bndbox>
      <xmin>11</xmin>
      <ymin>35</ymin>
      <xmax>33</xmax>
      <ymax>80</ymax>
    </bndbox>
  </object>
  <object>
    <name>4</name>
    <pose>Unspecified</pose>
    <truncated>0</truncated>
    <difficult>0</difficult>
    <bndbox>
      <xmin>34</xmin>
      <ymin>38</ymin>
      <xmax>58</xmax>
      <ymax>81</ymax>
    </bndbox>
  </object>
  <object>
    <name>&#46020;</name>
    <pose>Unspecified</pose>
    <truncated>0</truncated>
    <difficult>0</difficult>
    <bndbox>
      <xmin>61</xmin>
      <ymin>45</ymin>
      <xmax>82</xmax>
      <ymax>82</ymax>
    </bndbox>
  </object>
  <object>
    <name>6</name>
    <pose>Unspecified</pose>
    <truncated>0</truncated>
    <difficult>0</difficult>
    <bndbox>
      <xmin>87</xmin>
      <ymin>39</ymin>
      <xmax>109</xmax>
      <ymax>83</ymax>
    </bndbox>
  </object>
  <object>
    <name>4</name>
    <pose>Unspecified</pose>
    <truncated>0</truncated>
    <difficult>0</difficult>
    <bndbox>
      <xmin>111</xmin>
      <ymin>40</ymin>
      <xmax>134</xmax>
      <ymax>84</ymax>
    </bndbox>
  </object>
  <object>
    <name>2</name>
    <pose>Unspecified</pose>
    <truncated>0</truncated>
    <difficult>0</difficult>
    <bndbox>
      <xmin>138</xmin>
      <ymin>40</ymin>
      <xmax>158</xmax>
      <ymax>84</ymax>
    </bndbox>
  </object>
  <object>
    <name>2</name>
    <pose>Unspecified</pose>
    <truncated>0</truncated>
    <difficult>0</difficult>
    <bndbox>
      <xmin>163</xmin>
      <ymin>41</ymin>
      <xmax>184</xmax>
      <ymax>85</ymax>
    </bndbox>
  </object>
</annotation>
