<annotation>
  <folder>LP</folder>
  <filename>055828768_P_T05</filename>
  <path>D:\SAT_LPR_DATA_2\T05_not_done\LP\055828768_P_T05.jpg</path>
  <source>
    <database>Unknown</database>
  </source>
  <size>
    <width>178</width>
    <height>99</height>
    <depth>1</depth>
  </size>
  <segmented>0</segmented>
  <object>
    <name>9</name>
    <pose>Unspecified</pose>
    <truncated>0</truncated>
    <difficult>0</difficult>
    <bndbox>
      <xmin>10</xmin>
      <ymin>35</ymin>
      <xmax>30</xmax>
      <ymax>77</ymax>
    </bndbox>
  </object>
  <object>
    <name>2</name>
    <pose>Unspecified</pose>
    <truncated>0</truncated>
    <difficult>0</difficult>
    <bndbox>
      <xmin>33</xmin>
      <ymin>35</ymin>
      <xmax>52</xmax>
      <ymax>78</ymax>
    </bndbox>
  </object>
  <object>
    <name>&#45572;</name>
    <pose>Unspecified</pose>
    <truncated>0</truncated>
    <difficult>0</difficult>
    <bndbox>
      <xmin>53</xmin>
      <ymin>44</ymin>
      <xmax>74</xmax>
      <ymax>79</ymax>
    </bndbox>
  </object>
  <object>
    <name>5</name>
    <pose>Unspecified</pose>
    <truncated>0</truncated>
    <difficult>0</difficult>
    <bndbox>
      <xmin>77</xmin>
      <ymin>37</ymin>
      <xmax>98</xmax>
      <ymax>79</ymax>
    </bndbox>
  </object>
  <object>
    <name>9</name>
    <pose>Unspecified</pose>
    <truncated>0</truncated>
    <difficult>0</difficult>
    <bndbox>
      <xmin>99</xmin>
      <ymin>36</ymin>
      <xmax>119</xmax>
      <ymax>80</ymax>
    </bndbox>
  </object>
  <object>
    <name>2</name>
    <pose>Unspecified</pose>
    <truncated>0</truncated>
    <difficult>0</difficult>
    <bndbox>
      <xmin>120</xmin>
      <ymin>37</ymin>
      <xmax>141</xmax>
      <ymax>81</ymax>
    </bndbox>
  </object>
  <object>
    <name>6</name>
    <pose>Unspecified</pose>
    <truncated>0</truncated>
    <difficult>0</difficult>
    <bndbox>
      <xmin>143</xmin>
      <ymin>37</ymin>
      <xmax>163</xmax>
      <ymax>81</ymax>
    </bndbox>
  </object>
</annotation>
