<annotation>
  <folder>LP</folder>
  <filename>055802113_P_T05</filename>
  <path>D:\SAT_LPR_DATA_2\T05_not_done\LP\055802113_P_T05.jpg</path>
  <source>
    <database>Unknown</database>
  </source>
  <size>
    <width>212</width>
    <height>132</height>
    <depth>1</depth>
  </size>
  <segmented>0</segmented>
  <object>
    <name>8</name>
    <pose>Unspecified</pose>
    <truncated>0</truncated>
    <difficult>0</difficult>
    <bndbox>
      <xmin>13</xmin>
      <ymin>44</ymin>
      <xmax>38</xmax>
      <ymax>98</ymax>
    </bndbox>
  </object>
  <object>
    <name>1</name>
    <pose>Unspecified</pose>
    <truncated>0</truncated>
    <difficult>0</difficult>
    <bndbox>
      <xmin>43</xmin>
      <ymin>48</ymin>
      <xmax>68</xmax>
      <ymax>100</ymax>
    </bndbox>
  </object>
  <object>
    <name>&#51200;</name>
    <pose>Unspecified</pose>
    <truncated>0</truncated>
    <difficult>0</difficult>
    <bndbox>
      <xmin>69</xmin>
      <ymin>59</ymin>
      <xmax>91</xmax>
      <ymax>101</ymax>
    </bndbox>
  </object>
  <object>
    <name>8</name>
    <pose>Unspecified</pose>
    <truncated>0</truncated>
    <difficult>0</difficult>
    <bndbox>
      <xmin>96</xmin>
      <ymin>50</ymin>
      <xmax>121</xmax>
      <ymax>103</ymax>
    </bndbox>
  </object>
  <object>
    <name>0</name>
    <pose>Unspecified</pose>
    <truncated>0</truncated>
    <difficult>0</difficult>
    <bndbox>
      <xmin>124</xmin>
      <ymin>52</ymin>
      <xmax>148</xmax>
      <ymax>105</ymax>
    </bndbox>
  </object>
  <object>
    <name>5</name>
    <pose>Unspecified</pose>
    <truncated>0</truncated>
    <difficult>0</difficult>
    <bndbox>
      <xmin>152</xmin>
      <ymin>53</ymin>
      <xmax>175</xmax>
      <ymax>107</ymax>
    </bndbox>
  </object>
  <object>
    <name>8</name>
    <pose>Unspecified</pose>
    <truncated>0</truncated>
    <difficult>0</difficult>
    <bndbox>
      <xmin>179</xmin>
      <ymin>54</ymin>
      <xmax>202</xmax>
      <ymax>109</ymax>
    </bndbox>
  </object>
</annotation>
