<annotation>
  <folder>LP</folder>
  <filename>055902120_P_T05</filename>
  <path>D:\SAT_LPR_DATA_2\T05_not_done\LP\055902120_P_T05.jpg</path>
  <source>
    <database>Unknown</database>
  </source>
  <size>
    <width>252</width>
    <height>135</height>
    <depth>1</depth>
  </size>
  <segmented>0</segmented>
  <object>
    <name>9</name>
    <pose>Unspecified</pose>
    <truncated>0</truncated>
    <difficult>0</difficult>
    <bndbox>
      <xmin>16</xmin>
      <ymin>50</ymin>
      <xmax>43</xmax>
      <ymax>107</ymax>
    </bndbox>
  </object>
  <object>
    <name>7</name>
    <pose>Unspecified</pose>
    <truncated>0</truncated>
    <difficult>0</difficult>
    <bndbox>
      <xmin>45</xmin>
      <ymin>50</ymin>
      <xmax>73</xmax>
      <ymax>106</ymax>
    </bndbox>
  </object>
  <object>
    <name>&#45208;</name>
    <pose>Unspecified</pose>
    <truncated>0</truncated>
    <difficult>0</difficult>
    <bndbox>
      <xmin>77</xmin>
      <ymin>58</ymin>
      <xmax>107</xmax>
      <ymax>105</ymax>
    </bndbox>
  </object>
  <object>
    <name>0</name>
    <pose>Unspecified</pose>
    <truncated>0</truncated>
    <difficult>0</difficult>
    <bndbox>
      <xmin>111</xmin>
      <ymin>46</ymin>
      <xmax>140</xmax>
      <ymax>104</ymax>
    </bndbox>
  </object>
  <object>
    <name>5</name>
    <pose>Unspecified</pose>
    <truncated>0</truncated>
    <difficult>0</difficult>
    <bndbox>
      <xmin>143</xmin>
      <ymin>45</ymin>
      <xmax>172</xmax>
      <ymax>104</ymax>
    </bndbox>
  </object>
  <object>
    <name>0</name>
    <pose>Unspecified</pose>
    <truncated>0</truncated>
    <difficult>0</difficult>
    <bndbox>
      <xmin>174</xmin>
      <ymin>43</ymin>
      <xmax>203</xmax>
      <ymax>102</ymax>
    </bndbox>
  </object>
  <object>
    <name>0</name>
    <pose>Unspecified</pose>
    <truncated>0</truncated>
    <difficult>0</difficult>
    <bndbox>
      <xmin>205</xmin>
      <ymin>41</ymin>
      <xmax>235</xmax>
      <ymax>101</ymax>
    </bndbox>
  </object>
</annotation>
