<annotation>
  <folder>LP</folder>
  <filename>055952680_P_T05</filename>
  <path>D:\SAT_LPR_DATA_2\T05_not_done\LP\055952680_P_T05.jpg</path>
  <source>
    <database>Unknown</database>
  </source>
  <size>
    <width>220</width>
    <height>127</height>
    <depth>1</depth>
  </size>
  <segmented>0</segmented>
  <object>
    <name>9</name>
    <pose>Unspecified</pose>
    <truncated>0</truncated>
    <difficult>0</difficult>
    <bndbox>
      <xmin>13</xmin>
      <ymin>39</ymin>
      <xmax>39</xmax>
      <ymax>89</ymax>
    </bndbox>
  </object>
  <object>
    <name>8</name>
    <pose>Unspecified</pose>
    <truncated>0</truncated>
    <difficult>0</difficult>
    <bndbox>
      <xmin>41</xmin>
      <ymin>40</ymin>
      <xmax>66</xmax>
      <ymax>91</ymax>
    </bndbox>
  </object>
  <object>
    <name>&#49688;</name>
    <pose>Unspecified</pose>
    <truncated>0</truncated>
    <difficult>0</difficult>
    <bndbox>
      <xmin>69</xmin>
      <ymin>51</ymin>
      <xmax>92</xmax>
      <ymax>92</ymax>
    </bndbox>
  </object>
  <object>
    <name>9</name>
    <pose>Unspecified</pose>
    <truncated>0</truncated>
    <difficult>0</difficult>
    <bndbox>
      <xmin>96</xmin>
      <ymin>43</ymin>
      <xmax>121</xmax>
      <ymax>95</ymax>
    </bndbox>
  </object>
  <object>
    <name>7</name>
    <pose>Unspecified</pose>
    <truncated>0</truncated>
    <difficult>0</difficult>
    <bndbox>
      <xmin>124</xmin>
      <ymin>44</ymin>
      <xmax>147</xmax>
      <ymax>96</ymax>
    </bndbox>
  </object>
  <object>
    <name>8</name>
    <pose>Unspecified</pose>
    <truncated>0</truncated>
    <difficult>0</difficult>
    <bndbox>
      <xmin>151</xmin>
      <ymin>46</ymin>
      <xmax>177</xmax>
      <ymax>98</ymax>
    </bndbox>
  </object>
  <object>
    <name>5</name>
    <pose>Unspecified</pose>
    <truncated>0</truncated>
    <difficult>0</difficult>
    <bndbox>
      <xmin>180</xmin>
      <ymin>48</ymin>
      <xmax>203</xmax>
      <ymax>101</ymax>
    </bndbox>
  </object>
</annotation>
