<annotation>
  <folder>LP</folder>
  <filename>055934964_P_T05</filename>
  <path>D:\SAT_LPR_DATA_2\T05_not_done\LP\055934964_P_T05.jpg</path>
  <source>
    <database>Unknown</database>
  </source>
  <size>
    <width>187</width>
    <height>97</height>
    <depth>1</depth>
  </size>
  <segmented>0</segmented>
  <object>
    <name>8</name>
    <pose>Unspecified</pose>
    <truncated>0</truncated>
    <difficult>0</difficult>
    <bndbox>
      <xmin>7</xmin>
      <ymin>28</ymin>
      <xmax>28</xmax>
      <ymax>72</ymax>
    </bndbox>
  </object>
  <object>
    <name>5</name>
    <pose>Unspecified</pose>
    <truncated>0</truncated>
    <difficult>0</difficult>
    <bndbox>
      <xmin>31</xmin>
      <ymin>30</ymin>
      <xmax>53</xmax>
      <ymax>73</ymax>
    </bndbox>
  </object>
  <object>
    <name>&#48260;</name>
    <pose>Unspecified</pose>
    <truncated>0</truncated>
    <difficult>0</difficult>
    <bndbox>
      <xmin>55</xmin>
      <ymin>39</ymin>
      <xmax>77</xmax>
      <ymax>74</ymax>
    </bndbox>
  </object>
  <object>
    <name>7</name>
    <pose>Unspecified</pose>
    <truncated>0</truncated>
    <difficult>0</difficult>
    <bndbox>
      <xmin>82</xmin>
      <ymin>33</ymin>
      <xmax>103</xmax>
      <ymax>76</ymax>
    </bndbox>
  </object>
  <object>
    <name>6</name>
    <pose>Unspecified</pose>
    <truncated>0</truncated>
    <difficult>0</difficult>
    <bndbox>
      <xmin>105</xmin>
      <ymin>35</ymin>
      <xmax>128</xmax>
      <ymax>78</ymax>
    </bndbox>
  </object>
  <object>
    <name>3</name>
    <pose>Unspecified</pose>
    <truncated>0</truncated>
    <difficult>0</difficult>
    <bndbox>
      <xmin>131</xmin>
      <ymin>36</ymin>
      <xmax>152</xmax>
      <ymax>80</ymax>
    </bndbox>
  </object>
  <object>
    <name>7</name>
    <pose>Unspecified</pose>
    <truncated>0</truncated>
    <difficult>0</difficult>
    <bndbox>
      <xmin>155</xmin>
      <ymin>38</ymin>
      <xmax>178</xmax>
      <ymax>81</ymax>
    </bndbox>
  </object>
</annotation>
