<annotation>
  <folder>LP</folder>
  <filename>060019941_P_T05</filename>
  <path>D:\SAT_LPR_DATA_2\T05_not_done\LP\060019941_P_T05.jpg</path>
  <source>
    <database>Unknown</database>
  </source>
  <size>
    <width>194</width>
    <height>105</height>
    <depth>1</depth>
  </size>
  <segmented>0</segmented>
  <object>
    <name>8</name>
    <pose>Unspecified</pose>
    <truncated>0</truncated>
    <difficult>0</difficult>
    <bndbox>
      <xmin>10</xmin>
      <ymin>35</ymin>
      <xmax>33</xmax>
      <ymax>78</ymax>
    </bndbox>
  </object>
  <object>
    <name>8</name>
    <pose>Unspecified</pose>
    <truncated>0</truncated>
    <difficult>0</difficult>
    <bndbox>
      <xmin>34</xmin>
      <ymin>35</ymin>
      <xmax>57</xmax>
      <ymax>79</ymax>
    </bndbox>
  </object>
  <object>
    <name>&#47784;</name>
    <pose>Unspecified</pose>
    <truncated>0</truncated>
    <difficult>0</difficult>
    <bndbox>
      <xmin>59</xmin>
      <ymin>45</ymin>
      <xmax>81</xmax>
      <ymax>81</ymax>
    </bndbox>
  </object>
  <object>
    <name>&#47784;</name>
    <pose>Unspecified</pose>
    <truncated>0</truncated>
    <difficult>0</difficult>
    <bndbox>
      <xmin>85</xmin>
      <ymin>39</ymin>
      <xmax>108</xmax>
      <ymax>82</ymax>
    </bndbox>
  </object>
  <object>
    <name>0</name>
    <pose>Unspecified</pose>
    <truncated>0</truncated>
    <difficult>0</difficult>
    <bndbox>
      <xmin>110</xmin>
      <ymin>39</ymin>
      <xmax>132</xmax>
      <ymax>84</ymax>
    </bndbox>
  </object>
  <object>
    <name>9</name>
    <pose>Unspecified</pose>
    <truncated>0</truncated>
    <difficult>0</difficult>
    <bndbox>
      <xmin>135</xmin>
      <ymin>41</ymin>
      <xmax>157</xmax>
      <ymax>85</ymax>
    </bndbox>
  </object>
  <object>
    <name>5</name>
    <pose>Unspecified</pose>
    <truncated>0</truncated>
    <difficult>0</difficult>
    <bndbox>
      <xmin>160</xmin>
      <ymin>43</ymin>
      <xmax>182</xmax>
      <ymax>86</ymax>
    </bndbox>
  </object>
</annotation>
