<annotation>
  <folder>LP</folder>
  <filename>060057303_P_T05</filename>
  <path>D:\SAT_LPR_DATA_2\T05_not_done\LP\060057303_P_T05.jpg</path>
  <source>
    <database>Unknown</database>
  </source>
  <size>
    <width>222</width>
    <height>131</height>
    <depth>1</depth>
  </size>
  <segmented>0</segmented>
  <object>
    <name>8</name>
    <pose>Unspecified</pose>
    <truncated>0</truncated>
    <difficult>0</difficult>
    <bndbox>
      <xmin>10</xmin>
      <ymin>41</ymin>
      <xmax>36</xmax>
      <ymax>94</ymax>
    </bndbox>
  </object>
  <object>
    <name>7</name>
    <pose>Unspecified</pose>
    <truncated>0</truncated>
    <difficult>0</difficult>
    <bndbox>
      <xmin>37</xmin>
      <ymin>44</ymin>
      <xmax>62</xmax>
      <ymax>95</ymax>
    </bndbox>
  </object>
  <object>
    <name>&#45796;</name>
    <pose>Unspecified</pose>
    <truncated>0</truncated>
    <difficult>0</difficult>
    <bndbox>
      <xmin>64</xmin>
      <ymin>55</ymin>
      <xmax>90</xmax>
      <ymax>98</ymax>
    </bndbox>
  </object>
  <object>
    <name>5</name>
    <pose>Unspecified</pose>
    <truncated>0</truncated>
    <difficult>0</difficult>
    <bndbox>
      <xmin>96</xmin>
      <ymin>47</ymin>
      <xmax>121</xmax>
      <ymax>100</ymax>
    </bndbox>
  </object>
  <object>
    <name>9</name>
    <pose>Unspecified</pose>
    <truncated>0</truncated>
    <difficult>0</difficult>
    <bndbox>
      <xmin>124</xmin>
      <ymin>49</ymin>
      <xmax>149</xmax>
      <ymax>102</ymax>
    </bndbox>
  </object>
  <object>
    <name>3</name>
    <pose>Unspecified</pose>
    <truncated>0</truncated>
    <difficult>0</difficult>
    <bndbox>
      <xmin>152</xmin>
      <ymin>51</ymin>
      <xmax>177</xmax>
      <ymax>105</ymax>
    </bndbox>
  </object>
  <object>
    <name>3</name>
    <pose>Unspecified</pose>
    <truncated>0</truncated>
    <difficult>0</difficult>
    <bndbox>
      <xmin>181</xmin>
      <ymin>52</ymin>
      <xmax>207</xmax>
      <ymax>107</ymax>
    </bndbox>
  </object>
</annotation>
