<annotation>
  <folder>LP</folder>
  <filename>060211627_P_T05</filename>
  <path>D:\SAT_LPR_DATA_2\T05_not_done\LP\060211627_P_T05.jpg</path>
  <source>
    <database>Unknown</database>
  </source>
  <size>
    <width>208</width>
    <height>118</height>
    <depth>1</depth>
  </size>
  <segmented>0</segmented>
  <object>
    <name>8</name>
    <pose>Unspecified</pose>
    <truncated>0</truncated>
    <difficult>0</difficult>
    <bndbox>
      <xmin>13</xmin>
      <ymin>37</ymin>
      <xmax>36</xmax>
      <ymax>88</ymax>
    </bndbox>
  </object>
  <object>
    <name>5</name>
    <pose>Unspecified</pose>
    <truncated>0</truncated>
    <difficult>0</difficult>
    <bndbox>
      <xmin>39</xmin>
      <ymin>39</ymin>
      <xmax>61</xmax>
      <ymax>90</ymax>
    </bndbox>
  </object>
  <object>
    <name>&#50864;</name>
    <pose>Unspecified</pose>
    <truncated>0</truncated>
    <difficult>0</difficult>
    <bndbox>
      <xmin>64</xmin>
      <ymin>50</ymin>
      <xmax>87</xmax>
      <ymax>91</ymax>
    </bndbox>
  </object>
  <object>
    <name>5</name>
    <pose>Unspecified</pose>
    <truncated>0</truncated>
    <difficult>0</difficult>
    <bndbox>
      <xmin>93</xmin>
      <ymin>43</ymin>
      <xmax>116</xmax>
      <ymax>94</ymax>
    </bndbox>
  </object>
  <object>
    <name>7</name>
    <pose>Unspecified</pose>
    <truncated>0</truncated>
    <difficult>0</difficult>
    <bndbox>
      <xmin>119</xmin>
      <ymin>44</ymin>
      <xmax>143</xmax>
      <ymax>95</ymax>
    </bndbox>
  </object>
  <object>
    <name>3</name>
    <pose>Unspecified</pose>
    <truncated>0</truncated>
    <difficult>0</difficult>
    <bndbox>
      <xmin>146</xmin>
      <ymin>46</ymin>
      <xmax>170</xmax>
      <ymax>97</ymax>
    </bndbox>
  </object>
  <object>
    <name>8</name>
    <pose>Unspecified</pose>
    <truncated>0</truncated>
    <difficult>0</difficult>
    <bndbox>
      <xmin>174</xmin>
      <ymin>47</ymin>
      <xmax>199</xmax>
      <ymax>99</ymax>
    </bndbox>
  </object>
</annotation>
