<annotation>
  <folder>LP</folder>
  <filename>060238168_P_T13</filename>
  <path>D:\SAT_LPR_DATA_2\T13_not_done\LP\060238168_P_T13.jpg</path>
  <source>
    <database>Unknown</database>
  </source>
  <size>
    <width>232</width>
    <height>123</height>
    <depth>1</depth>
  </size>
  <segmented>0</segmented>
  <object>
    <name>&#44221;&#45224;_D</name>
    <pose>Unspecified</pose>
    <truncated>0</truncated>
    <difficult>0</difficult>
    <bndbox>
      <xmin>59</xmin>
      <ymin>19</ymin>
      <xmax>174</xmax>
      <ymax>57</ymax>
    </bndbox>
  </object>
  <object>
    <name>0</name>
    <pose>Unspecified</pose>
    <truncated>0</truncated>
    <difficult>0</difficult>
    <bndbox>
      <xmin>13</xmin>
      <ymin>57</ymin>
      <xmax>40</xmax>
      <ymax>98</ymax>
    </bndbox>
  </object>
  <object>
    <name>6</name>
    <pose>Unspecified</pose>
    <truncated>0</truncated>
    <difficult>0</difficult>
    <bndbox>
      <xmin>44</xmin>
      <ymin>59</ymin>
      <xmax>72</xmax>
      <ymax>101</ymax>
    </bndbox>
  </object>
  <object>
    <name>&#46020;</name>
    <pose>Unspecified</pose>
    <truncated>0</truncated>
    <difficult>0</difficult>
    <bndbox>
      <xmin>72</xmin>
      <ymin>65</ymin>
      <xmax>95</xmax>
      <ymax>99</ymax>
    </bndbox>
  </object>
  <object>
    <name>1</name>
    <pose>Unspecified</pose>
    <truncated>0</truncated>
    <difficult>0</difficult>
    <bndbox>
      <xmin>96</xmin>
      <ymin>64</ymin>
      <xmax>120</xmax>
      <ymax>103</ymax>
    </bndbox>
  </object>
  <object>
    <name>9</name>
    <pose>Unspecified</pose>
    <truncated>0</truncated>
    <difficult>0</difficult>
    <bndbox>
      <xmin>125</xmin>
      <ymin>65</ymin>
      <xmax>154</xmax>
      <ymax>107</ymax>
    </bndbox>
  </object>
  <object>
    <name>7</name>
    <pose>Unspecified</pose>
    <truncated>0</truncated>
    <difficult>0</difficult>
    <bndbox>
      <xmin>158</xmin>
      <ymin>66</ymin>
      <xmax>187</xmax>
      <ymax>108</ymax>
    </bndbox>
  </object>
  <object>
    <name>6</name>
    <pose>Unspecified</pose>
    <truncated>0</truncated>
    <difficult>0</difficult>
    <bndbox>
      <xmin>189</xmin>
      <ymin>69</ymin>
      <xmax>219</xmax>
      <ymax>111</ymax>
    </bndbox>
  </object>
</annotation>
