<annotation>
  <folder>LP</folder>
  <filename>060250854_P_T05</filename>
  <path>D:\SAT_LPR_DATA_2\T05_not_done\LP\060250854_P_T05.jpg</path>
  <source>
    <database>Unknown</database>
  </source>
  <size>
    <width>184</width>
    <height>122</height>
    <depth>1</depth>
  </size>
  <segmented>0</segmented>
  <object>
    <name>9</name>
    <pose>Unspecified</pose>
    <truncated>0</truncated>
    <difficult>0</difficult>
    <bndbox>
      <xmin>10</xmin>
      <ymin>38</ymin>
      <xmax>30</xmax>
      <ymax>79</ymax>
    </bndbox>
  </object>
  <object>
    <name>7</name>
    <pose>Unspecified</pose>
    <truncated>0</truncated>
    <difficult>0</difficult>
    <bndbox>
      <xmin>33</xmin>
      <ymin>40</ymin>
      <xmax>53</xmax>
      <ymax>81</ymax>
    </bndbox>
  </object>
  <object>
    <name>&#45796;</name>
    <pose>Unspecified</pose>
    <truncated>0</truncated>
    <difficult>0</difficult>
    <bndbox>
      <xmin>54</xmin>
      <ymin>50</ymin>
      <xmax>74</xmax>
      <ymax>85</ymax>
    </bndbox>
  </object>
  <object>
    <name>4</name>
    <pose>Unspecified</pose>
    <truncated>0</truncated>
    <difficult>0</difficult>
    <bndbox>
      <xmin>79</xmin>
      <ymin>45</ymin>
      <xmax>100</xmax>
      <ymax>87</ymax>
    </bndbox>
  </object>
  <object>
    <name>8</name>
    <pose>Unspecified</pose>
    <truncated>0</truncated>
    <difficult>0</difficult>
    <bndbox>
      <xmin>103</xmin>
      <ymin>46</ymin>
      <xmax>124</xmax>
      <ymax>88</ymax>
    </bndbox>
  </object>
  <object>
    <name>1</name>
    <pose>Unspecified</pose>
    <truncated>0</truncated>
    <difficult>0</difficult>
    <bndbox>
      <xmin>128</xmin>
      <ymin>49</ymin>
      <xmax>148</xmax>
      <ymax>91</ymax>
    </bndbox>
  </object>
  <object>
    <name>5</name>
    <pose>Unspecified</pose>
    <truncated>0</truncated>
    <difficult>0</difficult>
    <bndbox>
      <xmin>150</xmin>
      <ymin>52</ymin>
      <xmax>172</xmax>
      <ymax>94</ymax>
    </bndbox>
  </object>
</annotation>
