<annotation>
  <folder>LP</folder>
  <filename>060335299_P_T14</filename>
  <path>D:\ALBA\2.SAT_LPR_DATA\T14_not_done\LP\060335299_P_T14.jpg</path>
  <source>
    <database>Unknown</database>
  </source>
  <size>
    <width>245</width>
    <height>140</height>
    <depth>1</depth>
  </size>
  <segmented>0</segmented>
  <object>
    <name>&#50689;</name>
    <pose>Unspecified</pose>
    <truncated>0</truncated>
    <difficult>0</difficult>
    <bndbox>
      <xmin>31</xmin>
      <ymin>25</ymin>
      <xmax>62</xmax>
      <ymax>56</ymax>
    </bndbox>
  </object>
  <object>
    <name>&#45824;&#51204;_D</name>
    <pose>Unspecified</pose>
    <truncated>0</truncated>
    <difficult>0</difficult>
    <bndbox>
      <xmin>68</xmin>
      <ymin>26</ymin>
      <xmax>181</xmax>
      <ymax>65</ymax>
    </bndbox>
  </object>
  <object>
    <name>0</name>
    <pose>Unspecified</pose>
    <truncated>0</truncated>
    <difficult>0</difficult>
    <bndbox>
      <xmin>17</xmin>
      <ymin>68</ymin>
      <xmax>46</xmax>
      <ymax>106</ymax>
    </bndbox>
  </object>
  <object>
    <name>6</name>
    <pose>Unspecified</pose>
    <truncated>0</truncated>
    <difficult>0</difficult>
    <bndbox>
      <xmin>45</xmin>
      <ymin>69</ymin>
      <xmax>75</xmax>
      <ymax>109</ymax>
    </bndbox>
  </object>
  <object>
    <name>&#47560;</name>
    <pose>Unspecified</pose>
    <truncated>0</truncated>
    <difficult>0</difficult>
    <bndbox>
      <xmin>76</xmin>
      <ymin>73</ymin>
      <xmax>105</xmax>
      <ymax>109</ymax>
    </bndbox>
  </object>
  <object>
    <name>5</name>
    <pose>Unspecified</pose>
    <truncated>0</truncated>
    <difficult>0</difficult>
    <bndbox>
      <xmin>108</xmin>
      <ymin>74</ymin>
      <xmax>138</xmax>
      <ymax>112</ymax>
    </bndbox>
  </object>
  <object>
    <name>2</name>
    <pose>Unspecified</pose>
    <truncated>0</truncated>
    <difficult>0</difficult>
    <bndbox>
      <xmin>139</xmin>
      <ymin>75</ymin>
      <xmax>169</xmax>
      <ymax>117</ymax>
    </bndbox>
  </object>
  <object>
    <name>7</name>
    <pose>Unspecified</pose>
    <truncated>0</truncated>
    <difficult>0</difficult>
    <bndbox>
      <xmin>168</xmin>
      <ymin>77</ymin>
      <xmax>198</xmax>
      <ymax>117</ymax>
    </bndbox>
  </object>
  <object>
    <name>8</name>
    <pose>Unspecified</pose>
    <truncated>0</truncated>
    <difficult>0</difficult>
    <bndbox>
      <xmin>198</xmin>
      <ymin>79</ymin>
      <xmax>227</xmax>
      <ymax>119</ymax>
    </bndbox>
  </object>
</annotation>
