<annotation>
  <folder>LP</folder>
  <filename>060457207_P_T05</filename>
  <path>D:\SAT_LPR_DATA_2\T05_not_done\LP\060457207_P_T05.jpg</path>
  <source>
    <database>Unknown</database>
  </source>
  <size>
    <width>204</width>
    <height>112</height>
    <depth>1</depth>
  </size>
  <segmented>0</segmented>
  <object>
    <name>9</name>
    <pose>Unspecified</pose>
    <truncated>0</truncated>
    <difficult>0</difficult>
    <bndbox>
      <xmin>15</xmin>
      <ymin>38</ymin>
      <xmax>37</xmax>
      <ymax>85</ymax>
    </bndbox>
  </object>
  <object>
    <name>1</name>
    <pose>Unspecified</pose>
    <truncated>0</truncated>
    <difficult>0</difficult>
    <bndbox>
      <xmin>40</xmin>
      <ymin>39</ymin>
      <xmax>64</xmax>
      <ymax>84</ymax>
    </bndbox>
  </object>
  <object>
    <name>&#46160;</name>
    <pose>Unspecified</pose>
    <truncated>0</truncated>
    <difficult>0</difficult>
    <bndbox>
      <xmin>66</xmin>
      <ymin>47</ymin>
      <xmax>93</xmax>
      <ymax>85</ymax>
    </bndbox>
  </object>
  <object>
    <name>7</name>
    <pose>Unspecified</pose>
    <truncated>0</truncated>
    <difficult>0</difficult>
    <bndbox>
      <xmin>91</xmin>
      <ymin>39</ymin>
      <xmax>115</xmax>
      <ymax>85</ymax>
    </bndbox>
  </object>
  <object>
    <name>5</name>
    <pose>Unspecified</pose>
    <truncated>0</truncated>
    <difficult>0</difficult>
    <bndbox>
      <xmin>119</xmin>
      <ymin>42</ymin>
      <xmax>143</xmax>
      <ymax>88</ymax>
    </bndbox>
  </object>
  <object>
    <name>0</name>
    <pose>Unspecified</pose>
    <truncated>0</truncated>
    <difficult>0</difficult>
    <bndbox>
      <xmin>144</xmin>
      <ymin>43</ymin>
      <xmax>167</xmax>
      <ymax>92</ymax>
    </bndbox>
  </object>
  <object>
    <name>8</name>
    <pose>Unspecified</pose>
    <truncated>0</truncated>
    <difficult>0</difficult>
    <bndbox>
      <xmin>167</xmin>
      <ymin>45</ymin>
      <xmax>193</xmax>
      <ymax>94</ymax>
    </bndbox>
  </object>
</annotation>
