<annotation>
  <folder>LP</folder>
  <filename>060440234_P_T17</filename>
  <path>D:\SAT_LPR_DATA_2\T17_not_done\LP\060440234_P_T17.jpg</path>
  <source>
    <database>Unknown</database>
  </source>
  <size>
    <width>207</width>
    <height>123</height>
    <depth>1</depth>
  </size>
  <segmented>0</segmented>
  <object>
    <name>8</name>
    <pose>Unspecified</pose>
    <truncated>0</truncated>
    <difficult>0</difficult>
    <bndbox>
      <xmin>50</xmin>
      <ymin>11</ymin>
      <xmax>77</xmax>
      <ymax>44</ymax>
    </bndbox>
  </object>
  <object>
    <name>1</name>
    <pose>Unspecified</pose>
    <truncated>0</truncated>
    <difficult>0</difficult>
    <bndbox>
      <xmin>86</xmin>
      <ymin>14</ymin>
      <xmax>110</xmax>
      <ymax>43</ymax>
    </bndbox>
  </object>
  <object>
    <name>&#44256;</name>
    <pose>Unspecified</pose>
    <truncated>0</truncated>
    <difficult>0</difficult>
    <bndbox>
      <xmin>119</xmin>
      <ymin>14</ymin>
      <xmax>148</xmax>
      <ymax>47</ymax>
    </bndbox>
  </object>
  <object>
    <name>1</name>
    <pose>Unspecified</pose>
    <truncated>0</truncated>
    <difficult>0</difficult>
    <bndbox>
      <xmin>22</xmin>
      <ymin>50</ymin>
      <xmax>54</xmax>
      <ymax>104</ymax>
    </bndbox>
  </object>
  <object>
    <name>4</name>
    <pose>Unspecified</pose>
    <truncated>0</truncated>
    <difficult>0</difficult>
    <bndbox>
      <xmin>66</xmin>
      <ymin>51</ymin>
      <xmax>98</xmax>
      <ymax>107</ymax>
    </bndbox>
  </object>
  <object>
    <name>8</name>
    <pose>Unspecified</pose>
    <truncated>0</truncated>
    <difficult>0</difficult>
    <bndbox>
      <xmin>108</xmin>
      <ymin>52</ymin>
      <xmax>142</xmax>
      <ymax>110</ymax>
    </bndbox>
  </object>
  <object>
    <name>2</name>
    <pose>Unspecified</pose>
    <truncated>0</truncated>
    <difficult>0</difficult>
    <bndbox>
      <xmin>154</xmin>
      <ymin>55</ymin>
      <xmax>187</xmax>
      <ymax>114</ymax>
    </bndbox>
  </object>
</annotation>
