<annotation>
  <folder>LP</folder>
  <filename>060525050_P_T05</filename>
  <path>D:\SAT_LPR_DATA_2\T05_not_done\LP\060525050_P_T05.jpg</path>
  <source>
    <database>Unknown</database>
  </source>
  <size>
    <width>288</width>
    <height>141</height>
    <depth>1</depth>
  </size>
  <segmented>0</segmented>
  <object>
    <name>9</name>
    <pose>Unspecified</pose>
    <truncated>0</truncated>
    <difficult>0</difficult>
    <bndbox>
      <xmin>16</xmin>
      <ymin>49</ymin>
      <xmax>47</xmax>
      <ymax>114</ymax>
    </bndbox>
  </object>
  <object>
    <name>0</name>
    <pose>Unspecified</pose>
    <truncated>0</truncated>
    <difficult>0</difficult>
    <bndbox>
      <xmin>53</xmin>
      <ymin>49</ymin>
      <xmax>85</xmax>
      <ymax>114</ymax>
    </bndbox>
  </object>
  <object>
    <name>&#45572;</name>
    <pose>Unspecified</pose>
    <truncated>0</truncated>
    <difficult>0</difficult>
    <bndbox>
      <xmin>90</xmin>
      <ymin>62</ymin>
      <xmax>123</xmax>
      <ymax>114</ymax>
    </bndbox>
  </object>
  <object>
    <name>4</name>
    <pose>Unspecified</pose>
    <truncated>0</truncated>
    <difficult>0</difficult>
    <bndbox>
      <xmin>132</xmin>
      <ymin>49</ymin>
      <xmax>165</xmax>
      <ymax>115</ymax>
    </bndbox>
  </object>
  <object>
    <name>1</name>
    <pose>Unspecified</pose>
    <truncated>0</truncated>
    <difficult>0</difficult>
    <bndbox>
      <xmin>169</xmin>
      <ymin>49</ymin>
      <xmax>203</xmax>
      <ymax>115</ymax>
    </bndbox>
  </object>
  <object>
    <name>9</name>
    <pose>Unspecified</pose>
    <truncated>0</truncated>
    <difficult>0</difficult>
    <bndbox>
      <xmin>206</xmin>
      <ymin>48</ymin>
      <xmax>237</xmax>
      <ymax>116</ymax>
    </bndbox>
  </object>
  <object>
    <name>2</name>
    <pose>Unspecified</pose>
    <truncated>0</truncated>
    <difficult>0</difficult>
    <bndbox>
      <xmin>245</xmin>
      <ymin>48</ymin>
      <xmax>277</xmax>
      <ymax>116</ymax>
    </bndbox>
  </object>
</annotation>
