<annotation>
  <folder>LP</folder>
  <filename>060641387_P_T13</filename>
  <path>C:\Users\sat\Desktop\SAT_LPR_DATA_2\T13_not_done\LP\060641387_P_T13.jpg</path>
  <source>
    <database>Unknown</database>
  </source>
  <size>
    <width>374</width>
    <height>171</height>
    <depth>1</depth>
  </size>
  <segmented>0</segmented>
  <object>
    <name>&#51204;&#45224;_D</name>
    <pose>Unspecified</pose>
    <truncated>0</truncated>
    <difficult>0</difficult>
    <bndbox>
      <xmin>92</xmin>
      <ymin>22</ymin>
      <xmax>277</xmax>
      <ymax>75</ymax>
    </bndbox>
  </object>
  <object>
    <name>0</name>
    <pose>Unspecified</pose>
    <truncated>0</truncated>
    <difficult>0</difficult>
    <bndbox>
      <xmin>26</xmin>
      <ymin>88</ymin>
      <xmax>69</xmax>
      <ymax>151</ymax>
    </bndbox>
  </object>
  <object>
    <name>6</name>
    <pose>Unspecified</pose>
    <truncated>0</truncated>
    <difficult>0</difficult>
    <bndbox>
      <xmin>75</xmin>
      <ymin>87</ymin>
      <xmax>118</xmax>
      <ymax>150</ymax>
    </bndbox>
  </object>
  <object>
    <name>&#47560;</name>
    <pose>Unspecified</pose>
    <truncated>0</truncated>
    <difficult>0</difficult>
    <bndbox>
      <xmin>121</xmin>
      <ymin>93</ymin>
      <xmax>155</xmax>
      <ymax>144</ymax>
    </bndbox>
  </object>
  <object>
    <name>4</name>
    <pose>Unspecified</pose>
    <truncated>0</truncated>
    <difficult>0</difficult>
    <bndbox>
      <xmin>163</xmin>
      <ymin>86</ymin>
      <xmax>204</xmax>
      <ymax>149</ymax>
    </bndbox>
  </object>
  <object>
    <name>5</name>
    <pose>Unspecified</pose>
    <truncated>0</truncated>
    <difficult>0</difficult>
    <bndbox>
      <xmin>210</xmin>
      <ymin>85</ymin>
      <xmax>255</xmax>
      <ymax>149</ymax>
    </bndbox>
  </object>
  <object>
    <name>2</name>
    <pose>Unspecified</pose>
    <truncated>0</truncated>
    <difficult>0</difficult>
    <bndbox>
      <xmin>260</xmin>
      <ymin>84</ymin>
      <xmax>305</xmax>
      <ymax>148</ymax>
    </bndbox>
  </object>
  <object>
    <name>2</name>
    <pose>Unspecified</pose>
    <truncated>0</truncated>
    <difficult>0</difficult>
    <bndbox>
      <xmin>312</xmin>
      <ymin>83</ymin>
      <xmax>356</xmax>
      <ymax>149</ymax>
    </bndbox>
  </object>
</annotation>
