<annotation>
  <folder>LP</folder>
  <filename>060749828_P_T05</filename>
  <path>D:\SAT_LPR_DATA_2\T05_not_done\LP\060749828_P_T05.jpg</path>
  <source>
    <database>Unknown</database>
  </source>
  <size>
    <width>216</width>
    <height>121</height>
    <depth>1</depth>
  </size>
  <segmented>0</segmented>
  <object>
    <name>8</name>
    <pose>Unspecified</pose>
    <truncated>0</truncated>
    <difficult>0</difficult>
    <bndbox>
      <xmin>11</xmin>
      <ymin>36</ymin>
      <xmax>35</xmax>
      <ymax>89</ymax>
    </bndbox>
  </object>
  <object>
    <name>3</name>
    <pose>Unspecified</pose>
    <truncated>0</truncated>
    <difficult>0</difficult>
    <bndbox>
      <xmin>37</xmin>
      <ymin>39</ymin>
      <xmax>61</xmax>
      <ymax>90</ymax>
    </bndbox>
  </object>
  <object>
    <name>&#47336;</name>
    <pose>Unspecified</pose>
    <truncated>0</truncated>
    <difficult>0</difficult>
    <bndbox>
      <xmin>64</xmin>
      <ymin>50</ymin>
      <xmax>88</xmax>
      <ymax>92</ymax>
    </bndbox>
  </object>
  <object>
    <name>8</name>
    <pose>Unspecified</pose>
    <truncated>0</truncated>
    <difficult>0</difficult>
    <bndbox>
      <xmin>93</xmin>
      <ymin>42</ymin>
      <xmax>118</xmax>
      <ymax>95</ymax>
    </bndbox>
  </object>
  <object>
    <name>6</name>
    <pose>Unspecified</pose>
    <truncated>0</truncated>
    <difficult>0</difficult>
    <bndbox>
      <xmin>121</xmin>
      <ymin>45</ymin>
      <xmax>146</xmax>
      <ymax>98</ymax>
    </bndbox>
  </object>
  <object>
    <name>8</name>
    <pose>Unspecified</pose>
    <truncated>0</truncated>
    <difficult>0</difficult>
    <bndbox>
      <xmin>148</xmin>
      <ymin>46</ymin>
      <xmax>173</xmax>
      <ymax>100</ymax>
    </bndbox>
  </object>
  <object>
    <name>6</name>
    <pose>Unspecified</pose>
    <truncated>0</truncated>
    <difficult>0</difficult>
    <bndbox>
      <xmin>176</xmin>
      <ymin>49</ymin>
      <xmax>203</xmax>
      <ymax>102</ymax>
    </bndbox>
  </object>
</annotation>
