<annotation>
  <folder>LP</folder>
  <filename>060756_P_T18</filename>
  <path>D:\ALBA\2.SAT_LPR_DATA\T18_not_done\LP\060756_P_T18.jpg</path>
  <source>
    <database>Unknown</database>
  </source>
  <size>
    <width>273</width>
    <height>140</height>
    <depth>1</depth>
  </size>
  <segmented>0</segmented>
  <object>
    <name>&#49436;&#50872;_O</name>
    <pose>Unspecified</pose>
    <truncated>0</truncated>
    <difficult>0</difficult>
    <bndbox>
      <xmin>79</xmin>
      <ymin>16</ymin>
      <xmax>144</xmax>
      <ymax>53</ymax>
    </bndbox>
  </object>
  <object>
    <name>1</name>
    <pose>Unspecified</pose>
    <truncated>0</truncated>
    <difficult>0</difficult>
    <bndbox>
      <xmin>164</xmin>
      <ymin>18</ymin>
      <xmax>183</xmax>
      <ymax>51</ymax>
    </bndbox>
  </object>
  <object>
    <name>&#55120;</name>
    <pose>Unspecified</pose>
    <truncated>0</truncated>
    <difficult>0</difficult>
    <bndbox>
      <xmin>27</xmin>
      <ymin>68</ymin>
      <xmax>78</xmax>
      <ymax>102</ymax>
    </bndbox>
  </object>
  <object>
    <name>4</name>
    <pose>Unspecified</pose>
    <truncated>0</truncated>
    <difficult>0</difficult>
    <bndbox>
      <xmin>85</xmin>
      <ymin>56</ymin>
      <xmax>121</xmax>
      <ymax>116</ymax>
    </bndbox>
  </object>
  <object>
    <name>0</name>
    <pose>Unspecified</pose>
    <truncated>0</truncated>
    <difficult>0</difficult>
    <bndbox>
      <xmin>125</xmin>
      <ymin>58</ymin>
      <xmax>163</xmax>
      <ymax>115</ymax>
    </bndbox>
  </object>
  <object>
    <name>9</name>
    <pose>Unspecified</pose>
    <truncated>0</truncated>
    <difficult>0</difficult>
    <bndbox>
      <xmin>171</xmin>
      <ymin>60</ymin>
      <xmax>206</xmax>
      <ymax>120</ymax>
    </bndbox>
  </object>
  <object>
    <name>2</name>
    <pose>Unspecified</pose>
    <truncated>0</truncated>
    <difficult>0</difficult>
    <bndbox>
      <xmin>215</xmin>
      <ymin>60</ymin>
      <xmax>255</xmax>
      <ymax>126</ymax>
    </bndbox>
  </object>
</annotation>
