<annotation>
  <folder>LP</folder>
  <filename>060830986_P_T05</filename>
  <path>D:\SAT_LPR_DATA_2\T05_not_done\LP\060830986_P_T05.jpg</path>
  <source>
    <database>Unknown</database>
  </source>
  <size>
    <width>218</width>
    <height>127</height>
    <depth>1</depth>
  </size>
  <segmented>0</segmented>
  <object>
    <name>8</name>
    <pose>Unspecified</pose>
    <truncated>0</truncated>
    <difficult>0</difficult>
    <bndbox>
      <xmin>12</xmin>
      <ymin>43</ymin>
      <xmax>35</xmax>
      <ymax>97</ymax>
    </bndbox>
  </object>
  <object>
    <name>4</name>
    <pose>Unspecified</pose>
    <truncated>0</truncated>
    <difficult>0</difficult>
    <bndbox>
      <xmin>37</xmin>
      <ymin>44</ymin>
      <xmax>62</xmax>
      <ymax>98</ymax>
    </bndbox>
  </object>
  <object>
    <name>&#47336;</name>
    <pose>Unspecified</pose>
    <truncated>0</truncated>
    <difficult>0</difficult>
    <bndbox>
      <xmin>65</xmin>
      <ymin>54</ymin>
      <xmax>89</xmax>
      <ymax>99</ymax>
    </bndbox>
  </object>
  <object>
    <name>5</name>
    <pose>Unspecified</pose>
    <truncated>0</truncated>
    <difficult>0</difficult>
    <bndbox>
      <xmin>96</xmin>
      <ymin>46</ymin>
      <xmax>120</xmax>
      <ymax>100</ymax>
    </bndbox>
  </object>
  <object>
    <name>7</name>
    <pose>Unspecified</pose>
    <truncated>0</truncated>
    <difficult>0</difficult>
    <bndbox>
      <xmin>123</xmin>
      <ymin>46</ymin>
      <xmax>147</xmax>
      <ymax>100</ymax>
    </bndbox>
  </object>
  <object>
    <name>1</name>
    <pose>Unspecified</pose>
    <truncated>0</truncated>
    <difficult>0</difficult>
    <bndbox>
      <xmin>152</xmin>
      <ymin>45</ymin>
      <xmax>177</xmax>
      <ymax>102</ymax>
    </bndbox>
  </object>
  <object>
    <name>6</name>
    <pose>Unspecified</pose>
    <truncated>0</truncated>
    <difficult>0</difficult>
    <bndbox>
      <xmin>180</xmin>
      <ymin>47</ymin>
      <xmax>207</xmax>
      <ymax>102</ymax>
    </bndbox>
  </object>
</annotation>
