<annotation>
  <folder>LP</folder>
  <filename>060916343_P_T18</filename>
  <path>D:\ALBA\2.SAT_LPR_DATA\T18_not_done\LP\060916343_P_T18.jpg</path>
  <source>
    <database>Unknown</database>
  </source>
  <size>
    <width>153</width>
    <height>95</height>
    <depth>1</depth>
  </size>
  <segmented>0</segmented>
  <object>
    <name>&#51204;&#48513;_O</name>
    <pose>Unspecified</pose>
    <truncated>0</truncated>
    <difficult>0</difficult>
    <bndbox>
      <xmin>48</xmin>
      <ymin>13</ymin>
      <xmax>80</xmax>
      <ymax>32</ymax>
    </bndbox>
  </object>
  <object>
    <name>8</name>
    <pose>Unspecified</pose>
    <truncated>0</truncated>
    <difficult>0</difficult>
    <bndbox>
      <xmin>83</xmin>
      <ymin>15</ymin>
      <xmax>97</xmax>
      <ymax>35</ymax>
    </bndbox>
  </object>
  <object>
    <name>2</name>
    <pose>Unspecified</pose>
    <truncated>0</truncated>
    <difficult>0</difficult>
    <bndbox>
      <xmin>99</xmin>
      <ymin>16</ymin>
      <xmax>113</xmax>
      <ymax>36</ymax>
    </bndbox>
  </object>
  <object>
    <name>&#45208;</name>
    <pose>Unspecified</pose>
    <truncated>0</truncated>
    <difficult>0</difficult>
    <bndbox>
      <xmin>15</xmin>
      <ymin>33</ymin>
      <xmax>41</xmax>
      <ymax>62</ymax>
    </bndbox>
  </object>
  <object>
    <name>4</name>
    <pose>Unspecified</pose>
    <truncated>0</truncated>
    <difficult>0</difficult>
    <bndbox>
      <xmin>48</xmin>
      <ymin>36</ymin>
      <xmax>70</xmax>
      <ymax>78</ymax>
    </bndbox>
  </object>
  <object>
    <name>4</name>
    <pose>Unspecified</pose>
    <truncated>0</truncated>
    <difficult>0</difficult>
    <bndbox>
      <xmin>71</xmin>
      <ymin>37</ymin>
      <xmax>94</xmax>
      <ymax>79</ymax>
    </bndbox>
  </object>
  <object>
    <name>4</name>
    <pose>Unspecified</pose>
    <truncated>0</truncated>
    <difficult>0</difficult>
    <bndbox>
      <xmin>94</xmin>
      <ymin>39</ymin>
      <xmax>118</xmax>
      <ymax>81</ymax>
    </bndbox>
  </object>
  <object>
    <name>9</name>
    <pose>Unspecified</pose>
    <truncated>0</truncated>
    <difficult>0</difficult>
    <bndbox>
      <xmin>121</xmin>
      <ymin>39</ymin>
      <xmax>142</xmax>
      <ymax>83</ymax>
    </bndbox>
  </object>
</annotation>
