<annotation>
  <folder>LP</folder>
  <filename>060946127_P_T14</filename>
  <path>D:\ALBA\2.SAT_LPR_DATA\T14_not_done\LP\060946127_P_T14.jpg</path>
  <source>
    <database>Unknown</database>
  </source>
  <size>
    <width>239</width>
    <height>137</height>
    <depth>1</depth>
  </size>
  <segmented>0</segmented>
  <object>
    <name>&#50689;</name>
    <pose>Unspecified</pose>
    <truncated>0</truncated>
    <difficult>0</difficult>
    <bndbox>
      <xmin>21</xmin>
      <ymin>24</ymin>
      <xmax>50</xmax>
      <ymax>55</ymax>
    </bndbox>
  </object>
  <object>
    <name>&#50872;&#49328;_D</name>
    <pose>Unspecified</pose>
    <truncated>0</truncated>
    <difficult>0</difficult>
    <bndbox>
      <xmin>61</xmin>
      <ymin>24</ymin>
      <xmax>173</xmax>
      <ymax>64</ymax>
    </bndbox>
  </object>
  <object>
    <name>0</name>
    <pose>Unspecified</pose>
    <truncated>0</truncated>
    <difficult>0</difficult>
    <bndbox>
      <xmin>15</xmin>
      <ymin>62</ymin>
      <xmax>41</xmax>
      <ymax>100</ymax>
    </bndbox>
  </object>
  <object>
    <name>6</name>
    <pose>Unspecified</pose>
    <truncated>0</truncated>
    <difficult>0</difficult>
    <bndbox>
      <xmin>45</xmin>
      <ymin>62</ymin>
      <xmax>71</xmax>
      <ymax>103</ymax>
    </bndbox>
  </object>
  <object>
    <name>&#47560;</name>
    <pose>Unspecified</pose>
    <truncated>0</truncated>
    <difficult>0</difficult>
    <bndbox>
      <xmin>74</xmin>
      <ymin>67</ymin>
      <xmax>95</xmax>
      <ymax>102</ymax>
    </bndbox>
  </object>
  <object>
    <name>6</name>
    <pose>Unspecified</pose>
    <truncated>0</truncated>
    <difficult>0</difficult>
    <bndbox>
      <xmin>98</xmin>
      <ymin>67</ymin>
      <xmax>124</xmax>
      <ymax>106</ymax>
    </bndbox>
  </object>
  <object>
    <name>2</name>
    <pose>Unspecified</pose>
    <truncated>0</truncated>
    <difficult>0</difficult>
    <bndbox>
      <xmin>127</xmin>
      <ymin>70</ymin>
      <xmax>156</xmax>
      <ymax>111</ymax>
    </bndbox>
  </object>
  <object>
    <name>4</name>
    <pose>Unspecified</pose>
    <truncated>0</truncated>
    <difficult>0</difficult>
    <bndbox>
      <xmin>159</xmin>
      <ymin>72</ymin>
      <xmax>185</xmax>
      <ymax>112</ymax>
    </bndbox>
  </object>
  <object>
    <name>9</name>
    <pose>Unspecified</pose>
    <truncated>0</truncated>
    <difficult>0</difficult>
    <bndbox>
      <xmin>190</xmin>
      <ymin>74</ymin>
      <xmax>219</xmax>
      <ymax>115</ymax>
    </bndbox>
  </object>
</annotation>
