<annotation>
  <folder>LP</folder>
  <filename>061258610_P_T17</filename>
  <path>D:\SAT_LPR_DATA_2\T17_not_done\LP\061258610_P_T17.jpg</path>
  <source>
    <database>Unknown</database>
  </source>
  <size>
    <width>218</width>
    <height>107</height>
    <depth>1</depth>
  </size>
  <segmented>0</segmented>
  <object>
    <name>8</name>
    <pose>Unspecified</pose>
    <truncated>0</truncated>
    <difficult>0</difficult>
    <bndbox>
      <xmin>61</xmin>
      <ymin>13</ymin>
      <xmax>90</xmax>
      <ymax>38</ymax>
    </bndbox>
  </object>
  <object>
    <name>9</name>
    <pose>Unspecified</pose>
    <truncated>0</truncated>
    <difficult>0</difficult>
    <bndbox>
      <xmin>92</xmin>
      <ymin>12</ymin>
      <xmax>121</xmax>
      <ymax>37</ymax>
    </bndbox>
  </object>
  <object>
    <name>&#50864;</name>
    <pose>Unspecified</pose>
    <truncated>0</truncated>
    <difficult>0</difficult>
    <bndbox>
      <xmin>124</xmin>
      <ymin>11</ymin>
      <xmax>153</xmax>
      <ymax>35</ymax>
    </bndbox>
  </object>
  <object>
    <name>2</name>
    <pose>Unspecified</pose>
    <truncated>0</truncated>
    <difficult>0</difficult>
    <bndbox>
      <xmin>24</xmin>
      <ymin>44</ymin>
      <xmax>70</xmax>
      <ymax>102</ymax>
    </bndbox>
  </object>
  <object>
    <name>8</name>
    <pose>Unspecified</pose>
    <truncated>0</truncated>
    <difficult>0</difficult>
    <bndbox>
      <xmin>71</xmin>
      <ymin>43</ymin>
      <xmax>112</xmax>
      <ymax>100</ymax>
    </bndbox>
  </object>
  <object>
    <name>1</name>
    <pose>Unspecified</pose>
    <truncated>0</truncated>
    <difficult>0</difficult>
    <bndbox>
      <xmin>119</xmin>
      <ymin>42</ymin>
      <xmax>152</xmax>
      <ymax>98</ymax>
    </bndbox>
  </object>
  <object>
    <name>8</name>
    <pose>Unspecified</pose>
    <truncated>0</truncated>
    <difficult>0</difficult>
    <bndbox>
      <xmin>162</xmin>
      <ymin>39</ymin>
      <xmax>205</xmax>
      <ymax>97</ymax>
    </bndbox>
  </object>
</annotation>
