<annotation>
  <folder>LP</folder>
  <filename>061217612_P_T05</filename>
  <path>D:\SAT_LPR_DATA_2\T05_not_done\LP\061217612_P_T05.jpg</path>
  <source>
    <database>Unknown</database>
  </source>
  <size>
    <width>214</width>
    <height>126</height>
    <depth>1</depth>
  </size>
  <segmented>0</segmented>
  <object>
    <name>8</name>
    <pose>Unspecified</pose>
    <truncated>0</truncated>
    <difficult>0</difficult>
    <bndbox>
      <xmin>10</xmin>
      <ymin>42</ymin>
      <xmax>34</xmax>
      <ymax>95</ymax>
    </bndbox>
  </object>
  <object>
    <name>5</name>
    <pose>Unspecified</pose>
    <truncated>0</truncated>
    <difficult>0</difficult>
    <bndbox>
      <xmin>37</xmin>
      <ymin>45</ymin>
      <xmax>60</xmax>
      <ymax>97</ymax>
    </bndbox>
  </object>
  <object>
    <name>&#45796;</name>
    <pose>Unspecified</pose>
    <truncated>0</truncated>
    <difficult>0</difficult>
    <bndbox>
      <xmin>63</xmin>
      <ymin>56</ymin>
      <xmax>88</xmax>
      <ymax>98</ymax>
    </bndbox>
  </object>
  <object>
    <name>0</name>
    <pose>Unspecified</pose>
    <truncated>0</truncated>
    <difficult>0</difficult>
    <bndbox>
      <xmin>93</xmin>
      <ymin>47</ymin>
      <xmax>117</xmax>
      <ymax>100</ymax>
    </bndbox>
  </object>
  <object>
    <name>9</name>
    <pose>Unspecified</pose>
    <truncated>0</truncated>
    <difficult>0</difficult>
    <bndbox>
      <xmin>120</xmin>
      <ymin>48</ymin>
      <xmax>145</xmax>
      <ymax>101</ymax>
    </bndbox>
  </object>
  <object>
    <name>4</name>
    <pose>Unspecified</pose>
    <truncated>0</truncated>
    <difficult>0</difficult>
    <bndbox>
      <xmin>148</xmin>
      <ymin>51</ymin>
      <xmax>175</xmax>
      <ymax>105</ymax>
    </bndbox>
  </object>
  <object>
    <name>8</name>
    <pose>Unspecified</pose>
    <truncated>0</truncated>
    <difficult>0</difficult>
    <bndbox>
      <xmin>177</xmin>
      <ymin>52</ymin>
      <xmax>203</xmax>
      <ymax>106</ymax>
    </bndbox>
  </object>
</annotation>
