<annotation>
  <folder>LP</folder>
  <filename>061205220_P_T05</filename>
  <path>D:\SAT_LPR_DATA_2\T05_not_done\LP\061205220_P_T05.jpg</path>
  <source>
    <database>Unknown</database>
  </source>
  <size>
    <width>216</width>
    <height>122</height>
    <depth>1</depth>
  </size>
  <segmented>0</segmented>
  <object>
    <name>9</name>
    <pose>Unspecified</pose>
    <truncated>0</truncated>
    <difficult>0</difficult>
    <bndbox>
      <xmin>13</xmin>
      <ymin>37</ymin>
      <xmax>36</xmax>
      <ymax>89</ymax>
    </bndbox>
  </object>
  <object>
    <name>0</name>
    <pose>Unspecified</pose>
    <truncated>0</truncated>
    <difficult>0</difficult>
    <bndbox>
      <xmin>40</xmin>
      <ymin>38</ymin>
      <xmax>64</xmax>
      <ymax>90</ymax>
    </bndbox>
  </object>
  <object>
    <name>&#51200;</name>
    <pose>Unspecified</pose>
    <truncated>0</truncated>
    <difficult>0</difficult>
    <bndbox>
      <xmin>67</xmin>
      <ymin>49</ymin>
      <xmax>90</xmax>
      <ymax>91</ymax>
    </bndbox>
  </object>
  <object>
    <name>3</name>
    <pose>Unspecified</pose>
    <truncated>0</truncated>
    <difficult>0</difficult>
    <bndbox>
      <xmin>95</xmin>
      <ymin>41</ymin>
      <xmax>120</xmax>
      <ymax>92</ymax>
    </bndbox>
  </object>
  <object>
    <name>7</name>
    <pose>Unspecified</pose>
    <truncated>0</truncated>
    <difficult>0</difficult>
    <bndbox>
      <xmin>123</xmin>
      <ymin>41</ymin>
      <xmax>147</xmax>
      <ymax>94</ymax>
    </bndbox>
  </object>
  <object>
    <name>1</name>
    <pose>Unspecified</pose>
    <truncated>0</truncated>
    <difficult>0</difficult>
    <bndbox>
      <xmin>152</xmin>
      <ymin>42</ymin>
      <xmax>176</xmax>
      <ymax>95</ymax>
    </bndbox>
  </object>
  <object>
    <name>1</name>
    <pose>Unspecified</pose>
    <truncated>0</truncated>
    <difficult>0</difficult>
    <bndbox>
      <xmin>180</xmin>
      <ymin>43</ymin>
      <xmax>204</xmax>
      <ymax>96</ymax>
    </bndbox>
  </object>
</annotation>
