<annotation>
  <folder>LP</folder>
  <filename>061417705_P_T17</filename>
  <path>D:\SAT_LPR_DATA_2\T17_not_done\LP\061417705_P_T17.jpg</path>
  <source>
    <database>Unknown</database>
  </source>
  <size>
    <width>234</width>
    <height>128</height>
    <depth>1</depth>
  </size>
  <segmented>0</segmented>
  <object>
    <name>9</name>
    <pose>Unspecified</pose>
    <truncated>0</truncated>
    <difficult>0</difficult>
    <bndbox>
      <xmin>61</xmin>
      <ymin>12</ymin>
      <xmax>94</xmax>
      <ymax>43</ymax>
    </bndbox>
  </object>
  <object>
    <name>4</name>
    <pose>Unspecified</pose>
    <truncated>0</truncated>
    <difficult>0</difficult>
    <bndbox>
      <xmin>97</xmin>
      <ymin>14</ymin>
      <xmax>130</xmax>
      <ymax>43</ymax>
    </bndbox>
  </object>
  <object>
    <name>&#45572;</name>
    <pose>Unspecified</pose>
    <truncated>0</truncated>
    <difficult>0</difficult>
    <bndbox>
      <xmin>134</xmin>
      <ymin>14</ymin>
      <xmax>166</xmax>
      <ymax>44</ymax>
    </bndbox>
  </object>
  <object>
    <name>5</name>
    <pose>Unspecified</pose>
    <truncated>0</truncated>
    <difficult>0</difficult>
    <bndbox>
      <xmin>15</xmin>
      <ymin>47</ymin>
      <xmax>60</xmax>
      <ymax>112</ymax>
    </bndbox>
  </object>
  <object>
    <name>3</name>
    <pose>Unspecified</pose>
    <truncated>0</truncated>
    <difficult>0</difficult>
    <bndbox>
      <xmin>66</xmin>
      <ymin>47</ymin>
      <xmax>113</xmax>
      <ymax>114</ymax>
    </bndbox>
  </object>
  <object>
    <name>1</name>
    <pose>Unspecified</pose>
    <truncated>0</truncated>
    <difficult>0</difficult>
    <bndbox>
      <xmin>122</xmin>
      <ymin>49</ymin>
      <xmax>163</xmax>
      <ymax>114</ymax>
    </bndbox>
  </object>
  <object>
    <name>3</name>
    <pose>Unspecified</pose>
    <truncated>0</truncated>
    <difficult>0</difficult>
    <bndbox>
      <xmin>171</xmin>
      <ymin>48</ymin>
      <xmax>219</xmax>
      <ymax>115</ymax>
    </bndbox>
  </object>
</annotation>
