<annotation>
  <folder>LP</folder>
  <filename>061456905_P_T05</filename>
  <path>D:\SAT_LPR_DATA_2\T05_not_done\LP\061456905_P_T05.jpg</path>
  <source>
    <database>Unknown</database>
  </source>
  <size>
    <width>226</width>
    <height>113</height>
    <depth>1</depth>
  </size>
  <segmented>0</segmented>
  <object>
    <name>9</name>
    <pose>Unspecified</pose>
    <truncated>0</truncated>
    <difficult>0</difficult>
    <bndbox>
      <xmin>13</xmin>
      <ymin>36</ymin>
      <xmax>37</xmax>
      <ymax>86</ymax>
    </bndbox>
  </object>
  <object>
    <name>3</name>
    <pose>Unspecified</pose>
    <truncated>0</truncated>
    <difficult>0</difficult>
    <bndbox>
      <xmin>42</xmin>
      <ymin>38</ymin>
      <xmax>66</xmax>
      <ymax>87</ymax>
    </bndbox>
  </object>
  <object>
    <name>&#49436;</name>
    <pose>Unspecified</pose>
    <truncated>0</truncated>
    <difficult>0</difficult>
    <bndbox>
      <xmin>71</xmin>
      <ymin>47</ymin>
      <xmax>94</xmax>
      <ymax>86</ymax>
    </bndbox>
  </object>
  <object>
    <name>0</name>
    <pose>Unspecified</pose>
    <truncated>0</truncated>
    <difficult>0</difficult>
    <bndbox>
      <xmin>100</xmin>
      <ymin>36</ymin>
      <xmax>125</xmax>
      <ymax>86</ymax>
    </bndbox>
  </object>
  <object>
    <name>8</name>
    <pose>Unspecified</pose>
    <truncated>0</truncated>
    <difficult>0</difficult>
    <bndbox>
      <xmin>129</xmin>
      <ymin>36</ymin>
      <xmax>154</xmax>
      <ymax>86</ymax>
    </bndbox>
  </object>
  <object>
    <name>0</name>
    <pose>Unspecified</pose>
    <truncated>0</truncated>
    <difficult>0</difficult>
    <bndbox>
      <xmin>157</xmin>
      <ymin>36</ymin>
      <xmax>182</xmax>
      <ymax>87</ymax>
    </bndbox>
  </object>
  <object>
    <name>5</name>
    <pose>Unspecified</pose>
    <truncated>0</truncated>
    <difficult>0</difficult>
    <bndbox>
      <xmin>186</xmin>
      <ymin>37</ymin>
      <xmax>212</xmax>
      <ymax>87</ymax>
    </bndbox>
  </object>
</annotation>
