<annotation>
  <folder>LP</folder>
  <filename>061417563_P_T05</filename>
  <path>D:\SAT_LPR_DATA_2\T05_not_done\LP\061417563_P_T05.jpg</path>
  <source>
    <database>Unknown</database>
  </source>
  <size>
    <width>193</width>
    <height>103</height>
    <depth>1</depth>
  </size>
  <segmented>0</segmented>
  <object>
    <name>9</name>
    <pose>Unspecified</pose>
    <truncated>0</truncated>
    <difficult>0</difficult>
    <bndbox>
      <xmin>8</xmin>
      <ymin>29</ymin>
      <xmax>30</xmax>
      <ymax>72</ymax>
    </bndbox>
  </object>
  <object>
    <name>4</name>
    <pose>Unspecified</pose>
    <truncated>0</truncated>
    <difficult>0</difficult>
    <bndbox>
      <xmin>31</xmin>
      <ymin>31</ymin>
      <xmax>55</xmax>
      <ymax>74</ymax>
    </bndbox>
  </object>
  <object>
    <name>&#46020;</name>
    <pose>Unspecified</pose>
    <truncated>0</truncated>
    <difficult>0</difficult>
    <bndbox>
      <xmin>56</xmin>
      <ymin>39</ymin>
      <xmax>78</xmax>
      <ymax>75</ymax>
    </bndbox>
  </object>
  <object>
    <name>6</name>
    <pose>Unspecified</pose>
    <truncated>0</truncated>
    <difficult>0</difficult>
    <bndbox>
      <xmin>83</xmin>
      <ymin>33</ymin>
      <xmax>106</xmax>
      <ymax>77</ymax>
    </bndbox>
  </object>
  <object>
    <name>4</name>
    <pose>Unspecified</pose>
    <truncated>0</truncated>
    <difficult>0</difficult>
    <bndbox>
      <xmin>107</xmin>
      <ymin>34</ymin>
      <xmax>131</xmax>
      <ymax>77</ymax>
    </bndbox>
  </object>
  <object>
    <name>6</name>
    <pose>Unspecified</pose>
    <truncated>0</truncated>
    <difficult>0</difficult>
    <bndbox>
      <xmin>132</xmin>
      <ymin>35</ymin>
      <xmax>156</xmax>
      <ymax>79</ymax>
    </bndbox>
  </object>
  <object>
    <name>6</name>
    <pose>Unspecified</pose>
    <truncated>0</truncated>
    <difficult>0</difficult>
    <bndbox>
      <xmin>158</xmin>
      <ymin>36</ymin>
      <xmax>181</xmax>
      <ymax>81</ymax>
    </bndbox>
  </object>
</annotation>
