<annotation>
  <folder>LP</folder>
  <filename>061501043_P_T13</filename>
  <path>D:\SAT_LPR_DATA_2\T13_not_done\LP\061501043_P_T13.jpg</path>
  <source>
    <database>Unknown</database>
  </source>
  <size>
    <width>235</width>
    <height>125</height>
    <depth>1</depth>
  </size>
  <segmented>0</segmented>
  <object>
    <name>&#44221;&#45224;_D</name>
    <pose>Unspecified</pose>
    <truncated>0</truncated>
    <difficult>0</difficult>
    <bndbox>
      <xmin>61</xmin>
      <ymin>18</ymin>
      <xmax>175</xmax>
      <ymax>57</ymax>
    </bndbox>
  </object>
  <object>
    <name>0</name>
    <pose>Unspecified</pose>
    <truncated>0</truncated>
    <difficult>0</difficult>
    <bndbox>
      <xmin>13</xmin>
      <ymin>56</ymin>
      <xmax>40</xmax>
      <ymax>96</ymax>
    </bndbox>
  </object>
  <object>
    <name>6</name>
    <pose>Unspecified</pose>
    <truncated>0</truncated>
    <difficult>0</difficult>
    <bndbox>
      <xmin>43</xmin>
      <ymin>58</ymin>
      <xmax>70</xmax>
      <ymax>100</ymax>
    </bndbox>
  </object>
  <object>
    <name>&#46020;</name>
    <pose>Unspecified</pose>
    <truncated>0</truncated>
    <difficult>0</difficult>
    <bndbox>
      <xmin>71</xmin>
      <ymin>64</ymin>
      <xmax>95</xmax>
      <ymax>98</ymax>
    </bndbox>
  </object>
  <object>
    <name>1</name>
    <pose>Unspecified</pose>
    <truncated>0</truncated>
    <difficult>0</difficult>
    <bndbox>
      <xmin>98</xmin>
      <ymin>61</ymin>
      <xmax>120</xmax>
      <ymax>103</ymax>
    </bndbox>
  </object>
  <object>
    <name>9</name>
    <pose>Unspecified</pose>
    <truncated>0</truncated>
    <difficult>0</difficult>
    <bndbox>
      <xmin>126</xmin>
      <ymin>63</ymin>
      <xmax>155</xmax>
      <ymax>106</ymax>
    </bndbox>
  </object>
  <object>
    <name>7</name>
    <pose>Unspecified</pose>
    <truncated>0</truncated>
    <difficult>0</difficult>
    <bndbox>
      <xmin>159</xmin>
      <ymin>65</ymin>
      <xmax>187</xmax>
      <ymax>107</ymax>
    </bndbox>
  </object>
  <object>
    <name>6</name>
    <pose>Unspecified</pose>
    <truncated>0</truncated>
    <difficult>0</difficult>
    <bndbox>
      <xmin>190</xmin>
      <ymin>68</ymin>
      <xmax>220</xmax>
      <ymax>110</ymax>
    </bndbox>
  </object>
</annotation>
