<annotation>
  <folder>LP</folder>
  <filename>061644323_P_T05</filename>
  <path>D:\SAT_LPR_DATA_2\T05_not_done\LP\061644323_P_T05.jpg</path>
  <source>
    <database>Unknown</database>
  </source>
  <size>
    <width>192</width>
    <height>106</height>
    <depth>1</depth>
  </size>
  <segmented>0</segmented>
  <object>
    <name>9</name>
    <pose>Unspecified</pose>
    <truncated>0</truncated>
    <difficult>0</difficult>
    <bndbox>
      <xmin>11</xmin>
      <ymin>34</ymin>
      <xmax>33</xmax>
      <ymax>78</ymax>
    </bndbox>
  </object>
  <object>
    <name>7</name>
    <pose>Unspecified</pose>
    <truncated>0</truncated>
    <difficult>0</difficult>
    <bndbox>
      <xmin>36</xmin>
      <ymin>36</ymin>
      <xmax>57</xmax>
      <ymax>79</ymax>
    </bndbox>
  </object>
  <object>
    <name>&#51312;</name>
    <pose>Unspecified</pose>
    <truncated>0</truncated>
    <difficult>0</difficult>
    <bndbox>
      <xmin>60</xmin>
      <ymin>44</ymin>
      <xmax>82</xmax>
      <ymax>80</ymax>
    </bndbox>
  </object>
  <object>
    <name>9</name>
    <pose>Unspecified</pose>
    <truncated>0</truncated>
    <difficult>0</difficult>
    <bndbox>
      <xmin>87</xmin>
      <ymin>37</ymin>
      <xmax>108</xmax>
      <ymax>81</ymax>
    </bndbox>
  </object>
  <object>
    <name>4</name>
    <pose>Unspecified</pose>
    <truncated>0</truncated>
    <difficult>0</difficult>
    <bndbox>
      <xmin>110</xmin>
      <ymin>39</ymin>
      <xmax>133</xmax>
      <ymax>83</ymax>
    </bndbox>
  </object>
  <object>
    <name>8</name>
    <pose>Unspecified</pose>
    <truncated>0</truncated>
    <difficult>0</difficult>
    <bndbox>
      <xmin>135</xmin>
      <ymin>39</ymin>
      <xmax>158</xmax>
      <ymax>84</ymax>
    </bndbox>
  </object>
  <object>
    <name>7</name>
    <pose>Unspecified</pose>
    <truncated>0</truncated>
    <difficult>0</difficult>
    <bndbox>
      <xmin>160</xmin>
      <ymin>41</ymin>
      <xmax>183</xmax>
      <ymax>85</ymax>
    </bndbox>
  </object>
</annotation>
