<annotation>
  <folder>LP</folder>
  <filename>061600002_P_T05</filename>
  <path>D:\SAT_LPR_DATA_2\T05_not_done\LP\061600002_P_T05.jpg</path>
  <source>
    <database>Unknown</database>
  </source>
  <size>
    <width>239</width>
    <height>124</height>
    <depth>1</depth>
  </size>
  <segmented>0</segmented>
  <object>
    <name>8</name>
    <pose>Unspecified</pose>
    <truncated>0</truncated>
    <difficult>0</difficult>
    <bndbox>
      <xmin>16</xmin>
      <ymin>48</ymin>
      <xmax>42</xmax>
      <ymax>99</ymax>
    </bndbox>
  </object>
  <object>
    <name>3</name>
    <pose>Unspecified</pose>
    <truncated>0</truncated>
    <difficult>0</difficult>
    <bndbox>
      <xmin>45</xmin>
      <ymin>48</ymin>
      <xmax>70</xmax>
      <ymax>98</ymax>
    </bndbox>
  </object>
  <object>
    <name>&#44396;</name>
    <pose>Unspecified</pose>
    <truncated>0</truncated>
    <difficult>0</difficult>
    <bndbox>
      <xmin>74</xmin>
      <ymin>56</ymin>
      <xmax>99</xmax>
      <ymax>97</ymax>
    </bndbox>
  </object>
  <object>
    <name>3</name>
    <pose>Unspecified</pose>
    <truncated>0</truncated>
    <difficult>0</difficult>
    <bndbox>
      <xmin>103</xmin>
      <ymin>47</ymin>
      <xmax>131</xmax>
      <ymax>96</ymax>
    </bndbox>
  </object>
  <object>
    <name>0</name>
    <pose>Unspecified</pose>
    <truncated>0</truncated>
    <difficult>0</difficult>
    <bndbox>
      <xmin>134</xmin>
      <ymin>46</ymin>
      <xmax>161</xmax>
      <ymax>95</ymax>
    </bndbox>
  </object>
  <object>
    <name>7</name>
    <pose>Unspecified</pose>
    <truncated>0</truncated>
    <difficult>0</difficult>
    <bndbox>
      <xmin>162</xmin>
      <ymin>44</ymin>
      <xmax>188</xmax>
      <ymax>93</ymax>
    </bndbox>
  </object>
  <object>
    <name>9</name>
    <pose>Unspecified</pose>
    <truncated>0</truncated>
    <difficult>0</difficult>
    <bndbox>
      <xmin>192</xmin>
      <ymin>43</ymin>
      <xmax>218</xmax>
      <ymax>93</ymax>
    </bndbox>
  </object>
</annotation>
