<annotation>
  <folder>LP</folder>
  <filename>061648865_P_T05</filename>
  <path>D:\SAT_LPR_DATA_2\T05_not_done\LP\061648865_P_T05.jpg</path>
  <source>
    <database>Unknown</database>
  </source>
  <size>
    <width>196</width>
    <height>105</height>
    <depth>1</depth>
  </size>
  <segmented>0</segmented>
  <object>
    <name>9</name>
    <pose>Unspecified</pose>
    <truncated>0</truncated>
    <difficult>0</difficult>
    <bndbox>
      <xmin>12</xmin>
      <ymin>33</ymin>
      <xmax>35</xmax>
      <ymax>75</ymax>
    </bndbox>
  </object>
  <object>
    <name>1</name>
    <pose>Unspecified</pose>
    <truncated>0</truncated>
    <difficult>0</difficult>
    <bndbox>
      <xmin>38</xmin>
      <ymin>35</ymin>
      <xmax>60</xmax>
      <ymax>77</ymax>
    </bndbox>
  </object>
  <object>
    <name>&#46160;</name>
    <pose>Unspecified</pose>
    <truncated>0</truncated>
    <difficult>0</difficult>
    <bndbox>
      <xmin>61</xmin>
      <ymin>42</ymin>
      <xmax>82</xmax>
      <ymax>78</ymax>
    </bndbox>
  </object>
  <object>
    <name>5</name>
    <pose>Unspecified</pose>
    <truncated>0</truncated>
    <difficult>0</difficult>
    <bndbox>
      <xmin>88</xmin>
      <ymin>36</ymin>
      <xmax>110</xmax>
      <ymax>79</ymax>
    </bndbox>
  </object>
  <object>
    <name>4</name>
    <pose>Unspecified</pose>
    <truncated>0</truncated>
    <difficult>0</difficult>
    <bndbox>
      <xmin>111</xmin>
      <ymin>36</ymin>
      <xmax>134</xmax>
      <ymax>80</ymax>
    </bndbox>
  </object>
  <object>
    <name>8</name>
    <pose>Unspecified</pose>
    <truncated>0</truncated>
    <difficult>0</difficult>
    <bndbox>
      <xmin>137</xmin>
      <ymin>37</ymin>
      <xmax>160</xmax>
      <ymax>82</ymax>
    </bndbox>
  </object>
  <object>
    <name>8</name>
    <pose>Unspecified</pose>
    <truncated>0</truncated>
    <difficult>0</difficult>
    <bndbox>
      <xmin>162</xmin>
      <ymin>38</ymin>
      <xmax>184</xmax>
      <ymax>82</ymax>
    </bndbox>
  </object>
</annotation>
