<annotation>
  <folder>LP</folder>
  <filename>061619291_P_T13</filename>
  <path>C:\Users\sat\Desktop\SAT_LPR_DATA_2\T13_not_done\LP\061619291_P_T13.jpg</path>
  <source>
    <database>Unknown</database>
  </source>
  <size>
    <width>287</width>
    <height>152</height>
    <depth>1</depth>
  </size>
  <segmented>0</segmented>
  <object>
    <name>&#44305;&#51452;_D</name>
    <pose>Unspecified</pose>
    <truncated>0</truncated>
    <difficult>0</difficult>
    <bndbox>
      <xmin>74</xmin>
      <ymin>20</ymin>
      <xmax>206</xmax>
      <ymax>67</ymax>
    </bndbox>
  </object>
  <object>
    <name>0</name>
    <pose>Unspecified</pose>
    <truncated>0</truncated>
    <difficult>0</difficult>
    <bndbox>
      <xmin>20</xmin>
      <ymin>72</ymin>
      <xmax>50</xmax>
      <ymax>121</ymax>
    </bndbox>
  </object>
  <object>
    <name>6</name>
    <pose>Unspecified</pose>
    <truncated>0</truncated>
    <difficult>0</difficult>
    <bndbox>
      <xmin>56</xmin>
      <ymin>74</ymin>
      <xmax>88</xmax>
      <ymax>123</ymax>
    </bndbox>
  </object>
  <object>
    <name>&#46972;</name>
    <pose>Unspecified</pose>
    <truncated>0</truncated>
    <difficult>0</difficult>
    <bndbox>
      <xmin>91</xmin>
      <ymin>81</ymin>
      <xmax>116</xmax>
      <ymax>122</ymax>
    </bndbox>
  </object>
  <object>
    <name>2</name>
    <pose>Unspecified</pose>
    <truncated>0</truncated>
    <difficult>0</difficult>
    <bndbox>
      <xmin>121</xmin>
      <ymin>77</ymin>
      <xmax>155</xmax>
      <ymax>128</ymax>
    </bndbox>
  </object>
  <object>
    <name>0</name>
    <pose>Unspecified</pose>
    <truncated>0</truncated>
    <difficult>0</difficult>
    <bndbox>
      <xmin>159</xmin>
      <ymin>80</ymin>
      <xmax>193</xmax>
      <ymax>129</ymax>
    </bndbox>
  </object>
  <object>
    <name>0</name>
    <pose>Unspecified</pose>
    <truncated>0</truncated>
    <difficult>0</difficult>
    <bndbox>
      <xmin>198</xmin>
      <ymin>81</ymin>
      <xmax>231</xmax>
      <ymax>132</ymax>
    </bndbox>
  </object>
  <object>
    <name>5</name>
    <pose>Unspecified</pose>
    <truncated>0</truncated>
    <difficult>0</difficult>
    <bndbox>
      <xmin>237</xmin>
      <ymin>82</ymin>
      <xmax>270</xmax>
      <ymax>135</ymax>
    </bndbox>
  </object>
</annotation>
