<annotation>
  <folder>LP</folder>
  <filename>061752593_P_T05</filename>
  <path>D:\SAT_LPR_DATA_2\T05_not_done\LP\061752593_P_T05.jpg</path>
  <source>
    <database>Unknown</database>
  </source>
  <size>
    <width>218</width>
    <height>117</height>
    <depth>1</depth>
  </size>
  <segmented>0</segmented>
  <object>
    <name>8</name>
    <pose>Unspecified</pose>
    <truncated>0</truncated>
    <difficult>0</difficult>
    <bndbox>
      <xmin>10</xmin>
      <ymin>37</ymin>
      <xmax>35</xmax>
      <ymax>88</ymax>
    </bndbox>
  </object>
  <object>
    <name>4</name>
    <pose>Unspecified</pose>
    <truncated>0</truncated>
    <difficult>0</difficult>
    <bndbox>
      <xmin>38</xmin>
      <ymin>38</ymin>
      <xmax>63</xmax>
      <ymax>89</ymax>
    </bndbox>
  </object>
  <object>
    <name>&#47336;</name>
    <pose>Unspecified</pose>
    <truncated>0</truncated>
    <difficult>0</difficult>
    <bndbox>
      <xmin>66</xmin>
      <ymin>47</ymin>
      <xmax>90</xmax>
      <ymax>88</ymax>
    </bndbox>
  </object>
  <object>
    <name>9</name>
    <pose>Unspecified</pose>
    <truncated>0</truncated>
    <difficult>0</difficult>
    <bndbox>
      <xmin>97</xmin>
      <ymin>39</ymin>
      <xmax>121</xmax>
      <ymax>89</ymax>
    </bndbox>
  </object>
  <object>
    <name>5</name>
    <pose>Unspecified</pose>
    <truncated>0</truncated>
    <difficult>0</difficult>
    <bndbox>
      <xmin>126</xmin>
      <ymin>39</ymin>
      <xmax>151</xmax>
      <ymax>89</ymax>
    </bndbox>
  </object>
  <object>
    <name>2</name>
    <pose>Unspecified</pose>
    <truncated>0</truncated>
    <difficult>0</difficult>
    <bndbox>
      <xmin>155</xmin>
      <ymin>39</ymin>
      <xmax>179</xmax>
      <ymax>91</ymax>
    </bndbox>
  </object>
  <object>
    <name>9</name>
    <pose>Unspecified</pose>
    <truncated>0</truncated>
    <difficult>0</difficult>
    <bndbox>
      <xmin>183</xmin>
      <ymin>40</ymin>
      <xmax>208</xmax>
      <ymax>91</ymax>
    </bndbox>
  </object>
</annotation>
