<annotation>
  <folder>LP</folder>
  <filename>061752331_P_T05</filename>
  <path>D:\SAT_LPR_DATA_2\T05_not_done\LP\061752331_P_T05.jpg</path>
  <source>
    <database>Unknown</database>
  </source>
  <size>
    <width>191</width>
    <height>94</height>
    <depth>1</depth>
  </size>
  <segmented>0</segmented>
  <object>
    <name>8</name>
    <pose>Unspecified</pose>
    <truncated>0</truncated>
    <difficult>0</difficult>
    <bndbox>
      <xmin>10</xmin>
      <ymin>29</ymin>
      <xmax>32</xmax>
      <ymax>72</ymax>
    </bndbox>
  </object>
  <object>
    <name>3</name>
    <pose>Unspecified</pose>
    <truncated>0</truncated>
    <difficult>0</difficult>
    <bndbox>
      <xmin>35</xmin>
      <ymin>31</ymin>
      <xmax>55</xmax>
      <ymax>74</ymax>
    </bndbox>
  </object>
  <object>
    <name>&#46020;</name>
    <pose>Unspecified</pose>
    <truncated>0</truncated>
    <difficult>0</difficult>
    <bndbox>
      <xmin>58</xmin>
      <ymin>39</ymin>
      <xmax>80</xmax>
      <ymax>75</ymax>
    </bndbox>
  </object>
  <object>
    <name>5</name>
    <pose>Unspecified</pose>
    <truncated>0</truncated>
    <difficult>0</difficult>
    <bndbox>
      <xmin>85</xmin>
      <ymin>33</ymin>
      <xmax>106</xmax>
      <ymax>77</ymax>
    </bndbox>
  </object>
  <object>
    <name>6</name>
    <pose>Unspecified</pose>
    <truncated>0</truncated>
    <difficult>0</difficult>
    <bndbox>
      <xmin>109</xmin>
      <ymin>35</ymin>
      <xmax>131</xmax>
      <ymax>78</ymax>
    </bndbox>
  </object>
  <object>
    <name>2</name>
    <pose>Unspecified</pose>
    <truncated>0</truncated>
    <difficult>0</difficult>
    <bndbox>
      <xmin>135</xmin>
      <ymin>35</ymin>
      <xmax>155</xmax>
      <ymax>79</ymax>
    </bndbox>
  </object>
  <object>
    <name>0</name>
    <pose>Unspecified</pose>
    <truncated>0</truncated>
    <difficult>0</difficult>
    <bndbox>
      <xmin>159</xmin>
      <ymin>36</ymin>
      <xmax>181</xmax>
      <ymax>80</ymax>
    </bndbox>
  </object>
</annotation>
