<annotation>
  <folder>LP</folder>
  <filename>061846706_P_T05</filename>
  <path>D:\SAT_LPR_DATA_2\T05_not_done\LP\061846706_P_T05.jpg</path>
  <source>
    <database>Unknown</database>
  </source>
  <size>
    <width>218</width>
    <height>118</height>
    <depth>1</depth>
  </size>
  <segmented>0</segmented>
  <object>
    <name>8</name>
    <pose>Unspecified</pose>
    <truncated>0</truncated>
    <difficult>0</difficult>
    <bndbox>
      <xmin>12</xmin>
      <ymin>44</ymin>
      <xmax>36</xmax>
      <ymax>94</ymax>
    </bndbox>
  </object>
  <object>
    <name>3</name>
    <pose>Unspecified</pose>
    <truncated>0</truncated>
    <difficult>0</difficult>
    <bndbox>
      <xmin>39</xmin>
      <ymin>44</ymin>
      <xmax>63</xmax>
      <ymax>94</ymax>
    </bndbox>
  </object>
  <object>
    <name>&#45208;</name>
    <pose>Unspecified</pose>
    <truncated>0</truncated>
    <difficult>0</difficult>
    <bndbox>
      <xmin>65</xmin>
      <ymin>51</ymin>
      <xmax>92</xmax>
      <ymax>92</ymax>
    </bndbox>
  </object>
  <object>
    <name>5</name>
    <pose>Unspecified</pose>
    <truncated>0</truncated>
    <difficult>0</difficult>
    <bndbox>
      <xmin>97</xmin>
      <ymin>41</ymin>
      <xmax>122</xmax>
      <ymax>93</ymax>
    </bndbox>
  </object>
  <object>
    <name>3</name>
    <pose>Unspecified</pose>
    <truncated>0</truncated>
    <difficult>0</difficult>
    <bndbox>
      <xmin>124</xmin>
      <ymin>40</ymin>
      <xmax>149</xmax>
      <ymax>91</ymax>
    </bndbox>
  </object>
  <object>
    <name>8</name>
    <pose>Unspecified</pose>
    <truncated>0</truncated>
    <difficult>0</difficult>
    <bndbox>
      <xmin>153</xmin>
      <ymin>38</ymin>
      <xmax>179</xmax>
      <ymax>90</ymax>
    </bndbox>
  </object>
  <object>
    <name>9</name>
    <pose>Unspecified</pose>
    <truncated>0</truncated>
    <difficult>0</difficult>
    <bndbox>
      <xmin>181</xmin>
      <ymin>37</ymin>
      <xmax>207</xmax>
      <ymax>90</ymax>
    </bndbox>
  </object>
</annotation>
