<annotation>
  <folder>LP</folder>
  <filename>061805576_P_T05</filename>
  <path>D:\SAT_LPR_DATA_2\T05_not_done\LP\061805576_P_T05.jpg</path>
  <source>
    <database>Unknown</database>
  </source>
  <size>
    <width>214</width>
    <height>126</height>
    <depth>1</depth>
  </size>
  <segmented>0</segmented>
  <object>
    <name>9</name>
    <pose>Unspecified</pose>
    <truncated>0</truncated>
    <difficult>0</difficult>
    <bndbox>
      <xmin>12</xmin>
      <ymin>40</ymin>
      <xmax>35</xmax>
      <ymax>89</ymax>
    </bndbox>
  </object>
  <object>
    <name>3</name>
    <pose>Unspecified</pose>
    <truncated>0</truncated>
    <difficult>0</difficult>
    <bndbox>
      <xmin>38</xmin>
      <ymin>41</ymin>
      <xmax>62</xmax>
      <ymax>92</ymax>
    </bndbox>
  </object>
  <object>
    <name>&#44396;</name>
    <pose>Unspecified</pose>
    <truncated>0</truncated>
    <difficult>0</difficult>
    <bndbox>
      <xmin>64</xmin>
      <ymin>52</ymin>
      <xmax>88</xmax>
      <ymax>94</ymax>
    </bndbox>
  </object>
  <object>
    <name>9</name>
    <pose>Unspecified</pose>
    <truncated>0</truncated>
    <difficult>0</difficult>
    <bndbox>
      <xmin>92</xmin>
      <ymin>45</ymin>
      <xmax>117</xmax>
      <ymax>95</ymax>
    </bndbox>
  </object>
  <object>
    <name>7</name>
    <pose>Unspecified</pose>
    <truncated>0</truncated>
    <difficult>0</difficult>
    <bndbox>
      <xmin>118</xmin>
      <ymin>47</ymin>
      <xmax>144</xmax>
      <ymax>97</ymax>
    </bndbox>
  </object>
  <object>
    <name>5</name>
    <pose>Unspecified</pose>
    <truncated>0</truncated>
    <difficult>0</difficult>
    <bndbox>
      <xmin>148</xmin>
      <ymin>48</ymin>
      <xmax>172</xmax>
      <ymax>100</ymax>
    </bndbox>
  </object>
  <object>
    <name>0</name>
    <pose>Unspecified</pose>
    <truncated>0</truncated>
    <difficult>0</difficult>
    <bndbox>
      <xmin>175</xmin>
      <ymin>49</ymin>
      <xmax>200</xmax>
      <ymax>102</ymax>
    </bndbox>
  </object>
</annotation>
