<annotation>
  <folder>LP</folder>
  <filename>061819390_P_T05</filename>
  <path>D:\SAT_LPR_DATA_2\T05_not_done\LP\061819390_P_T05.jpg</path>
  <source>
    <database>Unknown</database>
  </source>
  <size>
    <width>237</width>
    <height>119</height>
    <depth>1</depth>
  </size>
  <segmented>0</segmented>
  <object>
    <name>9</name>
    <pose>Unspecified</pose>
    <truncated>0</truncated>
    <difficult>0</difficult>
    <bndbox>
      <xmin>24</xmin>
      <ymin>45</ymin>
      <xmax>49</xmax>
      <ymax>93</ymax>
    </bndbox>
  </object>
  <object>
    <name>5</name>
    <pose>Unspecified</pose>
    <truncated>0</truncated>
    <difficult>0</difficult>
    <bndbox>
      <xmin>53</xmin>
      <ymin>45</ymin>
      <xmax>80</xmax>
      <ymax>92</ymax>
    </bndbox>
  </object>
  <object>
    <name>&#51312;</name>
    <pose>Unspecified</pose>
    <truncated>0</truncated>
    <difficult>0</difficult>
    <bndbox>
      <xmin>81</xmin>
      <ymin>53</ymin>
      <xmax>108</xmax>
      <ymax>93</ymax>
    </bndbox>
  </object>
  <object>
    <name>1</name>
    <pose>Unspecified</pose>
    <truncated>0</truncated>
    <difficult>0</difficult>
    <bndbox>
      <xmin>109</xmin>
      <ymin>42</ymin>
      <xmax>135</xmax>
      <ymax>92</ymax>
    </bndbox>
  </object>
  <object>
    <name>5</name>
    <pose>Unspecified</pose>
    <truncated>0</truncated>
    <difficult>0</difficult>
    <bndbox>
      <xmin>139</xmin>
      <ymin>43</ymin>
      <xmax>165</xmax>
      <ymax>92</ymax>
    </bndbox>
  </object>
  <object>
    <name>7</name>
    <pose>Unspecified</pose>
    <truncated>0</truncated>
    <difficult>0</difficult>
    <bndbox>
      <xmin>165</xmin>
      <ymin>41</ymin>
      <xmax>189</xmax>
      <ymax>91</ymax>
    </bndbox>
  </object>
  <object>
    <name>7</name>
    <pose>Unspecified</pose>
    <truncated>0</truncated>
    <difficult>0</difficult>
    <bndbox>
      <xmin>192</xmin>
      <ymin>41</ymin>
      <xmax>217</xmax>
      <ymax>91</ymax>
    </bndbox>
  </object>
</annotation>
