<annotation>
  <folder>LP</folder>
  <filename>062000706_P_T05</filename>
  <path>D:\SAT_LPR_DATA_2\T05_not_done\LP\062000706_P_T05.jpg</path>
  <source>
    <database>Unknown</database>
  </source>
  <size>
    <width>225</width>
    <height>135</height>
    <depth>1</depth>
  </size>
  <segmented>0</segmented>
  <object>
    <name>9</name>
    <pose>Unspecified</pose>
    <truncated>0</truncated>
    <difficult>0</difficult>
    <bndbox>
      <xmin>14</xmin>
      <ymin>44</ymin>
      <xmax>39</xmax>
      <ymax>96</ymax>
    </bndbox>
  </object>
  <object>
    <name>3</name>
    <pose>Unspecified</pose>
    <truncated>0</truncated>
    <difficult>0</difficult>
    <bndbox>
      <xmin>42</xmin>
      <ymin>46</ymin>
      <xmax>66</xmax>
      <ymax>98</ymax>
    </bndbox>
  </object>
  <object>
    <name>&#44396;</name>
    <pose>Unspecified</pose>
    <truncated>0</truncated>
    <difficult>0</difficult>
    <bndbox>
      <xmin>68</xmin>
      <ymin>57</ymin>
      <xmax>94</xmax>
      <ymax>101</ymax>
    </bndbox>
  </object>
  <object>
    <name>9</name>
    <pose>Unspecified</pose>
    <truncated>0</truncated>
    <difficult>0</difficult>
    <bndbox>
      <xmin>99</xmin>
      <ymin>51</ymin>
      <xmax>125</xmax>
      <ymax>103</ymax>
    </bndbox>
  </object>
  <object>
    <name>7</name>
    <pose>Unspecified</pose>
    <truncated>0</truncated>
    <difficult>0</difficult>
    <bndbox>
      <xmin>126</xmin>
      <ymin>53</ymin>
      <xmax>153</xmax>
      <ymax>106</ymax>
    </bndbox>
  </object>
  <object>
    <name>5</name>
    <pose>Unspecified</pose>
    <truncated>0</truncated>
    <difficult>0</difficult>
    <bndbox>
      <xmin>156</xmin>
      <ymin>57</ymin>
      <xmax>181</xmax>
      <ymax>109</ymax>
    </bndbox>
  </object>
  <object>
    <name>7</name>
    <pose>Unspecified</pose>
    <truncated>0</truncated>
    <difficult>0</difficult>
    <bndbox>
      <xmin>183</xmin>
      <ymin>58</ymin>
      <xmax>209</xmax>
      <ymax>111</ymax>
    </bndbox>
  </object>
</annotation>
