<annotation>
  <folder>LP</folder>
  <filename>062139412_P_T05</filename>
  <path>D:\SAT_LPR_DATA_2\T05_not_done\LP\062139412_P_T05.jpg</path>
  <source>
    <database>Unknown</database>
  </source>
  <size>
    <width>246</width>
    <height>141</height>
    <depth>1</depth>
  </size>
  <segmented>0</segmented>
  <object>
    <name>8</name>
    <pose>Unspecified</pose>
    <truncated>0</truncated>
    <difficult>0</difficult>
    <bndbox>
      <xmin>19</xmin>
      <ymin>44</ymin>
      <xmax>44</xmax>
      <ymax>100</ymax>
    </bndbox>
  </object>
  <object>
    <name>1</name>
    <pose>Unspecified</pose>
    <truncated>0</truncated>
    <difficult>0</difficult>
    <bndbox>
      <xmin>49</xmin>
      <ymin>47</ymin>
      <xmax>72</xmax>
      <ymax>101</ymax>
    </bndbox>
  </object>
  <object>
    <name>&#51200;</name>
    <pose>Unspecified</pose>
    <truncated>0</truncated>
    <difficult>0</difficult>
    <bndbox>
      <xmin>77</xmin>
      <ymin>58</ymin>
      <xmax>103</xmax>
      <ymax>104</ymax>
    </bndbox>
  </object>
  <object>
    <name>5</name>
    <pose>Unspecified</pose>
    <truncated>0</truncated>
    <difficult>0</difficult>
    <bndbox>
      <xmin>110</xmin>
      <ymin>52</ymin>
      <xmax>135</xmax>
      <ymax>107</ymax>
    </bndbox>
  </object>
  <object>
    <name>3</name>
    <pose>Unspecified</pose>
    <truncated>0</truncated>
    <difficult>0</difficult>
    <bndbox>
      <xmin>138</xmin>
      <ymin>53</ymin>
      <xmax>164</xmax>
      <ymax>109</ymax>
    </bndbox>
  </object>
  <object>
    <name>5</name>
    <pose>Unspecified</pose>
    <truncated>0</truncated>
    <difficult>0</difficult>
    <bndbox>
      <xmin>170</xmin>
      <ymin>55</ymin>
      <xmax>196</xmax>
      <ymax>111</ymax>
    </bndbox>
  </object>
  <object>
    <name>3</name>
    <pose>Unspecified</pose>
    <truncated>0</truncated>
    <difficult>0</difficult>
    <bndbox>
      <xmin>199</xmin>
      <ymin>57</ymin>
      <xmax>226</xmax>
      <ymax>114</ymax>
    </bndbox>
  </object>
</annotation>
