<annotation>
  <folder>LP</folder>
  <filename>062148909_P_T05</filename>
  <path>D:\SAT_LPR_DATA_2\T05_not_done\LP\062148909_P_T05.jpg</path>
  <source>
    <database>Unknown</database>
  </source>
  <size>
    <width>176</width>
    <height>113</height>
    <depth>1</depth>
  </size>
  <segmented>0</segmented>
  <object>
    <name>9</name>
    <pose>Unspecified</pose>
    <truncated>0</truncated>
    <difficult>0</difficult>
    <bndbox>
      <xmin>8</xmin>
      <ymin>34</ymin>
      <xmax>28</xmax>
      <ymax>75</ymax>
    </bndbox>
  </object>
  <object>
    <name>7</name>
    <pose>Unspecified</pose>
    <truncated>0</truncated>
    <difficult>0</difficult>
    <bndbox>
      <xmin>30</xmin>
      <ymin>37</ymin>
      <xmax>51</xmax>
      <ymax>76</ymax>
    </bndbox>
  </object>
  <object>
    <name>&#51312;</name>
    <pose>Unspecified</pose>
    <truncated>0</truncated>
    <difficult>0</difficult>
    <bndbox>
      <xmin>52</xmin>
      <ymin>46</ymin>
      <xmax>73</xmax>
      <ymax>80</ymax>
    </bndbox>
  </object>
  <object>
    <name>4</name>
    <pose>Unspecified</pose>
    <truncated>0</truncated>
    <difficult>0</difficult>
    <bndbox>
      <xmin>76</xmin>
      <ymin>42</ymin>
      <xmax>97</xmax>
      <ymax>82</ymax>
    </bndbox>
  </object>
  <object>
    <name>8</name>
    <pose>Unspecified</pose>
    <truncated>0</truncated>
    <difficult>0</difficult>
    <bndbox>
      <xmin>100</xmin>
      <ymin>43</ymin>
      <xmax>119</xmax>
      <ymax>84</ymax>
    </bndbox>
  </object>
  <object>
    <name>1</name>
    <pose>Unspecified</pose>
    <truncated>0</truncated>
    <difficult>0</difficult>
    <bndbox>
      <xmin>123</xmin>
      <ymin>45</ymin>
      <xmax>143</xmax>
      <ymax>86</ymax>
    </bndbox>
  </object>
  <object>
    <name>5</name>
    <pose>Unspecified</pose>
    <truncated>0</truncated>
    <difficult>0</difficult>
    <bndbox>
      <xmin>145</xmin>
      <ymin>48</ymin>
      <xmax>166</xmax>
      <ymax>89</ymax>
    </bndbox>
  </object>
</annotation>
