<annotation>
  <folder>LP</folder>
  <filename>062140162_P_T05</filename>
  <path>D:\SAT_LPR_DATA_2\T05_not_done\LP\062140162_P_T05.jpg</path>
  <source>
    <database>Unknown</database>
  </source>
  <size>
    <width>229</width>
    <height>121</height>
    <depth>1</depth>
  </size>
  <segmented>0</segmented>
  <object>
    <name>8</name>
    <pose>Unspecified</pose>
    <truncated>0</truncated>
    <difficult>0</difficult>
    <bndbox>
      <xmin>13</xmin>
      <ymin>41</ymin>
      <xmax>39</xmax>
      <ymax>91</ymax>
    </bndbox>
  </object>
  <object>
    <name>9</name>
    <pose>Unspecified</pose>
    <truncated>0</truncated>
    <difficult>0</difficult>
    <bndbox>
      <xmin>42</xmin>
      <ymin>41</ymin>
      <xmax>66</xmax>
      <ymax>91</ymax>
    </bndbox>
  </object>
  <object>
    <name>&#51200;</name>
    <pose>Unspecified</pose>
    <truncated>0</truncated>
    <difficult>0</difficult>
    <bndbox>
      <xmin>70</xmin>
      <ymin>51</ymin>
      <xmax>94</xmax>
      <ymax>92</ymax>
    </bndbox>
  </object>
  <object>
    <name>2</name>
    <pose>Unspecified</pose>
    <truncated>0</truncated>
    <difficult>0</difficult>
    <bndbox>
      <xmin>100</xmin>
      <ymin>43</ymin>
      <xmax>125</xmax>
      <ymax>93</ymax>
    </bndbox>
  </object>
  <object>
    <name>9</name>
    <pose>Unspecified</pose>
    <truncated>0</truncated>
    <difficult>0</difficult>
    <bndbox>
      <xmin>127</xmin>
      <ymin>43</ymin>
      <xmax>153</xmax>
      <ymax>93</ymax>
    </bndbox>
  </object>
  <object>
    <name>7</name>
    <pose>Unspecified</pose>
    <truncated>0</truncated>
    <difficult>0</difficult>
    <bndbox>
      <xmin>155</xmin>
      <ymin>44</ymin>
      <xmax>180</xmax>
      <ymax>93</ymax>
    </bndbox>
  </object>
  <object>
    <name>1</name>
    <pose>Unspecified</pose>
    <truncated>0</truncated>
    <difficult>0</difficult>
    <bndbox>
      <xmin>186</xmin>
      <ymin>44</ymin>
      <xmax>212</xmax>
      <ymax>94</ymax>
    </bndbox>
  </object>
</annotation>
